#
# There is insufficient memory for the Java Runtime Environment to continue.
# Native memory allocation (mmap) failed to map 65536 bytes for Failed to commit metaspace.
# Possible reasons:
#   The system is out of physical RAM or swap space
#   The process is running with CompressedOops enabled, and the Java Heap may be blocking the growth of the native heap
# Possible solutions:
#   Reduce memory load on the system
#   Increase physical memory or swap space
#   Check if swap backing store is full
#   Decrease Java heap size (-Xmx/-Xms)
#   Decrease number of Java threads
#   Decrease Java thread stack sizes (-Xss)
#   Set larger code cache with -XX:ReservedCodeCacheSize=
#   JVM is running with Zero Based Compressed Oops mode in which the Java heap is
#     placed in the first 32GB address space. The Java Heap base address is the
#     maximum limit for the native heap growth. Please use -XX:HeapBaseMinAddress
#     to set the Java Heap base and to place the Java Heap above 32GB virtual address.
# This output file may be truncated or incomplete.
#
#  Out of Memory Error (virtualSpaceNode.cpp:110), pid=13520, tid=508
#
# JRE version: OpenJDK Runtime Environment (17.0.6) (build 17.0.6+0-b2043.56-10027231)
# Java VM: OpenJDK 64-Bit Server VM (17.0.6+0-b2043.56-10027231, mixed mode, tiered, compressed oops, compressed class ptrs, g1 gc, windows-amd64)
# No core dump will be written. Minidumps are not enabled by default on client versions of Windows
#

---------------  S U M M A R Y ------------

Command Line: --add-opens=java.base/java.util=ALL-UNNAMED --add-opens=java.base/java.lang=ALL-UNNAMED --add-opens=java.base/java.lang.invoke=ALL-UNNAMED --add-opens=java.base/java.util=ALL-UNNAMED --add-opens=java.prefs/java.util.prefs=ALL-UNNAMED --add-opens=java.prefs/java.util.prefs=ALL-UNNAMED --add-opens=java.base/java.nio.charset=ALL-UNNAMED --add-opens=java.base/java.net=ALL-UNNAMED --add-opens=java.base/java.util.concurrent.atomic=ALL-UNNAMED -Xmx4G -Dfile.encoding=windows-1252 -Duser.country=US -Duser.language=en -Duser.variant org.gradle.launcher.daemon.bootstrap.GradleDaemon 7.5

Host: Intel(R) Core(TM) i5-3380M CPU @ 2.90GHz, 4 cores, 7G,  Windows 10 , 64 bit Build 19041 (10.0.19041.3636)
Time: Wed Jan  8 18:05:16 2025 Syria Standard Time elapsed time: 9735.531731 seconds (0d 2h 42m 15s)

---------------  T H R E A D  ---------------

Current thread (0x0000023beb678f60):  JavaThread "Exec process Thread 17" [_thread_in_vm, id=508, stack(0x0000006d2fd00000,0x0000006d2fe00000)]

Stack: [0x0000006d2fd00000,0x0000006d2fe00000]
Native frames: (J=compiled Java code, j=interpreted, Vv=VM code, C=native code)
V  [jvm.dll+0x683c9a]
V  [jvm.dll+0x8427a4]
V  [jvm.dll+0x843f9e]
V  [jvm.dll+0x844603]
V  [jvm.dll+0x249b75]
V  [jvm.dll+0x83e7fb]
V  [jvm.dll+0x628006]
V  [jvm.dll+0x62806a]
V  [jvm.dll+0x62a87a]
V  [jvm.dll+0x6289a6]
V  [jvm.dll+0x246f6c]
V  [jvm.dll+0x6dabdd]
V  [jvm.dll+0x6db60f]
V  [jvm.dll+0x375330]
V  [jvm.dll+0x3744a2]
V  [jvm.dll+0x374448]
V  [jvm.dll+0x3843ba]
C  0x0000023bd651b66e

Java frames: (J=compiled Java code, j=interpreted, Vv=VM code)
j  org.gradle.internal.logging.text.AbstractStyledTextOutput.exception(Ljava/lang/Throwable;)Lorg/gradle/internal/logging/text/StyledTextOutput;+8
J 18119 c1 org.gradle.internal.logging.events.LogEvent.render(Lorg/gradle/internal/logging/text/StyledTextOutput;)V (37 bytes) @ 0x0000023bd0ced524 [0x0000023bd0ced260+0x00000000000002c4]
J 18048 c1 org.gradle.internal.logging.console.StyledTextOutputBackedRenderer.onOutput(Lorg/gradle/internal/logging/events/OutputEvent;)V (260 bytes) @ 0x0000023bd0cc9adc [0x0000023bd0cc78a0+0x000000000000223c]
J 6068 c1 org.gradle.internal.logging.sink.LogEventDispatcher.onOutput(Lorg/gradle/internal/logging/events/OutputEvent;)V (60 bytes) @ 0x0000023bcfa1ca04 [0x0000023bcfa1c3e0+0x0000000000000624]
j  org.gradle.internal.logging.sink.OutputEventRenderer$LazyListener.onOutput(Lorg/gradle/internal/logging/events/OutputEvent;)V+89
J 17888 c2 jdk.internal.reflect.GeneratedMethodAccessor1.invoke(Ljava/lang/Object;[Ljava/lang/Object;)Ljava/lang/Object; (68 bytes) @ 0x0000023bd73f62c8 [0x0000023bd73f6220+0x00000000000000a8]
J 17889 c2 org.gradle.internal.dispatch.ReflectionDispatch.dispatch(Ljava/lang/Object;)V (9 bytes) @ 0x0000023bd73f7500 [0x0000023bd73f7400+0x0000000000000100]
J 18245 c2 org.gradle.internal.event.BroadcastDispatch$SingletonDispatch.dispatch(Ljava/lang/Object;)V (9 bytes) @ 0x0000023bd74323fc [0x0000023bd74323a0+0x000000000000005c]
J 18296 c2 org.gradle.internal.event.ListenerBroadcast.dispatch(Ljava/lang/Object;)V (9 bytes) @ 0x0000023bd74518d0 [0x0000023bd7451760+0x0000000000000170]
J 25649 c2 jdk.proxy1.$Proxy0.onOutput(Lorg/gradle/internal/logging/events/OutputEvent;)V jdk.proxy1 (34 bytes) @ 0x0000023bd7cfbbbc [0x0000023bd7cfb760+0x000000000000045c]
j  org.gradle.internal.logging.sink.OutputEventTransformer.onOutput(Lorg/gradle/internal/logging/events/OutputEvent;)V+380
J 25651 c2 org.gradle.internal.logging.slf4j.BuildOperationAwareLogger.log(Lorg/gradle/api/logging/LogLevel;Ljava/lang/Throwable;Ljava/lang/String;)V (14 bytes) @ 0x0000023bd7cfdae4 [0x0000023bd7cfd380+0x0000000000000764]
j  org.gradle.internal.logging.slf4j.BuildOperationAwareLogger.error(Ljava/lang/String;Ljava/lang/Throwable;)V+13
j  org.gradle.internal.logging.slf4j.OutputEventListenerBackedLogger.error(Ljava/lang/String;Ljava/lang/Throwable;)V+3
j  org.gradle.process.internal.streams.ExecOutputHandleRunner.forwardContent()V+113
j  org.gradle.process.internal.streams.ExecOutputHandleRunner.run()V+1
j  org.gradle.internal.operations.CurrentBuildOperationPreservingRunnable.run()V+34
J 18389 c2 org.gradle.internal.concurrent.ManagedExecutorImpl$1.run()V (57 bytes) @ 0x0000023bd746588c [0x0000023bd7465540+0x000000000000034c]
J 18752 c1 java.util.concurrent.ThreadPoolExecutor.runWorker(Ljava/util/concurrent/ThreadPoolExecutor$Worker;)V java.base@17.0.6 (187 bytes) @ 0x0000023bcf1ce3c4 [0x0000023bcf1cdaa0+0x0000000000000924]
J 23055 c1 java.util.concurrent.ThreadPoolExecutor$Worker.run()V java.base@17.0.6 (9 bytes) @ 0x0000023bcff15cc4 [0x0000023bcff15c40+0x0000000000000084]
J 23053 c1 java.lang.Thread.run()V java.base@17.0.6 (17 bytes) @ 0x0000023bcf4ac704 [0x0000023bcf4ac5c0+0x0000000000000144]
v  ~StubRoutines::call_stub

---------------  P R O C E S S  ---------------

Threads class SMR info:
_java_thread_list=0x0000023bf68ba210, length=91, elements={
0x0000023bca3479f0, 0x0000023beb015630, 0x0000023beb0163b0, 0x0000023bea4795e0,
0x0000023beb042c50, 0x0000023beb045520, 0x0000023beb045de0, 0x0000023beb048a90,
0x0000023beb04d4a0, 0x0000023beb0b7fd0, 0x0000023beb1c3e40, 0x0000023beb1d8bc0,
0x0000023bebe7f130, 0x0000023bebc6d200, 0x0000023bec0f2580, 0x0000023bedcea290,
0x0000023bedcea760, 0x0000023bede8f4c0, 0x0000023bede91b40, 0x0000023bede8bfd0,
0x0000023bede8e650, 0x0000023bede8eff0, 0x0000023bede8d7e0, 0x0000023bede90800,
0x0000023bede90cd0, 0x0000023bede8ac90, 0x0000023bede8e180, 0x0000023bede8c4a0,
0x0000023beb3f2830, 0x0000023beb3f14f0, 0x0000023beb3ee4d0, 0x0000023beb3f36a0,
0x0000023beb3ef810, 0x0000023beb3efce0, 0x0000023beb3f4040, 0x0000023beb3f0680,
0x0000023beb3ed660, 0x0000023beb3f2360, 0x0000023beb3edb30, 0x0000023beb3ee000,
0x0000023beb3eee70, 0x0000023bef30c550, 0x0000023bef30e230, 0x0000023bef309530,
0x0000023bef30dd60, 0x0000023bef30cef0, 0x0000023bef309a00, 0x0000023bef30f570,
0x0000023bef30ff10, 0x0000023bef30e700, 0x0000023bef30b6e0, 0x0000023bef30ebd0,
0x0000023bef30bbb0, 0x0000023bef30fa40, 0x0000023bef30a3a0, 0x0000023bef309ed0,
0x0000023bef30d3c0, 0x0000023bef30b210, 0x0000023bef30a870, 0x0000023bef30c080,
0x0000023bef30ca20, 0x0000023bef3108b0, 0x0000023bef30d890, 0x0000023bef30f0a0,
0x0000023bef3103e0, 0x0000023bef309060, 0x0000023bf701bce0, 0x0000023bf701e360,
0x0000023bf7021380, 0x0000023bf701ae70, 0x0000023bf7021850, 0x0000023bf7021d20,
0x0000023bf701cb50, 0x0000023bf701d9c0, 0x0000023bf70221f0, 0x0000023bf701c680,
0x0000023bf701d020, 0x0000023bf701d4f0, 0x0000023bf701e830, 0x0000023bf701ed00,
0x0000023bf70226c0, 0x0000023bf701b340, 0x0000023bf701b810, 0x0000023bf701f1d0,
0x0000023bf701f6a0, 0x0000023bf701fb70, 0x0000023bf7020040, 0x0000023beb674260,
0x0000023beb67a2a0, 0x0000023beb678f60, 0x0000023beb679430
}

Java Threads: ( => current thread )
  0x0000023bca3479f0 JavaThread "main" [_thread_blocked, id=9184, stack(0x0000006d29b00000,0x0000006d29c00000)]
  0x0000023beb015630 JavaThread "Reference Handler" daemon [_thread_blocked, id=8376, stack(0x0000006d2a200000,0x0000006d2a300000)]
  0x0000023beb0163b0 JavaThread "Finalizer" daemon [_thread_blocked, id=10952, stack(0x0000006d2a300000,0x0000006d2a400000)]
  0x0000023bea4795e0 JavaThread "Signal Dispatcher" daemon [_thread_blocked, id=5820, stack(0x0000006d2a400000,0x0000006d2a500000)]
  0x0000023beb042c50 JavaThread "Attach Listener" daemon [_thread_blocked, id=13720, stack(0x0000006d2a500000,0x0000006d2a600000)]
  0x0000023beb045520 JavaThread "Service Thread" daemon [_thread_blocked, id=13924, stack(0x0000006d2a600000,0x0000006d2a700000)]
  0x0000023beb045de0 JavaThread "Monitor Deflation Thread" daemon [_thread_blocked, id=7836, stack(0x0000006d2a700000,0x0000006d2a800000)]
  0x0000023beb048a90 JavaThread "C2 CompilerThread0" daemon [_thread_blocked, id=2056, stack(0x0000006d2a800000,0x0000006d2a900000)]
  0x0000023beb04d4a0 JavaThread "C1 CompilerThread0" daemon [_thread_blocked, id=13928, stack(0x0000006d2a900000,0x0000006d2aa00000)]
  0x0000023beb0b7fd0 JavaThread "Sweeper thread" daemon [_thread_blocked, id=8712, stack(0x0000006d2aa00000,0x0000006d2ab00000)]
  0x0000023beb1c3e40 JavaThread "Common-Cleaner" daemon [_thread_blocked, id=6812, stack(0x0000006d2ab00000,0x0000006d2ac00000)]
  0x0000023beb1d8bc0 JavaThread "Notification Thread" daemon [_thread_blocked, id=11616, stack(0x0000006d2ac00000,0x0000006d2ad00000)]
  0x0000023bebe7f130 JavaThread "Daemon health stats" [_thread_blocked, id=13376, stack(0x0000006d2b200000,0x0000006d2b300000)]
  0x0000023bebc6d200 JavaThread "Incoming local TCP Connector on port 55784" [_thread_in_native, id=4360, stack(0x0000006d2b300000,0x0000006d2b400000)]
  0x0000023bec0f2580 JavaThread "Daemon periodic checks" [_thread_blocked, id=14148, stack(0x0000006d2b400000,0x0000006d2b500000)]
  0x0000023bedcea290 JavaThread "Cache worker for journal cache (C:\Users\ALI_S\.gradle\caches\journal-1)" [_thread_blocked, id=8176, stack(0x0000006d2bc00000,0x0000006d2bd00000)]
  0x0000023bedcea760 JavaThread "File lock request listener" [_thread_in_native, id=10928, stack(0x0000006d2bd00000,0x0000006d2be00000)]
  0x0000023bede8f4c0 JavaThread "Cache worker for file hash cache (C:\Users\ALI_S\.gradle\caches\7.5\fileHashes)" [_thread_blocked, id=808, stack(0x0000006d2ae00000,0x0000006d2af00000)]
  0x0000023bede91b40 JavaThread "File watcher server" daemon [_thread_in_native, id=1576, stack(0x0000006d2c000000,0x0000006d2c100000)]
  0x0000023bede8bfd0 JavaThread "File watcher consumer" daemon [_thread_blocked, id=14040, stack(0x0000006d2c100000,0x0000006d2c200000)]
  0x0000023bede8e650 JavaThread "Cache worker for file content cache (C:\Users\ALI_S\.gradle\caches\7.5\fileContent)" [_thread_blocked, id=13128, stack(0x0000006d2c400000,0x0000006d2c500000)]
  0x0000023bede8eff0 JavaThread "Cache worker for execution history cache (C:\Users\ALI_S\.gradle\caches\7.5\executionHistory)" [_thread_blocked, id=6732, stack(0x0000006d2c700000,0x0000006d2c800000)]
  0x0000023bede8d7e0 JavaThread "jar transforms" [_thread_blocked, id=9404, stack(0x0000006d2c800000,0x0000006d2c900000)]
  0x0000023bede90800 JavaThread "Cache worker for kotlin-dsl (C:\Users\ALI_S\.gradle\caches\7.5\kotlin-dsl)" [_thread_blocked, id=10616, stack(0x0000006d2c900000,0x0000006d2ca00000)]
  0x0000023bede90cd0 JavaThread "jar transforms Thread 2" [_thread_blocked, id=9280, stack(0x0000006d2ca00000,0x0000006d2cb00000)]
  0x0000023bede8ac90 JavaThread "jar transforms Thread 3" [_thread_blocked, id=13980, stack(0x0000006d2cd00000,0x0000006d2ce00000)]
  0x0000023bede8e180 JavaThread "Memory manager" [_thread_blocked, id=3836, stack(0x0000006d2ce00000,0x0000006d2cf00000)]
  0x0000023bede8c4a0 JavaThread "jar transforms Thread 4" [_thread_blocked, id=13576, stack(0x0000006d2cf00000,0x0000006d2d000000)]
  0x0000023beb3f2830 JavaThread "Daemon Thread 6" [_thread_blocked, id=3436, stack(0x0000006d29800000,0x0000006d29900000)]
  0x0000023beb3f14f0 JavaThread "Handler for socket connection from /127.0.0.1:55784 to /127.0.0.1:62174" [_thread_in_native, id=10484, stack(0x0000006d29900000,0x0000006d29a00000)]
  0x0000023beb3ee4d0 JavaThread "Cancel handler" [_thread_blocked, id=10780, stack(0x0000006d29a00000,0x0000006d29b00000)]
  0x0000023beb3f36a0 JavaThread "Daemon worker Thread 6" [_thread_blocked, id=12540, stack(0x0000006d2b500000,0x0000006d2b600000)]
  0x0000023beb3ef810 JavaThread "Asynchronous log dispatcher for DefaultDaemonConnection: socket connection from /127.0.0.1:55784 to /127.0.0.1:62174" [_thread_blocked, id=12176, stack(0x0000006d2b600000,0x0000006d2b700000)]
  0x0000023beb3efce0 JavaThread "Stdin handler" [_thread_blocked, id=13300, stack(0x0000006d2b700000,0x0000006d2b800000)]
  0x0000023beb3f4040 JavaThread "Daemon client event forwarder" [_thread_blocked, id=1640, stack(0x0000006d2b800000,0x0000006d2b900000)]
  0x0000023beb3f0680 JavaThread "Cache worker for checksums cache (C:\development\flutter_app\mukawwin_3\android\.gradle\7.5\checksums)" [_thread_blocked, id=10940, stack(0x0000006d2b900000,0x0000006d2ba00000)]
  0x0000023beb3ed660 JavaThread "Cache worker for cache directory md-rule (C:\Users\ALI_S\.gradle\caches\7.5\md-rule)" [_thread_blocked, id=14276, stack(0x0000006d2ba00000,0x0000006d2bb00000)]
  0x0000023beb3f2360 JavaThread "Cache worker for file hash cache (C:\development\flutter_app\mukawwin_3\android\.gradle\7.5\fileHashes)" [_thread_blocked, id=13080, stack(0x0000006d2bb00000,0x0000006d2bc00000)]
  0x0000023beb3edb30 JavaThread "Cache worker for cache directory md-supplier (C:\Users\ALI_S\.gradle\caches\7.5\md-supplier)" [_thread_blocked, id=9208, stack(0x0000006d2be00000,0x0000006d2bf00000)]
  0x0000023beb3ee000 JavaThread "Cache worker for dependencies-accessors (C:\development\flutter_app\mukawwin_3\android\.gradle\7.5\dependencies-accessors)" [_thread_blocked, id=9828, stack(0x0000006d2c200000,0x0000006d2c300000)]
  0x0000023beb3eee70 JavaThread "Cache worker for Build Output Cleanup Cache (C:\development\flutter\packages\flutter_tools\gradle\.gradle\buildOutputCleanup)" [_thread_blocked, id=1796, stack(0x0000006d2c300000,0x0000006d2c400000)]
  0x0000023bef30c550 JavaThread "included builds" [_thread_blocked, id=7956, stack(0x0000006d2c500000,0x0000006d2c600000)]
  0x0000023bef30e230 JavaThread "Execution worker" [_thread_blocked, id=13232, stack(0x0000006d2c600000,0x0000006d2c700000)]
  0x0000023bef309530 JavaThread "Execution worker Thread 2" [_thread_blocked, id=8412, stack(0x0000006d2cb00000,0x0000006d2cc00000)]
  0x0000023bef30dd60 JavaThread "Execution worker Thread 3" [_thread_blocked, id=11824, stack(0x0000006d2cc00000,0x0000006d2cd00000)]
  0x0000023bef30cef0 JavaThread "Cache worker for execution history cache (C:\development\flutter\packages\flutter_tools\gradle\.gradle\7.5\executionHistory)" [_thread_blocked, id=1868, stack(0x0000006d2d000000,0x0000006d2d100000)]
  0x0000023bef309a00 JavaThread "Unconstrained build operations" [_thread_blocked, id=9396, stack(0x0000006d2d100000,0x0000006d2d200000)]
  0x0000023bef30f570 JavaThread "Unconstrained build operations Thread 2" [_thread_blocked, id=10316, stack(0x0000006d2d200000,0x0000006d2d300000)]
  0x0000023bef30ff10 JavaThread "Unconstrained build operations Thread 3" [_thread_blocked, id=10644, stack(0x0000006d2d300000,0x0000006d2d400000)]
  0x0000023bef30e700 JavaThread "Unconstrained build operations Thread 4" [_thread_blocked, id=14208, stack(0x0000006d2d400000,0x0000006d2d500000)]
  0x0000023bef30b6e0 JavaThread "Unconstrained build operations Thread 5" [_thread_blocked, id=6804, stack(0x0000006d2d500000,0x0000006d2d600000)]
  0x0000023bef30ebd0 JavaThread "Unconstrained build operations Thread 6" [_thread_blocked, id=3080, stack(0x0000006d2d600000,0x0000006d2d700000)]
  0x0000023bef30bbb0 JavaThread "Unconstrained build operations Thread 7" [_thread_blocked, id=10572, stack(0x0000006d2d700000,0x0000006d2d800000)]
  0x0000023bef30fa40 JavaThread "Unconstrained build operations Thread 8" [_thread_blocked, id=8672, stack(0x0000006d2d800000,0x0000006d2d900000)]
  0x0000023bef30a3a0 JavaThread "Unconstrained build operations Thread 9" [_thread_blocked, id=5332, stack(0x0000006d2d900000,0x0000006d2da00000)]
  0x0000023bef309ed0 JavaThread "Unconstrained build operations Thread 10" [_thread_blocked, id=6800, stack(0x0000006d2da00000,0x0000006d2db00000)]
  0x0000023bef30d3c0 JavaThread "Unconstrained build operations Thread 11" [_thread_blocked, id=2476, stack(0x0000006d2db00000,0x0000006d2dc00000)]
  0x0000023bef30b210 JavaThread "Unconstrained build operations Thread 12" [_thread_blocked, id=12240, stack(0x0000006d2dc00000,0x0000006d2dd00000)]
  0x0000023bef30a870 JavaThread "Unconstrained build operations Thread 13" [_thread_blocked, id=9240, stack(0x0000006d2dd00000,0x0000006d2de00000)]
  0x0000023bef30c080 JavaThread "Unconstrained build operations Thread 14" [_thread_blocked, id=8144, stack(0x0000006d2de00000,0x0000006d2df00000)]
  0x0000023bef30ca20 JavaThread "Unconstrained build operations Thread 15" [_thread_blocked, id=2704, stack(0x0000006d2df00000,0x0000006d2e000000)]
  0x0000023bef3108b0 JavaThread "Unconstrained build operations Thread 16" [_thread_blocked, id=6856, stack(0x0000006d2e000000,0x0000006d2e100000)]
  0x0000023bef30d890 JavaThread "Unconstrained build operations Thread 17" [_thread_blocked, id=12216, stack(0x0000006d2e100000,0x0000006d2e200000)]
  0x0000023bef30f0a0 JavaThread "Unconstrained build operations Thread 18" [_thread_blocked, id=14188, stack(0x0000006d2e200000,0x0000006d2e300000)]
  0x0000023bef3103e0 JavaThread "Unconstrained build operations Thread 19" [_thread_blocked, id=11584, stack(0x0000006d2e300000,0x0000006d2e400000)]
  0x0000023bef309060 JavaThread "Unconstrained build operations Thread 20" [_thread_blocked, id=456, stack(0x0000006d2e400000,0x0000006d2e500000)]
  0x0000023bf701bce0 JavaThread "Unconstrained build operations Thread 21" [_thread_blocked, id=6300, stack(0x0000006d2e500000,0x0000006d2e600000)]
  0x0000023bf701e360 JavaThread "Unconstrained build operations Thread 22" [_thread_blocked, id=9264, stack(0x0000006d2e600000,0x0000006d2e700000)]
  0x0000023bf7021380 JavaThread "Unconstrained build operations Thread 23" [_thread_blocked, id=8528, stack(0x0000006d2e700000,0x0000006d2e800000)]
  0x0000023bf701ae70 JavaThread "Unconstrained build operations Thread 24" [_thread_blocked, id=5528, stack(0x0000006d2e800000,0x0000006d2e900000)]
  0x0000023bf7021850 JavaThread "Unconstrained build operations Thread 25" [_thread_blocked, id=1880, stack(0x0000006d2e900000,0x0000006d2ea00000)]
  0x0000023bf7021d20 JavaThread "Unconstrained build operations Thread 26" [_thread_blocked, id=14056, stack(0x0000006d2ea00000,0x0000006d2eb00000)]
  0x0000023bf701cb50 JavaThread "Unconstrained build operations Thread 27" [_thread_blocked, id=3368, stack(0x0000006d2eb00000,0x0000006d2ec00000)]
  0x0000023bf701d9c0 JavaThread "Unconstrained build operations Thread 28" [_thread_blocked, id=1140, stack(0x0000006d2ec00000,0x0000006d2ed00000)]
  0x0000023bf70221f0 JavaThread "Unconstrained build operations Thread 29" [_thread_blocked, id=3540, stack(0x0000006d2ed00000,0x0000006d2ee00000)]
  0x0000023bf701c680 JavaThread "Unconstrained build operations Thread 30" [_thread_blocked, id=13352, stack(0x0000006d2ee00000,0x0000006d2ef00000)]
  0x0000023bf701d020 JavaThread "Unconstrained build operations Thread 31" [_thread_blocked, id=12564, stack(0x0000006d2ef00000,0x0000006d2f000000)]
  0x0000023bf701d4f0 JavaThread "Unconstrained build operations Thread 32" [_thread_blocked, id=6520, stack(0x0000006d2f000000,0x0000006d2f100000)]
  0x0000023bf701e830 JavaThread "Unconstrained build operations Thread 33" [_thread_blocked, id=6096, stack(0x0000006d2f100000,0x0000006d2f200000)]
  0x0000023bf701ed00 JavaThread "Unconstrained build operations Thread 34" [_thread_blocked, id=2204, stack(0x0000006d2f200000,0x0000006d2f300000)]
  0x0000023bf70226c0 JavaThread "Unconstrained build operations Thread 35" [_thread_blocked, id=3812, stack(0x0000006d2f300000,0x0000006d2f400000)]
  0x0000023bf701b340 JavaThread "Unconstrained build operations Thread 36" [_thread_blocked, id=8272, stack(0x0000006d2f400000,0x0000006d2f500000)]
  0x0000023bf701b810 JavaThread "Unconstrained build operations Thread 37" [_thread_blocked, id=2560, stack(0x0000006d2f500000,0x0000006d2f600000)]
  0x0000023bf701f1d0 JavaThread "Unconstrained build operations Thread 38" [_thread_blocked, id=13344, stack(0x0000006d2f600000,0x0000006d2f700000)]
  0x0000023bf701f6a0 JavaThread "Unconstrained build operations Thread 39" [_thread_blocked, id=12572, stack(0x0000006d2f700000,0x0000006d2f800000)]
  0x0000023bf701fb70 JavaThread "Unconstrained build operations Thread 40" [_thread_blocked, id=2576, stack(0x0000006d2f800000,0x0000006d2f900000)]
  0x0000023bf7020040 JavaThread "Cache worker for Build Output Cleanup Cache (C:\development\flutter_app\mukawwin_3\android\.gradle\buildOutputCleanup)" [_thread_blocked, id=10120, stack(0x0000006d2fb00000,0x0000006d2fc00000)]
  0x0000023beb674260 JavaThread "Cache worker for execution history cache (C:\development\flutter_app\mukawwin_3\android\.gradle\7.5\executionHistory)" [_thread_blocked, id=11296, stack(0x0000006d2fc00000,0x0000006d2fd00000)]
  0x0000023beb67a2a0 JavaThread "Exec process Thread 16" [_thread_in_native, id=6980, stack(0x0000006d2f900000,0x0000006d2fa00000)]
=>0x0000023beb678f60 JavaThread "Exec process Thread 17" [_thread_in_vm, id=508, stack(0x0000006d2fd00000,0x0000006d2fe00000)]
  0x0000023beb679430 JavaThread "Exec process Thread 18" [_thread_in_native, id=13548, stack(0x0000006d2fe00000,0x0000006d2ff00000)]

Other Threads:
  0x0000023bea45d080 VMThread "VM Thread" [stack: 0x0000006d2a100000,0x0000006d2a200000] [id=1228]
  0x0000023beb1dc0b0 WatcherThread [stack: 0x0000006d2ad00000,0x0000006d2ae00000] [id=12960]
  0x0000023bca3b2d80 GCTaskThread "GC Thread#0" [stack: 0x0000006d29c00000,0x0000006d29d00000] [id=7820]
  0x0000023beb34ae20 GCTaskThread "GC Thread#1" [stack: 0x0000006d2af00000,0x0000006d2b000000] [id=1912]
  0x0000023beb8b2fe0 GCTaskThread "GC Thread#2" [stack: 0x0000006d2b000000,0x0000006d2b100000] [id=7424]
  0x0000023bebe9a2e0 GCTaskThread "GC Thread#3" [stack: 0x0000006d2b100000,0x0000006d2b200000] [id=2424]
  0x0000023bca3c3bd0 ConcurrentGCThread "G1 Main Marker" [stack: 0x0000006d29d00000,0x0000006d29e00000] [id=12096]
  0x0000023bca3c44f0 ConcurrentGCThread "G1 Conc#0" [stack: 0x0000006d29e00000,0x0000006d29f00000] [id=13592]
  0x0000023bea2c24b0 ConcurrentGCThread "G1 Refine#0" [stack: 0x0000006d29f00000,0x0000006d2a000000] [id=2288]
  0x0000023bee27da20 ConcurrentGCThread "G1 Refine#1" [stack: 0x0000006d2bf00000,0x0000006d2c000000] [id=4476]
  0x0000023bebe62c50 ConcurrentGCThread "G1 Refine#2" [stack: 0x0000006d2fa00000,0x0000006d2fb00000] [id=5672]
  0x0000023beca843b0 ConcurrentGCThread "G1 Refine#3" [stack: 0x0000006d30200000,0x0000006d30300000] [id=9180]
  0x0000023bca400230 ConcurrentGCThread "G1 Service" [stack: 0x0000006d2a000000,0x0000006d2a100000] [id=13132]

Threads with active compile tasks:

VM state: not at safepoint (normal execution)

VM Mutex/Monitor currently owned by a thread:  ([mutex/lock_event])
[0x0000023bca342710] Metaspace_lock - owner thread: 0x0000023beb678f60

OutOfMemory and StackOverflow Exception counts:
StackOverflowErrors=1
LinkageErrors=190

Heap address: 0x0000000700000000, size: 4096 MB, Compressed Oops mode: Zero based, Oop shift amount: 3

CDS archive(s) not mapped
Compressed class space mapped at: 0x0000000800000000-0x0000000840000000, reserved size: 1073741824
Narrow klass base: 0x0000000800000000, Narrow klass shift: 0, Narrow klass range: 0x40000000

GC Precious Log:
 CPUs: 4 total, 4 available
 Memory: 8094M
 Large Page Support: Disabled
 NUMA Support: Disabled
 Compressed Oops: Enabled (Zero based)
 Heap Region Size: 2M
 Heap Min Capacity: 8M
 Heap Initial Capacity: 128M
 Heap Max Capacity: 4G
 Pre-touch: Disabled
 Parallel Workers: 4
 Concurrent Workers: 1
 Concurrent Refinement Workers: 4
 Periodic GC: Disabled

Heap:
 garbage-first heap   total 894976K, used 470982K [0x0000000700000000, 0x0000000800000000)
  region size 2048K, 45 young (92160K), 19 survivors (38912K)
 Metaspace       used 120403K, committed 122304K, reserved 1155072K
  class space    used 16137K, committed 17024K, reserved 1048576K

Heap Regions: E=young(eden), S=young(survivor), O=old, HS=humongous(starts), HC=humongous(continues), CS=collection set, F=free, OA=open archive, CA=closed archive, TAMS=top-at-mark-start (previous, next)
|   0|0x0000000700000000, 0x0000000700200000, 0x0000000700200000|100%|HS|  |TAMS 0x0000000700200000, 0x0000000700200000| Complete 
|   1|0x0000000700200000, 0x0000000700400000, 0x0000000700400000|100%|HC|  |TAMS 0x0000000700400000, 0x0000000700400000| Complete 
|   2|0x0000000700400000, 0x0000000700600000, 0x0000000700600000|100%| O|  |TAMS 0x0000000700600000, 0x0000000700600000| Untracked 
|   3|0x0000000700600000, 0x0000000700800000, 0x0000000700800000|100%| O|  |TAMS 0x0000000700800000, 0x0000000700800000| Untracked 
|   4|0x0000000700800000, 0x0000000700a00000, 0x0000000700a00000|100%| O|  |TAMS 0x0000000700a00000, 0x0000000700a00000| Untracked 
|   5|0x0000000700a00000, 0x0000000700c00000, 0x0000000700c00000|100%| O|  |TAMS 0x0000000700c00000, 0x0000000700c00000| Untracked 
|   6|0x0000000700c00000, 0x0000000700e00000, 0x0000000700e00000|100%| O|  |TAMS 0x0000000700e00000, 0x0000000700e00000| Untracked 
|   7|0x0000000700e00000, 0x0000000701000000, 0x0000000701000000|100%| O|  |TAMS 0x0000000701000000, 0x0000000701000000| Untracked 
|   8|0x0000000701000000, 0x0000000701200000, 0x0000000701200000|100%| O|  |TAMS 0x0000000701200000, 0x0000000701200000| Untracked 
|   9|0x0000000701200000, 0x0000000701400000, 0x0000000701400000|100%| O|  |TAMS 0x0000000701400000, 0x0000000701400000| Untracked 
|  10|0x0000000701400000, 0x0000000701600000, 0x0000000701600000|100%| O|  |TAMS 0x0000000701600000, 0x0000000701600000| Untracked 
|  11|0x0000000701600000, 0x0000000701800000, 0x0000000701800000|100%| O|  |TAMS 0x0000000701800000, 0x0000000701800000| Untracked 
|  12|0x0000000701800000, 0x0000000701a00000, 0x0000000701a00000|100%| O|  |TAMS 0x0000000701a00000, 0x0000000701a00000| Untracked 
|  13|0x0000000701a00000, 0x0000000701c00000, 0x0000000701c00000|100%| O|  |TAMS 0x0000000701c00000, 0x0000000701c00000| Untracked 
|  14|0x0000000701c00000, 0x0000000701e00000, 0x0000000701e00000|100%| O|  |TAMS 0x0000000701e00000, 0x0000000701e00000| Untracked 
|  15|0x0000000701e00000, 0x0000000702000000, 0x0000000702000000|100%| O|  |TAMS 0x0000000702000000, 0x0000000702000000| Untracked 
|  16|0x0000000702000000, 0x0000000702200000, 0x0000000702200000|100%| O|  |TAMS 0x0000000702200000, 0x0000000702200000| Untracked 
|  17|0x0000000702200000, 0x0000000702400000, 0x0000000702400000|100%| O|  |TAMS 0x0000000702400000, 0x0000000702400000| Untracked 
|  18|0x0000000702400000, 0x0000000702600000, 0x0000000702600000|100%| O|  |TAMS 0x0000000702600000, 0x0000000702600000| Untracked 
|  19|0x0000000702600000, 0x0000000702800000, 0x0000000702800000|100%| O|  |TAMS 0x0000000702800000, 0x0000000702800000| Untracked 
|  20|0x0000000702800000, 0x0000000702a00000, 0x0000000702a00000|100%| O|  |TAMS 0x0000000702a00000, 0x0000000702a00000| Untracked 
|  21|0x0000000702a00000, 0x0000000702c00000, 0x0000000702c00000|100%| O|  |TAMS 0x0000000702c00000, 0x0000000702c00000| Untracked 
|  22|0x0000000702c00000, 0x0000000702e00000, 0x0000000702e00000|100%|HS|  |TAMS 0x0000000702e00000, 0x0000000702e00000| Complete 
|  23|0x0000000702e00000, 0x0000000703000000, 0x0000000703000000|100%| O|  |TAMS 0x0000000703000000, 0x0000000703000000| Untracked 
|  24|0x0000000703000000, 0x0000000703200000, 0x0000000703200000|100%| O|  |TAMS 0x0000000703200000, 0x0000000703200000| Untracked 
|  25|0x0000000703200000, 0x0000000703400000, 0x0000000703400000|100%| O|  |TAMS 0x0000000703400000, 0x0000000703400000| Untracked 
|  26|0x0000000703400000, 0x0000000703600000, 0x0000000703600000|100%| O|  |TAMS 0x0000000703600000, 0x0000000703600000| Untracked 
|  27|0x0000000703600000, 0x0000000703800000, 0x0000000703800000|100%|HS|  |TAMS 0x0000000703800000, 0x0000000703800000| Complete 
|  28|0x0000000703800000, 0x0000000703a00000, 0x0000000703a00000|100%|HC|  |TAMS 0x0000000703a00000, 0x0000000703a00000| Complete 
|  29|0x0000000703a00000, 0x0000000703c00000, 0x0000000703c00000|100%| O|  |TAMS 0x0000000703c00000, 0x0000000703c00000| Untracked 
|  30|0x0000000703c00000, 0x0000000703e00000, 0x0000000703e00000|100%| O|  |TAMS 0x0000000703e00000, 0x0000000703e00000| Untracked 
|  31|0x0000000703e00000, 0x0000000704000000, 0x0000000704000000|100%| O|  |TAMS 0x0000000704000000, 0x0000000704000000| Untracked 
|  32|0x0000000704000000, 0x0000000704200000, 0x0000000704200000|100%| O|  |TAMS 0x0000000704200000, 0x0000000704200000| Untracked 
|  33|0x0000000704200000, 0x0000000704400000, 0x0000000704400000|100%| O|  |TAMS 0x0000000704400000, 0x0000000704400000| Untracked 
|  34|0x0000000704400000, 0x0000000704600000, 0x0000000704600000|100%| O|  |TAMS 0x0000000704600000, 0x0000000704600000| Untracked 
|  35|0x0000000704600000, 0x0000000704800000, 0x0000000704800000|100%| O|  |TAMS 0x0000000704800000, 0x0000000704800000| Untracked 
|  36|0x0000000704800000, 0x0000000704a00000, 0x0000000704a00000|100%| O|  |TAMS 0x0000000704a00000, 0x0000000704a00000| Untracked 
|  37|0x0000000704a00000, 0x0000000704c00000, 0x0000000704c00000|100%| O|  |TAMS 0x0000000704c00000, 0x0000000704c00000| Untracked 
|  38|0x0000000704c00000, 0x0000000704e00000, 0x0000000704e00000|100%| O|  |TAMS 0x0000000704e00000, 0x0000000704e00000| Untracked 
|  39|0x0000000704e00000, 0x0000000705000000, 0x0000000705000000|100%| O|  |TAMS 0x0000000705000000, 0x0000000705000000| Untracked 
|  40|0x0000000705000000, 0x0000000705200000, 0x0000000705200000|100%| O|  |TAMS 0x0000000705200000, 0x0000000705200000| Untracked 
|  41|0x0000000705200000, 0x0000000705400000, 0x0000000705400000|100%| O|  |TAMS 0x0000000705400000, 0x0000000705400000| Untracked 
|  42|0x0000000705400000, 0x0000000705600000, 0x0000000705600000|100%| O|  |TAMS 0x0000000705600000, 0x0000000705600000| Untracked 
|  43|0x0000000705600000, 0x0000000705800000, 0x0000000705800000|100%| O|  |TAMS 0x0000000705800000, 0x0000000705800000| Untracked 
|  44|0x0000000705800000, 0x0000000705a00000, 0x0000000705a00000|100%| O|  |TAMS 0x0000000705a00000, 0x0000000705a00000| Untracked 
|  45|0x0000000705a00000, 0x0000000705c00000, 0x0000000705c00000|100%| O|  |TAMS 0x0000000705c00000, 0x0000000705c00000| Untracked 
|  46|0x0000000705c00000, 0x0000000705e00000, 0x0000000705e00000|100%| O|  |TAMS 0x0000000705e00000, 0x0000000705e00000| Untracked 
|  47|0x0000000705e00000, 0x0000000706000000, 0x0000000706000000|100%| O|  |TAMS 0x0000000706000000, 0x0000000706000000| Untracked 
|  48|0x0000000706000000, 0x0000000706200000, 0x0000000706200000|100%| O|  |TAMS 0x0000000706200000, 0x0000000706200000| Untracked 
|  49|0x0000000706200000, 0x0000000706400000, 0x0000000706400000|100%| O|  |TAMS 0x0000000706400000, 0x0000000706400000| Untracked 
|  50|0x0000000706400000, 0x0000000706600000, 0x0000000706600000|100%| O|  |TAMS 0x0000000706600000, 0x0000000706600000| Untracked 
|  51|0x0000000706600000, 0x0000000706800000, 0x0000000706800000|100%| O|  |TAMS 0x0000000706800000, 0x0000000706800000| Untracked 
|  52|0x0000000706800000, 0x0000000706a00000, 0x0000000706a00000|100%| O|  |TAMS 0x0000000706a00000, 0x0000000706a00000| Untracked 
|  53|0x0000000706a00000, 0x0000000706c00000, 0x0000000706c00000|100%| O|  |TAMS 0x0000000706c00000, 0x0000000706c00000| Untracked 
|  54|0x0000000706c00000, 0x0000000706e00000, 0x0000000706e00000|100%| O|  |TAMS 0x0000000706e00000, 0x0000000706e00000| Untracked 
|  55|0x0000000706e00000, 0x0000000707000000, 0x0000000707000000|100%| O|  |TAMS 0x0000000707000000, 0x0000000707000000| Untracked 
|  56|0x0000000707000000, 0x0000000707200000, 0x0000000707200000|100%| O|  |TAMS 0x0000000707200000, 0x0000000707200000| Untracked 
|  57|0x0000000707200000, 0x0000000707400000, 0x0000000707400000|100%| O|  |TAMS 0x0000000707400000, 0x0000000707400000| Untracked 
|  58|0x0000000707400000, 0x0000000707600000, 0x0000000707600000|100%| O|  |TAMS 0x0000000707600000, 0x0000000707600000| Untracked 
|  59|0x0000000707600000, 0x0000000707800000, 0x0000000707800000|100%| O|  |TAMS 0x0000000707600000, 0x0000000707800000| Untracked 
|  60|0x0000000707800000, 0x0000000707a00000, 0x0000000707a00000|100%| O|  |TAMS 0x0000000707a00000, 0x0000000707a00000| Untracked 
|  61|0x0000000707a00000, 0x0000000707c00000, 0x0000000707c00000|100%| O|  |TAMS 0x0000000707c00000, 0x0000000707c00000| Untracked 
|  62|0x0000000707c00000, 0x0000000707e00000, 0x0000000707e00000|100%| O|  |TAMS 0x0000000707e00000, 0x0000000707e00000| Untracked 
|  63|0x0000000707e00000, 0x0000000708000000, 0x0000000708000000|100%| O|  |TAMS 0x0000000708000000, 0x0000000708000000| Untracked 
|  64|0x0000000708000000, 0x0000000708200000, 0x0000000708200000|100%| O|  |TAMS 0x0000000708200000, 0x0000000708200000| Untracked 
|  65|0x0000000708200000, 0x0000000708400000, 0x0000000708400000|100%| O|  |TAMS 0x0000000708400000, 0x0000000708400000| Untracked 
|  66|0x0000000708400000, 0x0000000708600000, 0x0000000708600000|100%| O|  |TAMS 0x0000000708600000, 0x0000000708600000| Untracked 
|  67|0x0000000708600000, 0x0000000708800000, 0x0000000708800000|100%| O|  |TAMS 0x0000000708600000, 0x0000000708800000| Untracked 
|  68|0x0000000708800000, 0x0000000708a00000, 0x0000000708a00000|100%| O|  |TAMS 0x0000000708a00000, 0x0000000708a00000| Untracked 
|  69|0x0000000708a00000, 0x0000000708c00000, 0x0000000708c00000|100%| O|  |TAMS 0x0000000708c00000, 0x0000000708c00000| Untracked 
|  70|0x0000000708c00000, 0x0000000708e00000, 0x0000000708e00000|100%| O|  |TAMS 0x0000000708e00000, 0x0000000708e00000| Untracked 
|  71|0x0000000708e00000, 0x0000000709000000, 0x0000000709000000|100%| O|  |TAMS 0x0000000709000000, 0x0000000709000000| Untracked 
|  72|0x0000000709000000, 0x0000000709200000, 0x0000000709200000|100%| O|  |TAMS 0x0000000709200000, 0x0000000709200000| Untracked 
|  73|0x0000000709200000, 0x0000000709400000, 0x0000000709400000|100%| O|  |TAMS 0x0000000709400000, 0x0000000709400000| Untracked 
|  74|0x0000000709400000, 0x0000000709600000, 0x0000000709600000|100%| O|  |TAMS 0x0000000709600000, 0x0000000709600000| Untracked 
|  75|0x0000000709600000, 0x0000000709800000, 0x0000000709800000|100%| O|  |TAMS 0x0000000709800000, 0x0000000709800000| Untracked 
|  76|0x0000000709800000, 0x0000000709a00000, 0x0000000709a00000|100%| O|  |TAMS 0x00000007099f2e08, 0x0000000709a00000| Untracked 
|  77|0x0000000709a00000, 0x0000000709c00000, 0x0000000709c00000|100%|HS|  |TAMS 0x0000000709c00000, 0x0000000709c00000| Complete 
|  78|0x0000000709c00000, 0x0000000709e00000, 0x0000000709e00000|100%|HC|  |TAMS 0x0000000709e00000, 0x0000000709e00000| Complete 
|  79|0x0000000709e00000, 0x000000070a000000, 0x000000070a000000|100%|HC|  |TAMS 0x000000070a000000, 0x000000070a000000| Complete 
|  80|0x000000070a000000, 0x000000070a200000, 0x000000070a200000|100%|HC|  |TAMS 0x000000070a200000, 0x000000070a200000| Complete 
|  81|0x000000070a200000, 0x000000070a400000, 0x000000070a400000|100%|HC|  |TAMS 0x000000070a400000, 0x000000070a400000| Complete 
|  82|0x000000070a400000, 0x000000070a600000, 0x000000070a600000|100%|HC|  |TAMS 0x000000070a600000, 0x000000070a600000| Complete 
|  83|0x000000070a600000, 0x000000070a800000, 0x000000070a800000|100%|HC|  |TAMS 0x000000070a800000, 0x000000070a800000| Complete 
|  84|0x000000070a800000, 0x000000070aa00000, 0x000000070aa00000|100%|HC|  |TAMS 0x000000070aa00000, 0x000000070aa00000| Complete 
|  85|0x000000070aa00000, 0x000000070ac00000, 0x000000070ac00000|100%|HC|  |TAMS 0x000000070ac00000, 0x000000070ac00000| Complete 
|  86|0x000000070ac00000, 0x000000070ae00000, 0x000000070ae00000|100%|HC|  |TAMS 0x000000070ae00000, 0x000000070ae00000| Complete 
|  87|0x000000070ae00000, 0x000000070b000000, 0x000000070b000000|100%|HC|  |TAMS 0x000000070b000000, 0x000000070b000000| Complete 
|  88|0x000000070b000000, 0x000000070b200000, 0x000000070b200000|100%|HC|  |TAMS 0x000000070b200000, 0x000000070b200000| Complete 
|  89|0x000000070b200000, 0x000000070b400000, 0x000000070b400000|100%|HC|  |TAMS 0x000000070b400000, 0x000000070b400000| Complete 
|  90|0x000000070b400000, 0x000000070b600000, 0x000000070b600000|100%|HC|  |TAMS 0x000000070b600000, 0x000000070b600000| Complete 
|  91|0x000000070b600000, 0x000000070b800000, 0x000000070b800000|100%|HC|  |TAMS 0x000000070b800000, 0x000000070b800000| Complete 
|  92|0x000000070b800000, 0x000000070ba00000, 0x000000070ba00000|100%|HC|  |TAMS 0x000000070ba00000, 0x000000070ba00000| Complete 
|  93|0x000000070ba00000, 0x000000070bc00000, 0x000000070bc00000|100%|HC|  |TAMS 0x000000070bc00000, 0x000000070bc00000| Complete 
|  94|0x000000070bc00000, 0x000000070be00000, 0x000000070be00000|100%|HC|  |TAMS 0x000000070be00000, 0x000000070be00000| Complete 
|  95|0x000000070be00000, 0x000000070c000000, 0x000000070c000000|100%|HC|  |TAMS 0x000000070c000000, 0x000000070c000000| Complete 
|  96|0x000000070c000000, 0x000000070c200000, 0x000000070c200000|100%|HC|  |TAMS 0x000000070c200000, 0x000000070c200000| Complete 
|  97|0x000000070c200000, 0x000000070c400000, 0x000000070c400000|100%|HC|  |TAMS 0x000000070c400000, 0x000000070c400000| Complete 
|  98|0x000000070c400000, 0x000000070c600000, 0x000000070c600000|100%| O|  |TAMS 0x000000070c400000, 0x000000070c600000| Untracked 
|  99|0x000000070c600000, 0x000000070c800000, 0x000000070c800000|100%| O|  |TAMS 0x000000070c600000, 0x000000070c800000| Untracked 
| 100|0x000000070c800000, 0x000000070ca00000, 0x000000070ca00000|100%| O|  |TAMS 0x000000070c800000, 0x000000070ca00000| Untracked 
| 101|0x000000070ca00000, 0x000000070cc00000, 0x000000070cc00000|100%| O|  |TAMS 0x000000070ca00000, 0x000000070cc00000| Untracked 
| 102|0x000000070cc00000, 0x000000070ce00000, 0x000000070ce00000|100%| O|  |TAMS 0x000000070cc00000, 0x000000070ce00000| Untracked 
| 103|0x000000070ce00000, 0x000000070d000000, 0x000000070d000000|100%| O|  |TAMS 0x000000070ce00000, 0x000000070d000000| Untracked 
| 104|0x000000070d000000, 0x000000070d200000, 0x000000070d200000|100%| O|  |TAMS 0x000000070d000000, 0x000000070d200000| Untracked 
| 105|0x000000070d200000, 0x000000070d400000, 0x000000070d400000|100%| O|  |TAMS 0x000000070d200000, 0x000000070d400000| Untracked 
| 106|0x000000070d400000, 0x000000070d600000, 0x000000070d600000|100%| O|  |TAMS 0x000000070d400000, 0x000000070d600000| Untracked 
| 107|0x000000070d600000, 0x000000070d800000, 0x000000070d800000|100%| O|  |TAMS 0x000000070d600000, 0x000000070d800000| Untracked 
| 108|0x000000070d800000, 0x000000070da00000, 0x000000070da00000|100%| O|  |TAMS 0x000000070d800000, 0x000000070da00000| Untracked 
| 109|0x000000070da00000, 0x000000070dc00000, 0x000000070dc00000|100%| O|  |TAMS 0x000000070da00000, 0x000000070dc00000| Untracked 
| 110|0x000000070dc00000, 0x000000070de00000, 0x000000070de00000|100%| O|  |TAMS 0x000000070dc00000, 0x000000070de00000| Untracked 
| 111|0x000000070de00000, 0x000000070e000000, 0x000000070e000000|100%| O|  |TAMS 0x000000070de00000, 0x000000070e000000| Untracked 
| 112|0x000000070e000000, 0x000000070e200000, 0x000000070e200000|100%| O|  |TAMS 0x000000070e000000, 0x000000070e200000| Untracked 
| 113|0x000000070e200000, 0x000000070e400000, 0x000000070e400000|100%| O|  |TAMS 0x000000070e200000, 0x000000070e400000| Untracked 
| 114|0x000000070e400000, 0x000000070e600000, 0x000000070e600000|100%| O|  |TAMS 0x000000070e400000, 0x000000070e600000| Untracked 
| 115|0x000000070e600000, 0x000000070e800000, 0x000000070e800000|100%|HS|  |TAMS 0x000000070e600000, 0x000000070e800000| Complete 
| 116|0x000000070e800000, 0x000000070ea00000, 0x000000070ea00000|100%|HC|  |TAMS 0x000000070e800000, 0x000000070ea00000| Complete 
| 117|0x000000070ea00000, 0x000000070ec00000, 0x000000070ec00000|100%|HC|  |TAMS 0x000000070ea00000, 0x000000070ec00000| Complete 
| 118|0x000000070ec00000, 0x000000070ee00000, 0x000000070ee00000|100%|HC|  |TAMS 0x000000070ec00000, 0x000000070ee00000| Complete 
| 119|0x000000070ee00000, 0x000000070f000000, 0x000000070f000000|100%|HC|  |TAMS 0x000000070ee00000, 0x000000070f000000| Complete 
| 120|0x000000070f000000, 0x000000070f200000, 0x000000070f200000|100%|HC|  |TAMS 0x000000070f000000, 0x000000070f200000| Complete 
| 121|0x000000070f200000, 0x000000070f400000, 0x000000070f400000|100%|HC|  |TAMS 0x000000070f200000, 0x000000070f400000| Complete 
| 122|0x000000070f400000, 0x000000070f600000, 0x000000070f600000|100%|HC|  |TAMS 0x000000070f400000, 0x000000070f600000| Complete 
| 123|0x000000070f600000, 0x000000070f800000, 0x000000070f800000|100%|HC|  |TAMS 0x000000070f600000, 0x000000070f800000| Complete 
| 124|0x000000070f800000, 0x000000070fa00000, 0x000000070fa00000|100%|HC|  |TAMS 0x000000070f800000, 0x000000070fa00000| Complete 
| 125|0x000000070fa00000, 0x000000070fc00000, 0x000000070fc00000|100%|HC|  |TAMS 0x000000070fa00000, 0x000000070fc00000| Complete 
| 126|0x000000070fc00000, 0x000000070fe00000, 0x000000070fe00000|100%|HC|  |TAMS 0x000000070fc00000, 0x000000070fe00000| Complete 
| 127|0x000000070fe00000, 0x0000000710000000, 0x0000000710000000|100%|HC|  |TAMS 0x000000070fe00000, 0x0000000710000000| Complete 
| 128|0x0000000710000000, 0x0000000710200000, 0x0000000710200000|100%|HC|  |TAMS 0x0000000710000000, 0x0000000710200000| Complete 
| 129|0x0000000710200000, 0x0000000710400000, 0x0000000710400000|100%|HC|  |TAMS 0x0000000710200000, 0x0000000710400000| Complete 
| 130|0x0000000710400000, 0x0000000710600000, 0x0000000710600000|100%|HC|  |TAMS 0x0000000710400000, 0x0000000710600000| Complete 
| 131|0x0000000710600000, 0x0000000710800000, 0x0000000710800000|100%|HC|  |TAMS 0x0000000710600000, 0x0000000710800000| Complete 
| 132|0x0000000710800000, 0x0000000710a00000, 0x0000000710a00000|100%|HC|  |TAMS 0x0000000710800000, 0x0000000710a00000| Complete 
| 133|0x0000000710a00000, 0x0000000710c00000, 0x0000000710c00000|100%|HC|  |TAMS 0x0000000710a00000, 0x0000000710c00000| Complete 
| 134|0x0000000710c00000, 0x0000000710e00000, 0x0000000710e00000|100%|HC|  |TAMS 0x0000000710c00000, 0x0000000710e00000| Complete 
| 135|0x0000000710e00000, 0x0000000711000000, 0x0000000711000000|100%|HC|  |TAMS 0x0000000710e00000, 0x0000000711000000| Complete 
| 136|0x0000000711000000, 0x0000000711200000, 0x0000000711200000|100%| O|  |TAMS 0x0000000711000000, 0x0000000711200000| Untracked 
| 137|0x0000000711200000, 0x0000000711400000, 0x0000000711400000|100%| O|  |TAMS 0x0000000711200000, 0x0000000711400000| Untracked 
| 138|0x0000000711400000, 0x0000000711600000, 0x0000000711600000|100%| O|  |TAMS 0x0000000711400000, 0x0000000711600000| Untracked 
| 139|0x0000000711600000, 0x0000000711800000, 0x0000000711800000|100%| O|  |TAMS 0x0000000711600000, 0x0000000711800000| Untracked 
| 140|0x0000000711800000, 0x0000000711a00000, 0x0000000711a00000|100%| O|  |TAMS 0x0000000711800000, 0x0000000711a00000| Untracked 
| 141|0x0000000711a00000, 0x0000000711c00000, 0x0000000711c00000|100%| O|  |TAMS 0x0000000711a00000, 0x0000000711c00000| Untracked 
| 142|0x0000000711c00000, 0x0000000711e00000, 0x0000000711e00000|100%| O|  |TAMS 0x0000000711c00000, 0x0000000711e00000| Untracked 
| 143|0x0000000711e00000, 0x0000000712000000, 0x0000000712000000|100%| O|  |TAMS 0x0000000711e00000, 0x0000000712000000| Untracked 
| 144|0x0000000712000000, 0x0000000712200000, 0x0000000712200000|100%| O|  |TAMS 0x0000000712000000, 0x0000000712200000| Untracked 
| 145|0x0000000712200000, 0x0000000712400000, 0x0000000712400000|100%| O|  |TAMS 0x0000000712200000, 0x0000000712400000| Untracked 
| 146|0x0000000712400000, 0x0000000712600000, 0x0000000712600000|100%| O|  |TAMS 0x0000000712400000, 0x0000000712600000| Untracked 
| 147|0x0000000712600000, 0x0000000712800000, 0x0000000712800000|100%| O|  |TAMS 0x0000000712600000, 0x0000000712800000| Untracked 
| 148|0x0000000712800000, 0x0000000712a00000, 0x0000000712a00000|100%| O|  |TAMS 0x0000000712800000, 0x0000000712a00000| Untracked 
| 149|0x0000000712a00000, 0x0000000712c00000, 0x0000000712c00000|100%| O|  |TAMS 0x0000000712a00000, 0x0000000712c00000| Untracked 
| 150|0x0000000712c00000, 0x0000000712e00000, 0x0000000712e00000|100%| O|  |TAMS 0x0000000712c00000, 0x0000000712e00000| Untracked 
| 151|0x0000000712e00000, 0x0000000713000000, 0x0000000713000000|100%| O|  |TAMS 0x0000000712e00000, 0x0000000713000000| Untracked 
| 152|0x0000000713000000, 0x0000000713200000, 0x0000000713200000|100%| O|  |TAMS 0x0000000713000000, 0x0000000713200000| Untracked 
| 153|0x0000000713200000, 0x0000000713400000, 0x0000000713400000|100%| O|  |TAMS 0x0000000713200000, 0x0000000713400000| Untracked 
| 154|0x0000000713400000, 0x0000000713600000, 0x0000000713600000|100%| O|  |TAMS 0x0000000713400000, 0x0000000713600000| Untracked 
| 155|0x0000000713600000, 0x0000000713800000, 0x0000000713800000|100%| O|  |TAMS 0x0000000713600000, 0x0000000713800000| Untracked 
| 156|0x0000000713800000, 0x0000000713a00000, 0x0000000713a00000|100%| O|  |TAMS 0x0000000713800000, 0x0000000713a00000| Untracked 
| 157|0x0000000713a00000, 0x0000000713c00000, 0x0000000713c00000|100%| O|  |TAMS 0x0000000713a00000, 0x0000000713c00000| Untracked 
| 158|0x0000000713c00000, 0x0000000713e00000, 0x0000000713e00000|100%| O|  |TAMS 0x0000000713c00000, 0x0000000713e00000| Untracked 
| 159|0x0000000713e00000, 0x0000000714000000, 0x0000000714000000|100%| O|  |TAMS 0x0000000713e00000, 0x0000000714000000| Untracked 
| 160|0x0000000714000000, 0x0000000714200000, 0x0000000714200000|100%| O|  |TAMS 0x0000000714000000, 0x0000000714200000| Untracked 
| 161|0x0000000714200000, 0x0000000714400000, 0x0000000714400000|100%| O|  |TAMS 0x0000000714200000, 0x0000000714400000| Untracked 
| 162|0x0000000714400000, 0x0000000714600000, 0x0000000714600000|100%| O|  |TAMS 0x0000000714400000, 0x0000000714600000| Untracked 
| 163|0x0000000714600000, 0x0000000714800000, 0x0000000714800000|100%| O|  |TAMS 0x0000000714600000, 0x0000000714800000| Untracked 
| 164|0x0000000714800000, 0x0000000714a00000, 0x0000000714a00000|100%| O|  |TAMS 0x0000000714800000, 0x0000000714a00000| Untracked 
| 165|0x0000000714a00000, 0x0000000714c00000, 0x0000000714c00000|100%| O|  |TAMS 0x0000000714a00000, 0x0000000714c00000| Untracked 
| 166|0x0000000714c00000, 0x0000000714e00000, 0x0000000714e00000|100%| O|  |TAMS 0x0000000714c00000, 0x0000000714e00000| Untracked 
| 167|0x0000000714e00000, 0x0000000714e00000, 0x0000000715000000|  0%| F|  |TAMS 0x0000000714e00000, 0x0000000714e00000| Untracked 
| 168|0x0000000715000000, 0x0000000715000000, 0x0000000715200000|  0%| F|  |TAMS 0x0000000715000000, 0x0000000715000000| Untracked 
| 169|0x0000000715200000, 0x0000000715200000, 0x0000000715400000|  0%| F|  |TAMS 0x0000000715200000, 0x0000000715200000| Untracked 
| 170|0x0000000715400000, 0x0000000715400000, 0x0000000715600000|  0%| F|  |TAMS 0x0000000715400000, 0x0000000715400000| Untracked 
| 171|0x0000000715600000, 0x0000000715600000, 0x0000000715800000|  0%| F|  |TAMS 0x0000000715600000, 0x0000000715600000| Untracked 
| 172|0x0000000715800000, 0x0000000715800000, 0x0000000715a00000|  0%| F|  |TAMS 0x0000000715800000, 0x0000000715800000| Untracked 
| 173|0x0000000715a00000, 0x0000000715a00000, 0x0000000715c00000|  0%| F|  |TAMS 0x0000000715a00000, 0x0000000715a00000| Untracked 
| 174|0x0000000715c00000, 0x0000000715c00000, 0x0000000715e00000|  0%| F|  |TAMS 0x0000000715c00000, 0x0000000715c00000| Untracked 
| 175|0x0000000715e00000, 0x0000000715e00000, 0x0000000716000000|  0%| F|  |TAMS 0x0000000715e00000, 0x0000000715e00000| Untracked 
| 176|0x0000000716000000, 0x0000000716000000, 0x0000000716200000|  0%| F|  |TAMS 0x0000000716000000, 0x0000000716000000| Untracked 
| 177|0x0000000716200000, 0x0000000716200000, 0x0000000716400000|  0%| F|  |TAMS 0x0000000716200000, 0x0000000716200000| Untracked 
| 178|0x0000000716400000, 0x0000000716400000, 0x0000000716600000|  0%| F|  |TAMS 0x0000000716400000, 0x0000000716400000| Untracked 
| 179|0x0000000716600000, 0x0000000716600000, 0x0000000716800000|  0%| F|  |TAMS 0x0000000716600000, 0x0000000716600000| Untracked 
| 180|0x0000000716800000, 0x0000000716800000, 0x0000000716a00000|  0%| F|  |TAMS 0x0000000716800000, 0x0000000716800000| Untracked 
| 181|0x0000000716a00000, 0x0000000716a00000, 0x0000000716c00000|  0%| F|  |TAMS 0x0000000716a00000, 0x0000000716a00000| Untracked 
| 182|0x0000000716c00000, 0x0000000716c00000, 0x0000000716e00000|  0%| F|  |TAMS 0x0000000716c00000, 0x0000000716c00000| Untracked 
| 183|0x0000000716e00000, 0x0000000716e00000, 0x0000000717000000|  0%| F|  |TAMS 0x0000000716e00000, 0x0000000716e00000| Untracked 
| 184|0x0000000717000000, 0x0000000717000000, 0x0000000717200000|  0%| F|  |TAMS 0x0000000717000000, 0x0000000717000000| Untracked 
| 185|0x0000000717200000, 0x0000000717200000, 0x0000000717400000|  0%| F|  |TAMS 0x0000000717200000, 0x0000000717200000| Untracked 
| 186|0x0000000717400000, 0x0000000717400000, 0x0000000717600000|  0%| F|  |TAMS 0x0000000717400000, 0x0000000717400000| Untracked 
| 187|0x0000000717600000, 0x0000000717600000, 0x0000000717800000|  0%| F|  |TAMS 0x0000000717600000, 0x0000000717600000| Untracked 
| 188|0x0000000717800000, 0x0000000717a00000, 0x0000000717a00000|100%| O|  |TAMS 0x0000000717800000, 0x0000000717a00000| Untracked 
| 189|0x0000000717a00000, 0x0000000717c00000, 0x0000000717c00000|100%| O|  |TAMS 0x0000000717a00000, 0x0000000717c00000| Untracked 
| 190|0x0000000717c00000, 0x0000000717e00000, 0x0000000717e00000|100%| O|  |TAMS 0x0000000717c00000, 0x0000000717e00000| Untracked 
| 191|0x0000000717e00000, 0x0000000718000000, 0x0000000718000000|100%| O|  |TAMS 0x0000000717e00000, 0x0000000718000000| Untracked 
| 192|0x0000000718000000, 0x0000000718200000, 0x0000000718200000|100%| O|  |TAMS 0x0000000718000000, 0x0000000718200000| Untracked 
| 193|0x0000000718200000, 0x0000000718400000, 0x0000000718400000|100%| O|  |TAMS 0x0000000718200000, 0x0000000718400000| Untracked 
| 194|0x0000000718400000, 0x0000000718600000, 0x0000000718600000|100%| O|  |TAMS 0x0000000718400000, 0x0000000718600000| Untracked 
| 195|0x0000000718600000, 0x0000000718800000, 0x0000000718800000|100%| O|  |TAMS 0x0000000718600000, 0x0000000718800000| Untracked 
| 196|0x0000000718800000, 0x0000000718a00000, 0x0000000718a00000|100%| O|  |TAMS 0x0000000718800000, 0x0000000718a00000| Untracked 
| 197|0x0000000718a00000, 0x0000000718c00000, 0x0000000718c00000|100%| O|  |TAMS 0x0000000718a00000, 0x0000000718c00000| Untracked 
| 198|0x0000000718c00000, 0x0000000718e00000, 0x0000000718e00000|100%| O|  |TAMS 0x0000000718c00000, 0x0000000718e00000| Untracked 
| 199|0x0000000718e00000, 0x0000000719000000, 0x0000000719000000|100%| O|  |TAMS 0x0000000718e00000, 0x0000000719000000| Untracked 
| 200|0x0000000719000000, 0x0000000719200000, 0x0000000719200000|100%| O|  |TAMS 0x0000000719000000, 0x0000000719200000| Untracked 
| 201|0x0000000719200000, 0x0000000719400000, 0x0000000719400000|100%| O|  |TAMS 0x0000000719200000, 0x0000000719400000| Untracked 
| 202|0x0000000719400000, 0x0000000719600000, 0x0000000719600000|100%| O|  |TAMS 0x0000000719400000, 0x0000000719600000| Untracked 
| 203|0x0000000719600000, 0x0000000719800000, 0x0000000719800000|100%| O|  |TAMS 0x0000000719600000, 0x0000000719800000| Untracked 
| 204|0x0000000719800000, 0x0000000719a00000, 0x0000000719a00000|100%| O|  |TAMS 0x0000000719800000, 0x0000000719a00000| Untracked 
| 205|0x0000000719a00000, 0x0000000719c00000, 0x0000000719c00000|100%| O|  |TAMS 0x0000000719a00000, 0x0000000719c00000| Untracked 
| 206|0x0000000719c00000, 0x0000000719e00000, 0x0000000719e00000|100%| O|  |TAMS 0x0000000719c00000, 0x0000000719e00000| Untracked 
| 207|0x0000000719e00000, 0x0000000719ebfe00, 0x000000071a000000| 37%| O|  |TAMS 0x0000000719e00000, 0x0000000719ebfe00| Untracked 
| 208|0x000000071a000000, 0x000000071a000000, 0x000000071a200000|  0%| F|  |TAMS 0x000000071a000000, 0x000000071a000000| Untracked 
| 209|0x000000071a200000, 0x000000071a200000, 0x000000071a400000|  0%| F|  |TAMS 0x000000071a200000, 0x000000071a200000| Untracked 
| 210|0x000000071a400000, 0x000000071a400000, 0x000000071a600000|  0%| F|  |TAMS 0x000000071a400000, 0x000000071a400000| Untracked 
| 211|0x000000071a600000, 0x000000071a600000, 0x000000071a800000|  0%| F|  |TAMS 0x000000071a600000, 0x000000071a600000| Untracked 
| 212|0x000000071a800000, 0x000000071a800000, 0x000000071aa00000|  0%| F|  |TAMS 0x000000071a800000, 0x000000071a800000| Untracked 
| 213|0x000000071aa00000, 0x000000071aa00000, 0x000000071ac00000|  0%| F|  |TAMS 0x000000071aa00000, 0x000000071aa00000| Untracked 
| 214|0x000000071ac00000, 0x000000071ac00000, 0x000000071ae00000|  0%| F|  |TAMS 0x000000071ac00000, 0x000000071ac00000| Untracked 
| 215|0x000000071ae00000, 0x000000071ae00000, 0x000000071b000000|  0%| F|  |TAMS 0x000000071ae00000, 0x000000071ae00000| Untracked 
| 216|0x000000071b000000, 0x000000071b000000, 0x000000071b200000|  0%| F|  |TAMS 0x000000071b000000, 0x000000071b000000| Untracked 
| 217|0x000000071b200000, 0x000000071b200000, 0x000000071b400000|  0%| F|  |TAMS 0x000000071b200000, 0x000000071b200000| Untracked 
| 218|0x000000071b400000, 0x000000071b400000, 0x000000071b600000|  0%| F|  |TAMS 0x000000071b400000, 0x000000071b400000| Untracked 
| 219|0x000000071b600000, 0x000000071b600000, 0x000000071b800000|  0%| F|  |TAMS 0x000000071b600000, 0x000000071b600000| Untracked 
| 220|0x000000071b800000, 0x000000071b800000, 0x000000071ba00000|  0%| F|  |TAMS 0x000000071b800000, 0x000000071b800000| Untracked 
| 221|0x000000071ba00000, 0x000000071ba00000, 0x000000071bc00000|  0%| F|  |TAMS 0x000000071ba00000, 0x000000071ba00000| Untracked 
| 222|0x000000071bc00000, 0x000000071bc00000, 0x000000071be00000|  0%| F|  |TAMS 0x000000071bc00000, 0x000000071bc00000| Untracked 
| 223|0x000000071be00000, 0x000000071be00000, 0x000000071c000000|  0%| F|  |TAMS 0x000000071be00000, 0x000000071be00000| Untracked 
| 224|0x000000071c000000, 0x000000071c000000, 0x000000071c200000|  0%| F|  |TAMS 0x000000071c000000, 0x000000071c000000| Untracked 
| 225|0x000000071c200000, 0x000000071c200000, 0x000000071c400000|  0%| F|  |TAMS 0x000000071c200000, 0x000000071c200000| Untracked 
| 226|0x000000071c400000, 0x000000071c400000, 0x000000071c600000|  0%| F|  |TAMS 0x000000071c400000, 0x000000071c400000| Untracked 
| 227|0x000000071c600000, 0x000000071c600000, 0x000000071c800000|  0%| F|  |TAMS 0x000000071c600000, 0x000000071c600000| Untracked 
| 228|0x000000071c800000, 0x000000071c800000, 0x000000071ca00000|  0%| F|  |TAMS 0x000000071c800000, 0x000000071c800000| Untracked 
| 229|0x000000071ca00000, 0x000000071ca00000, 0x000000071cc00000|  0%| F|  |TAMS 0x000000071ca00000, 0x000000071ca00000| Untracked 
| 230|0x000000071cc00000, 0x000000071cc00000, 0x000000071ce00000|  0%| F|  |TAMS 0x000000071cc00000, 0x000000071cc00000| Untracked 
| 231|0x000000071ce00000, 0x000000071ce00000, 0x000000071d000000|  0%| F|  |TAMS 0x000000071ce00000, 0x000000071ce00000| Untracked 
| 232|0x000000071d000000, 0x000000071d000000, 0x000000071d200000|  0%| F|  |TAMS 0x000000071d000000, 0x000000071d000000| Untracked 
| 233|0x000000071d200000, 0x000000071d200000, 0x000000071d400000|  0%| F|  |TAMS 0x000000071d200000, 0x000000071d200000| Untracked 
| 234|0x000000071d400000, 0x000000071d400000, 0x000000071d600000|  0%| F|  |TAMS 0x000000071d400000, 0x000000071d400000| Untracked 
| 235|0x000000071d600000, 0x000000071d600000, 0x000000071d800000|  0%| F|  |TAMS 0x000000071d600000, 0x000000071d600000| Untracked 
| 236|0x000000071d800000, 0x000000071d800000, 0x000000071da00000|  0%| F|  |TAMS 0x000000071d800000, 0x000000071d800000| Untracked 
| 237|0x000000071da00000, 0x000000071da00000, 0x000000071dc00000|  0%| F|  |TAMS 0x000000071da00000, 0x000000071da00000| Untracked 
| 238|0x000000071dc00000, 0x000000071dc00000, 0x000000071de00000|  0%| F|  |TAMS 0x000000071dc00000, 0x000000071dc00000| Untracked 
| 239|0x000000071de00000, 0x000000071de00000, 0x000000071e000000|  0%| F|  |TAMS 0x000000071de00000, 0x000000071de00000| Untracked 
| 240|0x000000071e000000, 0x000000071e000000, 0x000000071e200000|  0%| F|  |TAMS 0x000000071e000000, 0x000000071e000000| Untracked 
| 241|0x000000071e200000, 0x000000071e200000, 0x000000071e400000|  0%| F|  |TAMS 0x000000071e200000, 0x000000071e200000| Untracked 
| 242|0x000000071e400000, 0x000000071e400000, 0x000000071e600000|  0%| F|  |TAMS 0x000000071e400000, 0x000000071e400000| Untracked 
| 243|0x000000071e600000, 0x000000071e600000, 0x000000071e800000|  0%| F|  |TAMS 0x000000071e600000, 0x000000071e600000| Untracked 
| 244|0x000000071e800000, 0x000000071e800000, 0x000000071ea00000|  0%| F|  |TAMS 0x000000071e800000, 0x000000071e800000| Untracked 
| 245|0x000000071ea00000, 0x000000071ea00000, 0x000000071ec00000|  0%| F|  |TAMS 0x000000071ea00000, 0x000000071ea00000| Untracked 
| 246|0x000000071ec00000, 0x000000071ec00000, 0x000000071ee00000|  0%| F|  |TAMS 0x000000071ec00000, 0x000000071ec00000| Untracked 
| 247|0x000000071ee00000, 0x000000071ee00000, 0x000000071f000000|  0%| F|  |TAMS 0x000000071ee00000, 0x000000071ee00000| Untracked 
| 248|0x000000071f000000, 0x000000071f000000, 0x000000071f200000|  0%| F|  |TAMS 0x000000071f000000, 0x000000071f000000| Untracked 
| 249|0x000000071f200000, 0x000000071f200000, 0x000000071f400000|  0%| F|  |TAMS 0x000000071f200000, 0x000000071f200000| Untracked 
| 250|0x000000071f400000, 0x000000071f400000, 0x000000071f600000|  0%| F|  |TAMS 0x000000071f400000, 0x000000071f400000| Untracked 
| 251|0x000000071f600000, 0x000000071f600000, 0x000000071f800000|  0%| F|  |TAMS 0x000000071f600000, 0x000000071f600000| Untracked 
| 252|0x000000071f800000, 0x000000071f800000, 0x000000071fa00000|  0%| F|  |TAMS 0x000000071f800000, 0x000000071f800000| Untracked 
| 253|0x000000071fa00000, 0x000000071fa00000, 0x000000071fc00000|  0%| F|  |TAMS 0x000000071fa00000, 0x000000071fa00000| Untracked 
| 254|0x000000071fc00000, 0x000000071fd31bb0, 0x000000071fe00000| 59%| S|CS|TAMS 0x000000071fc00000, 0x000000071fc00000| Complete 
| 255|0x000000071fe00000, 0x0000000720000000, 0x0000000720000000|100%| S|CS|TAMS 0x000000071fe00000, 0x000000071fe00000| Complete 
| 256|0x0000000720000000, 0x0000000720200000, 0x0000000720200000|100%| S|CS|TAMS 0x0000000720000000, 0x0000000720000000| Complete 
| 257|0x0000000720200000, 0x0000000720400000, 0x0000000720400000|100%| S|CS|TAMS 0x0000000720200000, 0x0000000720200000| Complete 
| 258|0x0000000720400000, 0x0000000720600000, 0x0000000720600000|100%| S|CS|TAMS 0x0000000720400000, 0x0000000720400000| Complete 
| 259|0x0000000720600000, 0x0000000720800000, 0x0000000720800000|100%| S|CS|TAMS 0x0000000720600000, 0x0000000720600000| Complete 
| 260|0x0000000720800000, 0x0000000720a00000, 0x0000000720a00000|100%| S|CS|TAMS 0x0000000720800000, 0x0000000720800000| Complete 
| 261|0x0000000720a00000, 0x0000000720c00000, 0x0000000720c00000|100%| S|CS|TAMS 0x0000000720a00000, 0x0000000720a00000| Complete 
| 262|0x0000000720c00000, 0x0000000720e00000, 0x0000000720e00000|100%| S|CS|TAMS 0x0000000720c00000, 0x0000000720c00000| Complete 
| 263|0x0000000720e00000, 0x0000000721000000, 0x0000000721000000|100%| S|CS|TAMS 0x0000000720e00000, 0x0000000720e00000| Complete 
| 264|0x0000000721000000, 0x0000000721200000, 0x0000000721200000|100%| S|CS|TAMS 0x0000000721000000, 0x0000000721000000| Complete 
| 265|0x0000000721200000, 0x0000000721400000, 0x0000000721400000|100%| S|CS|TAMS 0x0000000721200000, 0x0000000721200000| Complete 
| 266|0x0000000721400000, 0x0000000721600000, 0x0000000721600000|100%| S|CS|TAMS 0x0000000721400000, 0x0000000721400000| Complete 
| 267|0x0000000721600000, 0x0000000721800000, 0x0000000721800000|100%| S|CS|TAMS 0x0000000721600000, 0x0000000721600000| Complete 
| 268|0x0000000721800000, 0x0000000721a00000, 0x0000000721a00000|100%| S|CS|TAMS 0x0000000721800000, 0x0000000721800000| Complete 
| 269|0x0000000721a00000, 0x0000000721c00000, 0x0000000721c00000|100%| S|CS|TAMS 0x0000000721a00000, 0x0000000721a00000| Complete 
| 270|0x0000000721c00000, 0x0000000721e00000, 0x0000000721e00000|100%| S|CS|TAMS 0x0000000721c00000, 0x0000000721c00000| Complete 
| 271|0x0000000721e00000, 0x0000000722000000, 0x0000000722000000|100%| S|CS|TAMS 0x0000000721e00000, 0x0000000721e00000| Complete 
| 272|0x0000000722000000, 0x0000000722200000, 0x0000000722200000|100%| S|CS|TAMS 0x0000000722000000, 0x0000000722000000| Complete 
| 273|0x0000000722200000, 0x0000000722200000, 0x0000000722400000|  0%| F|  |TAMS 0x0000000722200000, 0x0000000722200000| Untracked 
| 274|0x0000000722400000, 0x0000000722400000, 0x0000000722600000|  0%| F|  |TAMS 0x0000000722400000, 0x0000000722400000| Untracked 
| 275|0x0000000722600000, 0x0000000722600000, 0x0000000722800000|  0%| F|  |TAMS 0x0000000722600000, 0x0000000722600000| Untracked 
| 276|0x0000000722800000, 0x0000000722800000, 0x0000000722a00000|  0%| F|  |TAMS 0x0000000722800000, 0x0000000722800000| Untracked 
| 277|0x0000000722a00000, 0x0000000722a00000, 0x0000000722c00000|  0%| F|  |TAMS 0x0000000722a00000, 0x0000000722a00000| Untracked 
| 278|0x0000000722c00000, 0x0000000722c00000, 0x0000000722e00000|  0%| F|  |TAMS 0x0000000722c00000, 0x0000000722c00000| Untracked 
| 279|0x0000000722e00000, 0x0000000722e00000, 0x0000000723000000|  0%| F|  |TAMS 0x0000000722e00000, 0x0000000722e00000| Untracked 
| 280|0x0000000723000000, 0x0000000723000000, 0x0000000723200000|  0%| F|  |TAMS 0x0000000723000000, 0x0000000723000000| Untracked 
| 281|0x0000000723200000, 0x0000000723200000, 0x0000000723400000|  0%| F|  |TAMS 0x0000000723200000, 0x0000000723200000| Untracked 
| 282|0x0000000723400000, 0x0000000723400000, 0x0000000723600000|  0%| F|  |TAMS 0x0000000723400000, 0x0000000723400000| Untracked 
| 283|0x0000000723600000, 0x0000000723600000, 0x0000000723800000|  0%| F|  |TAMS 0x0000000723600000, 0x0000000723600000| Untracked 
| 284|0x0000000723800000, 0x0000000723800000, 0x0000000723a00000|  0%| F|  |TAMS 0x0000000723800000, 0x0000000723800000| Untracked 
| 285|0x0000000723a00000, 0x0000000723a00000, 0x0000000723c00000|  0%| F|  |TAMS 0x0000000723a00000, 0x0000000723a00000| Untracked 
| 286|0x0000000723c00000, 0x0000000723c00000, 0x0000000723e00000|  0%| F|  |TAMS 0x0000000723c00000, 0x0000000723c00000| Untracked 
| 287|0x0000000723e00000, 0x0000000723e00000, 0x0000000724000000|  0%| F|  |TAMS 0x0000000723e00000, 0x0000000723e00000| Untracked 
| 288|0x0000000724000000, 0x0000000724000000, 0x0000000724200000|  0%| F|  |TAMS 0x0000000724000000, 0x0000000724000000| Untracked 
| 289|0x0000000724200000, 0x0000000724200000, 0x0000000724400000|  0%| F|  |TAMS 0x0000000724200000, 0x0000000724200000| Untracked 
| 290|0x0000000724400000, 0x0000000724400000, 0x0000000724600000|  0%| F|  |TAMS 0x0000000724400000, 0x0000000724400000| Untracked 
| 291|0x0000000724600000, 0x0000000724600000, 0x0000000724800000|  0%| F|  |TAMS 0x0000000724600000, 0x0000000724600000| Untracked 
| 292|0x0000000724800000, 0x0000000724800000, 0x0000000724a00000|  0%| F|  |TAMS 0x0000000724800000, 0x0000000724800000| Untracked 
| 293|0x0000000724a00000, 0x0000000724a00000, 0x0000000724c00000|  0%| F|  |TAMS 0x0000000724a00000, 0x0000000724a00000| Untracked 
| 294|0x0000000724c00000, 0x0000000724c00000, 0x0000000724e00000|  0%| F|  |TAMS 0x0000000724c00000, 0x0000000724c00000| Untracked 
| 295|0x0000000724e00000, 0x0000000724e00000, 0x0000000725000000|  0%| F|  |TAMS 0x0000000724e00000, 0x0000000724e00000| Untracked 
| 296|0x0000000725000000, 0x0000000725000000, 0x0000000725200000|  0%| F|  |TAMS 0x0000000725000000, 0x0000000725000000| Untracked 
| 297|0x0000000725200000, 0x0000000725200000, 0x0000000725400000|  0%| F|  |TAMS 0x0000000725200000, 0x0000000725200000| Untracked 
| 298|0x0000000725400000, 0x0000000725400000, 0x0000000725600000|  0%| F|  |TAMS 0x0000000725400000, 0x0000000725400000| Untracked 
| 299|0x0000000725600000, 0x0000000725600000, 0x0000000725800000|  0%| F|  |TAMS 0x0000000725600000, 0x0000000725600000| Untracked 
| 300|0x0000000725800000, 0x0000000725800000, 0x0000000725a00000|  0%| F|  |TAMS 0x0000000725800000, 0x0000000725800000| Untracked 
| 301|0x0000000725a00000, 0x0000000725a00000, 0x0000000725c00000|  0%| F|  |TAMS 0x0000000725a00000, 0x0000000725a00000| Untracked 
| 302|0x0000000725c00000, 0x0000000725c00000, 0x0000000725e00000|  0%| F|  |TAMS 0x0000000725c00000, 0x0000000725c00000| Untracked 
| 303|0x0000000725e00000, 0x0000000725e00000, 0x0000000726000000|  0%| F|  |TAMS 0x0000000725e00000, 0x0000000725e00000| Untracked 
| 304|0x0000000726000000, 0x0000000726000000, 0x0000000726200000|  0%| F|  |TAMS 0x0000000726000000, 0x0000000726000000| Untracked 
| 305|0x0000000726200000, 0x0000000726200000, 0x0000000726400000|  0%| F|  |TAMS 0x0000000726200000, 0x0000000726200000| Untracked 
| 306|0x0000000726400000, 0x0000000726400000, 0x0000000726600000|  0%| F|  |TAMS 0x0000000726400000, 0x0000000726400000| Untracked 
| 307|0x0000000726600000, 0x0000000726600000, 0x0000000726800000|  0%| F|  |TAMS 0x0000000726600000, 0x0000000726600000| Untracked 
| 308|0x0000000726800000, 0x0000000726800000, 0x0000000726a00000|  0%| F|  |TAMS 0x0000000726800000, 0x0000000726800000| Untracked 
| 309|0x0000000726a00000, 0x0000000726a00000, 0x0000000726c00000|  0%| F|  |TAMS 0x0000000726a00000, 0x0000000726a00000| Untracked 
| 310|0x0000000726c00000, 0x0000000726c00000, 0x0000000726e00000|  0%| F|  |TAMS 0x0000000726c00000, 0x0000000726c00000| Untracked 
| 311|0x0000000726e00000, 0x0000000726e00000, 0x0000000727000000|  0%| F|  |TAMS 0x0000000726e00000, 0x0000000726e00000| Untracked 
| 312|0x0000000727000000, 0x0000000727000000, 0x0000000727200000|  0%| F|  |TAMS 0x0000000727000000, 0x0000000727000000| Untracked 
| 313|0x0000000727200000, 0x0000000727200000, 0x0000000727400000|  0%| F|  |TAMS 0x0000000727200000, 0x0000000727200000| Untracked 
| 314|0x0000000727400000, 0x0000000727400000, 0x0000000727600000|  0%| F|  |TAMS 0x0000000727400000, 0x0000000727400000| Untracked 
| 315|0x0000000727600000, 0x0000000727600000, 0x0000000727800000|  0%| F|  |TAMS 0x0000000727600000, 0x0000000727600000| Untracked 
| 316|0x0000000727800000, 0x0000000727800000, 0x0000000727a00000|  0%| F|  |TAMS 0x0000000727800000, 0x0000000727800000| Untracked 
| 317|0x0000000727a00000, 0x0000000727a00000, 0x0000000727c00000|  0%| F|  |TAMS 0x0000000727a00000, 0x0000000727a00000| Untracked 
| 318|0x0000000727c00000, 0x0000000727c00000, 0x0000000727e00000|  0%| F|  |TAMS 0x0000000727c00000, 0x0000000727c00000| Untracked 
| 319|0x0000000727e00000, 0x0000000727e00000, 0x0000000728000000|  0%| F|  |TAMS 0x0000000727e00000, 0x0000000727e00000| Untracked 
| 320|0x0000000728000000, 0x0000000728000000, 0x0000000728200000|  0%| F|  |TAMS 0x0000000728000000, 0x0000000728000000| Untracked 
| 321|0x0000000728200000, 0x0000000728200000, 0x0000000728400000|  0%| F|  |TAMS 0x0000000728200000, 0x0000000728200000| Untracked 
| 322|0x0000000728400000, 0x0000000728400000, 0x0000000728600000|  0%| F|  |TAMS 0x0000000728400000, 0x0000000728400000| Untracked 
| 323|0x0000000728600000, 0x0000000728600000, 0x0000000728800000|  0%| F|  |TAMS 0x0000000728600000, 0x0000000728600000| Untracked 
| 324|0x0000000728800000, 0x0000000728800000, 0x0000000728a00000|  0%| F|  |TAMS 0x0000000728800000, 0x0000000728800000| Untracked 
| 325|0x0000000728a00000, 0x0000000728a00000, 0x0000000728c00000|  0%| F|  |TAMS 0x0000000728a00000, 0x0000000728a00000| Untracked 
| 326|0x0000000728c00000, 0x0000000728c00000, 0x0000000728e00000|  0%| F|  |TAMS 0x0000000728c00000, 0x0000000728c00000| Untracked 
| 327|0x0000000728e00000, 0x0000000728e00000, 0x0000000729000000|  0%| F|  |TAMS 0x0000000728e00000, 0x0000000728e00000| Untracked 
| 328|0x0000000729000000, 0x0000000729000000, 0x0000000729200000|  0%| F|  |TAMS 0x0000000729000000, 0x0000000729000000| Untracked 
| 329|0x0000000729200000, 0x0000000729200000, 0x0000000729400000|  0%| F|  |TAMS 0x0000000729200000, 0x0000000729200000| Untracked 
| 330|0x0000000729400000, 0x0000000729400000, 0x0000000729600000|  0%| F|  |TAMS 0x0000000729400000, 0x0000000729400000| Untracked 
| 331|0x0000000729600000, 0x0000000729600000, 0x0000000729800000|  0%| F|  |TAMS 0x0000000729600000, 0x0000000729600000| Untracked 
| 332|0x0000000729800000, 0x0000000729800000, 0x0000000729a00000|  0%| F|  |TAMS 0x0000000729800000, 0x0000000729800000| Untracked 
| 333|0x0000000729a00000, 0x0000000729a00000, 0x0000000729c00000|  0%| F|  |TAMS 0x0000000729a00000, 0x0000000729a00000| Untracked 
| 334|0x0000000729c00000, 0x0000000729c00000, 0x0000000729e00000|  0%| F|  |TAMS 0x0000000729c00000, 0x0000000729c00000| Untracked 
| 335|0x0000000729e00000, 0x0000000729e00000, 0x000000072a000000|  0%| F|  |TAMS 0x0000000729e00000, 0x0000000729e00000| Untracked 
| 336|0x000000072a000000, 0x000000072a000000, 0x000000072a200000|  0%| F|  |TAMS 0x000000072a000000, 0x000000072a000000| Untracked 
| 337|0x000000072a200000, 0x000000072a200000, 0x000000072a400000|  0%| F|  |TAMS 0x000000072a200000, 0x000000072a200000| Untracked 
| 338|0x000000072a400000, 0x000000072a400000, 0x000000072a600000|  0%| F|  |TAMS 0x000000072a400000, 0x000000072a400000| Untracked 
| 339|0x000000072a600000, 0x000000072a600000, 0x000000072a800000|  0%| F|  |TAMS 0x000000072a600000, 0x000000072a600000| Untracked 
| 340|0x000000072a800000, 0x000000072a800000, 0x000000072aa00000|  0%| F|  |TAMS 0x000000072a800000, 0x000000072a800000| Untracked 
| 341|0x000000072aa00000, 0x000000072aa00000, 0x000000072ac00000|  0%| F|  |TAMS 0x000000072aa00000, 0x000000072aa00000| Untracked 
| 342|0x000000072ac00000, 0x000000072ac00000, 0x000000072ae00000|  0%| F|  |TAMS 0x000000072ac00000, 0x000000072ac00000| Untracked 
| 343|0x000000072ae00000, 0x000000072ae00000, 0x000000072b000000|  0%| F|  |TAMS 0x000000072ae00000, 0x000000072ae00000| Untracked 
| 344|0x000000072b000000, 0x000000072b000000, 0x000000072b200000|  0%| F|  |TAMS 0x000000072b000000, 0x000000072b000000| Untracked 
| 345|0x000000072b200000, 0x000000072b200000, 0x000000072b400000|  0%| F|  |TAMS 0x000000072b200000, 0x000000072b200000| Untracked 
| 346|0x000000072b400000, 0x000000072b400000, 0x000000072b600000|  0%| F|  |TAMS 0x000000072b400000, 0x000000072b400000| Untracked 
| 347|0x000000072b600000, 0x000000072b600000, 0x000000072b800000|  0%| F|  |TAMS 0x000000072b600000, 0x000000072b600000| Untracked 
| 348|0x000000072b800000, 0x000000072b800000, 0x000000072ba00000|  0%| F|  |TAMS 0x000000072b800000, 0x000000072b800000| Untracked 
| 349|0x000000072ba00000, 0x000000072ba00000, 0x000000072bc00000|  0%| F|  |TAMS 0x000000072ba00000, 0x000000072ba00000| Untracked 
| 350|0x000000072bc00000, 0x000000072bc00000, 0x000000072be00000|  0%| F|  |TAMS 0x000000072bc00000, 0x000000072bc00000| Untracked 
| 351|0x000000072be00000, 0x000000072be00000, 0x000000072c000000|  0%| F|  |TAMS 0x000000072be00000, 0x000000072be00000| Untracked 
| 352|0x000000072c000000, 0x000000072c000000, 0x000000072c200000|  0%| F|  |TAMS 0x000000072c000000, 0x000000072c000000| Untracked 
| 353|0x000000072c200000, 0x000000072c200000, 0x000000072c400000|  0%| F|  |TAMS 0x000000072c200000, 0x000000072c200000| Untracked 
| 354|0x000000072c400000, 0x000000072c400000, 0x000000072c600000|  0%| F|  |TAMS 0x000000072c400000, 0x000000072c400000| Untracked 
| 355|0x000000072c600000, 0x000000072c600000, 0x000000072c800000|  0%| F|  |TAMS 0x000000072c600000, 0x000000072c600000| Untracked 
| 356|0x000000072c800000, 0x000000072c800000, 0x000000072ca00000|  0%| F|  |TAMS 0x000000072c800000, 0x000000072c800000| Untracked 
| 357|0x000000072ca00000, 0x000000072ca00000, 0x000000072cc00000|  0%| F|  |TAMS 0x000000072ca00000, 0x000000072ca00000| Untracked 
| 358|0x000000072cc00000, 0x000000072cc00000, 0x000000072ce00000|  0%| F|  |TAMS 0x000000072cc00000, 0x000000072cc00000| Untracked 
| 359|0x000000072ce00000, 0x000000072ce00000, 0x000000072d000000|  0%| F|  |TAMS 0x000000072ce00000, 0x000000072ce00000| Untracked 
| 360|0x000000072d000000, 0x000000072d000000, 0x000000072d200000|  0%| F|  |TAMS 0x000000072d000000, 0x000000072d000000| Untracked 
| 361|0x000000072d200000, 0x000000072d200000, 0x000000072d400000|  0%| F|  |TAMS 0x000000072d200000, 0x000000072d200000| Untracked 
| 362|0x000000072d400000, 0x000000072d400000, 0x000000072d600000|  0%| F|  |TAMS 0x000000072d400000, 0x000000072d400000| Untracked 
| 363|0x000000072d600000, 0x000000072d600000, 0x000000072d800000|  0%| F|  |TAMS 0x000000072d600000, 0x000000072d600000| Untracked 
| 364|0x000000072d800000, 0x000000072d800000, 0x000000072da00000|  0%| F|  |TAMS 0x000000072d800000, 0x000000072d800000| Untracked 
| 365|0x000000072da00000, 0x000000072da00000, 0x000000072dc00000|  0%| F|  |TAMS 0x000000072da00000, 0x000000072da00000| Untracked 
| 366|0x000000072dc00000, 0x000000072dc00000, 0x000000072de00000|  0%| F|  |TAMS 0x000000072dc00000, 0x000000072dc00000| Untracked 
| 367|0x000000072de00000, 0x000000072de00000, 0x000000072e000000|  0%| F|  |TAMS 0x000000072de00000, 0x000000072de00000| Untracked 
| 368|0x000000072e000000, 0x000000072e000000, 0x000000072e200000|  0%| F|  |TAMS 0x000000072e000000, 0x000000072e000000| Untracked 
| 369|0x000000072e200000, 0x000000072e200000, 0x000000072e400000|  0%| F|  |TAMS 0x000000072e200000, 0x000000072e200000| Untracked 
| 370|0x000000072e400000, 0x000000072e400000, 0x000000072e600000|  0%| F|  |TAMS 0x000000072e400000, 0x000000072e400000| Untracked 
| 371|0x000000072e600000, 0x000000072e600000, 0x000000072e800000|  0%| F|  |TAMS 0x000000072e600000, 0x000000072e600000| Untracked 
| 372|0x000000072e800000, 0x000000072e800000, 0x000000072ea00000|  0%| F|  |TAMS 0x000000072e800000, 0x000000072e800000| Untracked 
| 373|0x000000072ea00000, 0x000000072ea00000, 0x000000072ec00000|  0%| F|  |TAMS 0x000000072ea00000, 0x000000072ea00000| Untracked 
| 374|0x000000072ec00000, 0x000000072ec00000, 0x000000072ee00000|  0%| F|  |TAMS 0x000000072ec00000, 0x000000072ec00000| Untracked 
| 375|0x000000072ee00000, 0x000000072ee00000, 0x000000072f000000|  0%| F|  |TAMS 0x000000072ee00000, 0x000000072ee00000| Untracked 
| 376|0x000000072f000000, 0x000000072f000000, 0x000000072f200000|  0%| F|  |TAMS 0x000000072f000000, 0x000000072f000000| Untracked 
| 377|0x000000072f200000, 0x000000072f200000, 0x000000072f400000|  0%| F|  |TAMS 0x000000072f200000, 0x000000072f200000| Untracked 
| 378|0x000000072f400000, 0x000000072f400000, 0x000000072f600000|  0%| F|  |TAMS 0x000000072f400000, 0x000000072f400000| Untracked 
| 379|0x000000072f600000, 0x000000072f600000, 0x000000072f800000|  0%| F|  |TAMS 0x000000072f600000, 0x000000072f600000| Untracked 
| 380|0x000000072f800000, 0x000000072f800000, 0x000000072fa00000|  0%| F|  |TAMS 0x000000072f800000, 0x000000072f800000| Untracked 
| 381|0x000000072fa00000, 0x000000072fa00000, 0x000000072fc00000|  0%| F|  |TAMS 0x000000072fa00000, 0x000000072fa00000| Untracked 
| 382|0x000000072fc00000, 0x000000072fc00000, 0x000000072fe00000|  0%| F|  |TAMS 0x000000072fc00000, 0x000000072fc00000| Untracked 
| 383|0x000000072fe00000, 0x000000072fe00000, 0x0000000730000000|  0%| F|  |TAMS 0x000000072fe00000, 0x000000072fe00000| Untracked 
| 384|0x0000000730000000, 0x0000000730000000, 0x0000000730200000|  0%| F|  |TAMS 0x0000000730000000, 0x0000000730000000| Untracked 
| 385|0x0000000730200000, 0x0000000730200000, 0x0000000730400000|  0%| F|  |TAMS 0x0000000730200000, 0x0000000730200000| Untracked 
| 386|0x0000000730400000, 0x0000000730400000, 0x0000000730600000|  0%| F|  |TAMS 0x0000000730400000, 0x0000000730400000| Untracked 
| 387|0x0000000730600000, 0x0000000730600000, 0x0000000730800000|  0%| F|  |TAMS 0x0000000730600000, 0x0000000730600000| Untracked 
| 388|0x0000000730800000, 0x0000000730800000, 0x0000000730a00000|  0%| F|  |TAMS 0x0000000730800000, 0x0000000730800000| Untracked 
| 389|0x0000000730a00000, 0x0000000730a00000, 0x0000000730c00000|  0%| F|  |TAMS 0x0000000730a00000, 0x0000000730a00000| Untracked 
| 390|0x0000000730c00000, 0x0000000730c00000, 0x0000000730e00000|  0%| F|  |TAMS 0x0000000730c00000, 0x0000000730c00000| Untracked 
| 391|0x0000000730e00000, 0x0000000730e00000, 0x0000000731000000|  0%| F|  |TAMS 0x0000000730e00000, 0x0000000730e00000| Untracked 
| 392|0x0000000731000000, 0x0000000731000000, 0x0000000731200000|  0%| F|  |TAMS 0x0000000731000000, 0x0000000731000000| Untracked 
| 393|0x0000000731200000, 0x0000000731200000, 0x0000000731400000|  0%| F|  |TAMS 0x0000000731200000, 0x0000000731200000| Untracked 
| 394|0x0000000731400000, 0x0000000731400000, 0x0000000731600000|  0%| F|  |TAMS 0x0000000731400000, 0x0000000731400000| Untracked 
| 395|0x0000000731600000, 0x0000000731600000, 0x0000000731800000|  0%| F|  |TAMS 0x0000000731600000, 0x0000000731600000| Untracked 
| 396|0x0000000731800000, 0x0000000731800000, 0x0000000731a00000|  0%| F|  |TAMS 0x0000000731800000, 0x0000000731800000| Untracked 
| 397|0x0000000731a00000, 0x0000000731a00000, 0x0000000731c00000|  0%| F|  |TAMS 0x0000000731a00000, 0x0000000731a00000| Untracked 
| 398|0x0000000731c00000, 0x0000000731c00000, 0x0000000731e00000|  0%| F|  |TAMS 0x0000000731c00000, 0x0000000731c00000| Untracked 
| 399|0x0000000731e00000, 0x0000000731e00000, 0x0000000732000000|  0%| F|  |TAMS 0x0000000731e00000, 0x0000000731e00000| Untracked 
| 400|0x0000000732000000, 0x0000000732000000, 0x0000000732200000|  0%| F|  |TAMS 0x0000000732000000, 0x0000000732000000| Untracked 
| 401|0x0000000732200000, 0x0000000732200000, 0x0000000732400000|  0%| F|  |TAMS 0x0000000732200000, 0x0000000732200000| Untracked 
| 402|0x0000000732400000, 0x0000000732400000, 0x0000000732600000|  0%| F|  |TAMS 0x0000000732400000, 0x0000000732400000| Untracked 
| 403|0x0000000732600000, 0x0000000732600000, 0x0000000732800000|  0%| F|  |TAMS 0x0000000732600000, 0x0000000732600000| Untracked 
| 404|0x0000000732800000, 0x0000000732800000, 0x0000000732a00000|  0%| F|  |TAMS 0x0000000732800000, 0x0000000732800000| Untracked 
| 405|0x0000000732a00000, 0x0000000732a00000, 0x0000000732c00000|  0%| F|  |TAMS 0x0000000732a00000, 0x0000000732a00000| Untracked 
| 406|0x0000000732c00000, 0x0000000732c00000, 0x0000000732e00000|  0%| F|  |TAMS 0x0000000732c00000, 0x0000000732c00000| Untracked 
| 407|0x0000000732e00000, 0x0000000732e00000, 0x0000000733000000|  0%| F|  |TAMS 0x0000000732e00000, 0x0000000732e00000| Untracked 
| 408|0x0000000733000000, 0x0000000733000000, 0x0000000733200000|  0%| F|  |TAMS 0x0000000733000000, 0x0000000733000000| Untracked 
| 409|0x0000000733200000, 0x0000000733200000, 0x0000000733400000|  0%| F|  |TAMS 0x0000000733200000, 0x0000000733200000| Untracked 
| 410|0x0000000733400000, 0x0000000733400000, 0x0000000733600000|  0%| F|  |TAMS 0x0000000733400000, 0x0000000733400000| Untracked 
| 411|0x0000000733600000, 0x000000073374c630, 0x0000000733800000| 64%| E|  |TAMS 0x0000000733600000, 0x0000000733600000| Complete 
| 412|0x0000000733800000, 0x0000000733a00000, 0x0000000733a00000|100%| E|CS|TAMS 0x0000000733800000, 0x0000000733800000| Complete 
| 413|0x0000000733a00000, 0x0000000733c00000, 0x0000000733c00000|100%| E|CS|TAMS 0x0000000733a00000, 0x0000000733a00000| Complete 
| 414|0x0000000733c00000, 0x0000000733e00000, 0x0000000733e00000|100%| E|CS|TAMS 0x0000000733c00000, 0x0000000733c00000| Complete 
| 415|0x0000000733e00000, 0x0000000734000000, 0x0000000734000000|100%| E|CS|TAMS 0x0000000733e00000, 0x0000000733e00000| Complete 
| 416|0x0000000734000000, 0x0000000734200000, 0x0000000734200000|100%| E|CS|TAMS 0x0000000734000000, 0x0000000734000000| Complete 
| 417|0x0000000734200000, 0x0000000734400000, 0x0000000734400000|100%| E|CS|TAMS 0x0000000734200000, 0x0000000734200000| Complete 
| 418|0x0000000734400000, 0x0000000734600000, 0x0000000734600000|100%| E|CS|TAMS 0x0000000734400000, 0x0000000734400000| Complete 
| 419|0x0000000734600000, 0x0000000734800000, 0x0000000734800000|100%| E|CS|TAMS 0x0000000734600000, 0x0000000734600000| Complete 
| 420|0x0000000734800000, 0x0000000734a00000, 0x0000000734a00000|100%| E|CS|TAMS 0x0000000734800000, 0x0000000734800000| Complete 
| 421|0x0000000734a00000, 0x0000000734c00000, 0x0000000734c00000|100%| E|CS|TAMS 0x0000000734a00000, 0x0000000734a00000| Complete 
| 422|0x0000000734c00000, 0x0000000734e00000, 0x0000000734e00000|100%| E|CS|TAMS 0x0000000734c00000, 0x0000000734c00000| Complete 
| 423|0x0000000734e00000, 0x0000000735000000, 0x0000000735000000|100%| E|CS|TAMS 0x0000000734e00000, 0x0000000734e00000| Complete 
| 424|0x0000000735000000, 0x0000000735200000, 0x0000000735200000|100%| E|CS|TAMS 0x0000000735000000, 0x0000000735000000| Complete 
| 425|0x0000000735200000, 0x0000000735400000, 0x0000000735400000|100%| E|CS|TAMS 0x0000000735200000, 0x0000000735200000| Complete 
| 426|0x0000000735400000, 0x0000000735600000, 0x0000000735600000|100%| E|CS|TAMS 0x0000000735400000, 0x0000000735400000| Complete 
| 427|0x0000000735600000, 0x0000000735800000, 0x0000000735800000|100%| E|CS|TAMS 0x0000000735600000, 0x0000000735600000| Complete 
| 428|0x0000000735800000, 0x0000000735a00000, 0x0000000735a00000|100%| E|CS|TAMS 0x0000000735800000, 0x0000000735800000| Complete 
| 429|0x0000000735a00000, 0x0000000735c00000, 0x0000000735c00000|100%| E|CS|TAMS 0x0000000735a00000, 0x0000000735a00000| Complete 
| 430|0x0000000735c00000, 0x0000000735e00000, 0x0000000735e00000|100%| E|CS|TAMS 0x0000000735c00000, 0x0000000735c00000| Complete 
| 431|0x0000000735e00000, 0x0000000736000000, 0x0000000736000000|100%| E|CS|TAMS 0x0000000735e00000, 0x0000000735e00000| Complete 
| 432|0x0000000736000000, 0x0000000736200000, 0x0000000736200000|100%| E|CS|TAMS 0x0000000736000000, 0x0000000736000000| Complete 
| 433|0x0000000736200000, 0x0000000736400000, 0x0000000736400000|100%| E|CS|TAMS 0x0000000736200000, 0x0000000736200000| Complete 
| 434|0x0000000736400000, 0x0000000736600000, 0x0000000736600000|100%| E|CS|TAMS 0x0000000736400000, 0x0000000736400000| Complete 
| 435|0x0000000736600000, 0x0000000736800000, 0x0000000736800000|100%| E|CS|TAMS 0x0000000736600000, 0x0000000736600000| Complete 
| 436|0x0000000736800000, 0x0000000736a00000, 0x0000000736a00000|100%| E|CS|TAMS 0x0000000736800000, 0x0000000736800000| Complete 

Card table byte_map: [0x0000023bdedf0000,0x0000023bdf5f0000] _byte_map_base: 0x0000023bdb5f0000

Marking Bits (Prev, Next): (CMBitMap*) 0x0000023bca3b32e0, (CMBitMap*) 0x0000023bca3b32a0
 Prev Bits: [0x0000023be3df0000, 0x0000023be7df0000)
 Next Bits: [0x0000023bdfdf0000, 0x0000023be3df0000)

Polling page: 0x0000023bca1f0000

Metaspace:

Usage:
  Non-class:    101.82 MB used.
      Class:     15.76 MB used.
       Both:    117.58 MB used.

Virtual space:
  Non-class space:      104.00 MB reserved,     102.81 MB ( 99%) committed,  13 nodes.
      Class space:        1.00 GB reserved,      16.62 MB (  2%) committed,  1 nodes.
             Both:        1.10 GB reserved,     119.44 MB ( 11%) committed. 

Chunk freelists:
   Non-Class:  1.11 MB
       Class:  3.43 MB
        Both:  4.55 MB

MaxMetaspaceSize: unlimited
CompressedClassSpaceSize: 1.00 GB
Initial GC threshold: 21.00 MB
Current GC threshold: 177.44 MB
CDS: off
MetaspaceReclaimPolicy: balanced
 - commit_granule_bytes: 65536.
 - commit_granule_words: 8192.
 - virtual_space_node_default_size: 1048576.
 - enlarge_chunks_in_place: 1.
 - new_chunks_are_fully_committed: 0.
 - uncommit_free_chunks: 1.
 - use_allocation_guard: 0.
 - handle_deallocations: 1.


Internal statistics:

num_allocs_failed_limit: 11.
num_arena_births: 2890.
num_arena_deaths: 4.
num_vsnodes_births: 14.
num_vsnodes_deaths: 0.
num_space_committed: 1911.
num_space_uncommitted: 0.
num_chunks_returned_to_freelist: 17.
num_chunks_taken_from_freelist: 8093.
num_chunk_merges: 7.
num_chunk_splits: 4768.
num_chunks_enlarged: 2446.
num_purges: 2.
num_inconsistent_stats: 0.

CodeHeap 'non-profiled nmethods': size=120000Kb used=19613Kb max_used=19613Kb free=100386Kb
 bounds [0x0000023bd6aa0000, 0x0000023bd7dd0000, 0x0000023bddfd0000]
CodeHeap 'profiled nmethods': size=120000Kb used=38676Kb max_used=38676Kb free=81323Kb
 bounds [0x0000023bcefd0000, 0x0000023bd15a0000, 0x0000023bd6500000]
CodeHeap 'non-nmethods': size=5760Kb used=2470Kb max_used=2547Kb free=3289Kb
 bounds [0x0000023bd6500000, 0x0000023bd6780000, 0x0000023bd6aa0000]
 total_blobs=21839 nmethods=20833 adapters=916
 compilation: enabled
              stopped_count=0, restarted_count=0
 full_count=0

Compilation events (20 events):
Event: 9715.991 Thread 0x0000023beb04d4a0 26348       3       org.gradle.execution.plan.NodeGroup::getSuccessorsInReverseOrderFor (4 bytes)
Event: 9715.992 Thread 0x0000023beb04d4a0 nmethod 26348 0x0000023bd1596410 code [0x0000023bd15965a0, 0x0000023bd1596718]
Event: 9715.995 Thread 0x0000023bef8bceb0 nmethod 26344 0x0000023bd7dc2c90 code [0x0000023bd7dc2e60, 0x0000023bd7dc33d8]
Event: 9715.995 Thread 0x0000023bef8bceb0 26349       4       com.google.common.collect.HashMultimap::remove (7 bytes)
Event: 9715.999 Thread 0x0000023beb048a90 nmethod 26345 0x0000023bd7dc3890 code [0x0000023bd7dc3a80, 0x0000023bd7dc41c8]
Event: 9715.999 Thread 0x0000023beb048a90 26350       4       org.gradle.execution.plan.DefaultExecutionPlan::maybeRemoveProcessedShouldRunAfterEdge (33 bytes)
Event: 9716.001 Thread 0x0000023beb048a90 nmethod 26350 0x0000023bd7dc4810 code [0x0000023bd7dc49a0, 0x0000023bd7dc4a98]
Event: 9716.001 Thread 0x0000023beb048a90 26347       4       java.util.ArrayDeque::pop (5 bytes)
Event: 9716.003 Thread 0x0000023beb048a90 nmethod 26347 0x0000023bd7dc4c10 code [0x0000023bd7dc4d80, 0x0000023bd7dc4eb8]
Event: 9716.005 Thread 0x0000023beb04d4a0 26351   !   3       jdk.internal.reflect.GeneratedMethodAccessor96::invoke (63 bytes)
Event: 9716.007 Thread 0x0000023beb04d4a0 nmethod 26351 0x0000023bd1596810 code [0x0000023bd1596a20, 0x0000023bd1597158]
Event: 9716.014 Thread 0x0000023beb04d4a0 26352   !   3       org.gradle.api.internal.artifacts.transform.DefaultTransformer$IsolateTransformerParameters::doIsolateParameters (54 bytes)
Event: 9716.016 Thread 0x0000023beb04d4a0 nmethod 26352 0x0000023bd1597490 code [0x0000023bd15976c0, 0x0000023bd1597dd8]
Event: 9716.039 Thread 0x0000023bef8bceb0 nmethod 26349 0x0000023bd7dc5010 code [0x0000023bd7dc52a0, 0x0000023bd7dc6270]
Event: 9716.289 Thread 0x0000023bef8bceb0 26353       4       net.rubygrapefruit.platform.internal.DefaultWindowsFiles::stat (7 bytes)
Event: 9716.295 Thread 0x0000023bef8bceb0 nmethod 26353 0x0000023bd7dc6e90 code [0x0000023bd7dc7020, 0x0000023bd7dc7268]
Event: 9716.465 Thread 0x0000023beb04d4a0 26354       3       org.gradle.process.internal.DefaultExecAction_Decorated::getMetaClass (29 bytes)
Event: 9716.466 Thread 0x0000023beb04d4a0 nmethod 26354 0x0000023bd1598090 code [0x0000023bd1598260, 0x0000023bd1598778]
Event: 9716.467 Thread 0x0000023beb04d4a0 26355       3       java.lang.ProcessEnvironment$CheckedEntry::getValue (5 bytes)
Event: 9716.467 Thread 0x0000023beb04d4a0 nmethod 26355 0x0000023bd1598910 code [0x0000023bd1598ac0, 0x0000023bd1598e08]

GC Heap History (20 events):
Event: 1985.142 GC heap before
{Heap before GC invocations=68 (full 0):
 garbage-first heap   total 894976K, used 831953K [0x0000000700000000, 0x0000000800000000)
  region size 2048K, 238 young (487424K), 5 survivors (10240K)
 Metaspace       used 112930K, committed 114560K, reserved 1155072K
  class space    used 15308K, committed 16000K, reserved 1048576K
}
Event: 1985.371 GC heap after
{Heap after GC invocations=69 (full 0):
 garbage-first heap   total 894976K, used 324289K [0x0000000700000000, 0x0000000800000000)
  region size 2048K, 28 young (57344K), 28 survivors (57344K)
 Metaspace       used 112930K, committed 114560K, reserved 1155072K
  class space    used 15308K, committed 16000K, reserved 1048576K
}
Event: 2290.439 GC heap before
{Heap before GC invocations=69 (full 0):
 garbage-first heap   total 894976K, used 611009K [0x0000000700000000, 0x0000000800000000)
  region size 2048K, 168 young (344064K), 28 survivors (57344K)
 Metaspace       used 113648K, committed 115392K, reserved 1155072K
  class space    used 15381K, committed 16128K, reserved 1048576K
}
Event: 2290.557 GC heap after
{Heap after GC invocations=70 (full 0):
 garbage-first heap   total 894976K, used 314835K [0x0000000700000000, 0x0000000800000000)
  region size 2048K, 18 young (36864K), 18 survivors (36864K)
 Metaspace       used 113648K, committed 115392K, reserved 1155072K
  class space    used 15381K, committed 16128K, reserved 1048576K
}
Event: 2881.103 GC heap before
{Heap before GC invocations=70 (full 0):
 garbage-first heap   total 894976K, used 609747K [0x0000000700000000, 0x0000000800000000)
  region size 2048K, 163 young (333824K), 18 survivors (36864K)
 Metaspace       used 113956K, committed 115712K, reserved 1155072K
  class space    used 15393K, committed 16128K, reserved 1048576K
}
Event: 2881.198 GC heap after
{Heap after GC invocations=71 (full 0):
 garbage-first heap   total 894976K, used 288117K [0x0000000700000000, 0x0000000800000000)
  region size 2048K, 4 young (8192K), 4 survivors (8192K)
 Metaspace       used 113956K, committed 115712K, reserved 1155072K
  class space    used 15393K, committed 16128K, reserved 1048576K
}
Event: 2905.385 GC heap before
{Heap before GC invocations=71 (full 0):
 garbage-first heap   total 894976K, used 585077K [0x0000000700000000, 0x0000000800000000)
  region size 2048K, 150 young (307200K), 4 survivors (8192K)
 Metaspace       used 114354K, committed 116160K, reserved 1155072K
  class space    used 15402K, committed 16192K, reserved 1048576K
}
Event: 2905.603 GC heap after
{Heap after GC invocations=72 (full 0):
 garbage-first heap   total 894976K, used 328482K [0x0000000700000000, 0x0000000800000000)
  region size 2048K, 19 young (38912K), 19 survivors (38912K)
 Metaspace       used 114354K, committed 116160K, reserved 1155072K
  class space    used 15402K, committed 16192K, reserved 1048576K
}
Event: 4124.345 GC heap before
{Heap before GC invocations=72 (full 0):
 garbage-first heap   total 894976K, used 486178K [0x0000000700000000, 0x0000000800000000)
  region size 2048K, 97 young (198656K), 19 survivors (38912K)
 Metaspace       used 116560K, committed 118336K, reserved 1155072K
  class space    used 15662K, committed 16448K, reserved 1048576K
}
Event: 4124.494 GC heap after
{Heap after GC invocations=73 (full 0):
 garbage-first heap   total 894976K, used 336896K [0x0000000700000000, 0x0000000800000000)
  region size 2048K, 5 young (10240K), 5 survivors (10240K)
 Metaspace       used 116560K, committed 118336K, reserved 1155072K
  class space    used 15662K, committed 16448K, reserved 1048576K
}
Event: 4154.861 GC heap before
{Heap before GC invocations=73 (full 0):
 garbage-first heap   total 894976K, used 621568K [0x0000000700000000, 0x0000000800000000)
  region size 2048K, 145 young (296960K), 5 survivors (10240K)
 Metaspace       used 119701K, committed 121536K, reserved 1155072K
  class space    used 16063K, committed 16896K, reserved 1048576K
}
Event: 4154.991 GC heap after
{Heap after GC invocations=74 (full 0):
 garbage-first heap   total 894976K, used 380928K [0x0000000700000000, 0x0000000800000000)
  region size 2048K, 19 young (38912K), 19 survivors (38912K)
 Metaspace       used 119701K, committed 121536K, reserved 1155072K
  class space    used 16063K, committed 16896K, reserved 1048576K
}
Event: 4156.211 GC heap before
{Heap before GC invocations=74 (full 0):
 garbage-first heap   total 894976K, used 509952K [0x0000000700000000, 0x0000000800000000)
  region size 2048K, 62 young (126976K), 19 survivors (38912K)
 Metaspace       used 119710K, committed 121536K, reserved 1155072K
  class space    used 16063K, committed 16896K, reserved 1048576K
}
Event: 4156.399 GC heap after
{Heap after GC invocations=75 (full 0):
 garbage-first heap   total 894976K, used 432895K [0x0000000700000000, 0x0000000800000000)
  region size 2048K, 4 young (8192K), 4 survivors (8192K)
 Metaspace       used 119710K, committed 121536K, reserved 1155072K
  class space    used 16063K, committed 16896K, reserved 1048576K
}
Event: 4159.452 GC heap before
{Heap before GC invocations=75 (full 0):
 garbage-first heap   total 894976K, used 664319K [0x0000000700000000, 0x0000000800000000)
  region size 2048K, 36 young (73728K), 4 survivors (8192K)
 Metaspace       used 119772K, committed 121600K, reserved 1155072K
  class space    used 16065K, committed 16896K, reserved 1048576K
}
Event: 4159.483 GC heap after
{Heap after GC invocations=76 (full 0):
 garbage-first heap   total 894976K, used 397541K [0x0000000700000000, 0x0000000800000000)
  region size 2048K, 5 young (10240K), 5 survivors (10240K)
 Metaspace       used 119772K, committed 121600K, reserved 1155072K
  class space    used 16065K, committed 16896K, reserved 1048576K
}
Event: 4159.775 GC heap before
{Heap before GC invocations=76 (full 0):
 garbage-first heap   total 894976K, used 518373K [0x0000000700000000, 0x0000000800000000)
  region size 2048K, 6 young (12288K), 5 survivors (10240K)
 Metaspace       used 119772K, committed 121600K, reserved 1155072K
  class space    used 16065K, committed 16896K, reserved 1048576K
}
Event: 4159.787 GC heap after
{Heap after GC invocations=77 (full 0):
 garbage-first heap   total 894976K, used 397084K [0x0000000700000000, 0x0000000800000000)
  region size 2048K, 5 young (10240K), 5 survivors (10240K)
 Metaspace       used 119772K, committed 121600K, reserved 1155072K
  class space    used 16065K, committed 16896K, reserved 1048576K
}
Event: 9715.288 GC heap before
{Heap before GC invocations=77 (full 0):
 garbage-first heap   total 894976K, used 722716K [0x0000000700000000, 0x0000000800000000)
  region size 2048K, 164 young (335872K), 5 survivors (10240K)
 Metaspace       used 120356K, committed 122176K, reserved 1155072K
  class space    used 16129K, committed 16960K, reserved 1048576K
}
Event: 9715.482 GC heap after
{Heap after GC invocations=78 (full 0):
 garbage-first heap   total 894976K, used 419782K [0x0000000700000000, 0x0000000800000000)
  region size 2048K, 19 young (38912K), 19 survivors (38912K)
 Metaspace       used 120356K, committed 122176K, reserved 1155072K
  class space    used 16129K, committed 16960K, reserved 1048576K
}

Dll operation events (2 events):
Event: 0.014 Loaded shared library C:\Program Files\Android\Android Studio\jbr\bin\java.dll
Event: 1.040 Loaded shared library C:\Program Files\Android\Android Studio\jbr\bin\verify.dll

Deoptimization events (20 events):
Event: 9710.666 Thread 0x0000023beb3f36a0 DEOPT PACKING pc=0x0000023bd7d03418 sp=0x0000006d2b5f8e40
Event: 9710.666 Thread 0x0000023beb3f36a0 DEOPT UNPACKING pc=0x0000023bd65569a3 sp=0x0000006d2b5f8e08 mode 2
Event: 9710.927 Thread 0x0000023beb3f36a0 DEOPT PACKING pc=0x0000023bd112d129 sp=0x0000006d2b5f9420
Event: 9710.928 Thread 0x0000023beb3f36a0 DEOPT UNPACKING pc=0x0000023bd6557143 sp=0x0000006d2b5f88b8 mode 0
Event: 9715.691 Thread 0x0000023beb3f36a0 Uncommon trap: trap_request=0xfffffff4 fr.pc=0x0000023bd7db3b1c relative=0x00000000000001dc
Event: 9715.691 Thread 0x0000023beb3f36a0 Uncommon trap: reason=null_check action=make_not_entrant pc=0x0000023bd7db3b1c method=org.gradle.api.internal.tasks.properties.bean.AbstractNestedRuntimeBeanNode$BeanPropertyValue.isProvider()Z @ 9 c2
Event: 9715.691 Thread 0x0000023beb3f36a0 DEOPT PACKING pc=0x0000023bd7db3b1c sp=0x0000006d2b5fa450
Event: 9715.691 Thread 0x0000023beb3f36a0 DEOPT UNPACKING pc=0x0000023bd65569a3 sp=0x0000006d2b5fa380 mode 2
Event: 9715.854 Thread 0x0000023beb3f36a0 Uncommon trap: trap_request=0xfffffff4 fr.pc=0x0000023bd7dbacb8 relative=0x0000000000000278
Event: 9715.854 Thread 0x0000023beb3f36a0 Uncommon trap: reason=null_check action=make_not_entrant pc=0x0000023bd7dbacb8 method=org.gradle.api.internal.tasks.properties.bean.AbstractNestedRuntimeBeanNode$BeanPropertyValue.isBuildable()Z @ 9 c2
Event: 9715.854 Thread 0x0000023beb3f36a0 DEOPT PACKING pc=0x0000023bd7dbacb8 sp=0x0000006d2b5fa3e0
Event: 9715.855 Thread 0x0000023beb3f36a0 DEOPT UNPACKING pc=0x0000023bd65569a3 sp=0x0000006d2b5fa330 mode 2
Event: 9735.524 Thread 0x0000023beb678f60 Uncommon trap: trap_request=0xffffff45 fr.pc=0x0000023bd7d0a6e4 relative=0x0000000000004944
Event: 9735.524 Thread 0x0000023beb678f60 Uncommon trap: reason=unstable_if action=reinterpret pc=0x0000023bd7d0a6e4 method=org.gradle.internal.logging.sink.OutputEventTransformer.onOutput(Lorg/gradle/internal/logging/events/OutputEvent;)V @ 345 c2
Event: 9735.524 Thread 0x0000023beb678f60 DEOPT PACKING pc=0x0000023bd7d0a6e4 sp=0x0000006d2fdff060
Event: 9735.524 Thread 0x0000023beb678f60 DEOPT UNPACKING pc=0x0000023bd65569a3 sp=0x0000006d2fdff068 mode 2
Event: 9735.524 Thread 0x0000023beb678f60 Uncommon trap: trap_request=0xffffff45 fr.pc=0x0000023bd7459108 relative=0x0000000000002328
Event: 9735.524 Thread 0x0000023beb678f60 Uncommon trap: reason=unstable_if action=reinterpret pc=0x0000023bd7459108 method=org.gradle.internal.logging.sink.LogEventDispatcher.onOutput(Lorg/gradle/internal/logging/events/OutputEvent;)V @ 35 c2
Event: 9735.524 Thread 0x0000023beb678f60 DEOPT PACKING pc=0x0000023bd7459108 sp=0x0000006d2fdfee70
Event: 9735.525 Thread 0x0000023beb678f60 DEOPT UNPACKING pc=0x0000023bd65569a3 sp=0x0000006d2fdfee00 mode 2

Classes unloaded (2 events):
Event: 68.611 Thread 0x0000023bea45d080 Unloading class 0x0000000800e3c800 'java/lang/invoke/LambdaForm$DMH+0x0000000800e3c800'
Event: 68.611 Thread 0x0000023bea45d080 Unloading class 0x0000000800e3c400 'java/lang/invoke/LambdaForm$DMH+0x0000000800e3c400'

Classes redefined (0 events):
No events

Internal exceptions (20 events):
Event: 4155.588 Thread 0x0000023bf701c680 Exception <a 'sun/nio/fs/WindowsException'{0x0000000733ad31b0}> (0x0000000733ad31b0) 
thrown [s\src\hotspot\share\prims\jni.cpp, line 517]
Event: 9711.445 Thread 0x0000023beb3f36a0 Exception <a 'sun/nio/fs/WindowsException'{0x000000072a9e7c30}> (0x000000072a9e7c30) 
thrown [s\src\hotspot\share\prims\jni.cpp, line 517]
Event: 9712.417 Thread 0x0000023beb3f36a0 Exception <a 'java/lang/NoClassDefFoundError'{0x0000000728e29220}: org/jetbrains/kotlin/gradle/plugin/KotlinBasePluginWrapper> (0x0000000728e29220) 
thrown [s\src\hotspot\share\oops\constantPool.cpp, line 835]
Event: 9712.836 Thread 0x0000023beb3f36a0 Exception <a 'java/lang/NoClassDefFoundError'{0x000000072809a558}: org/jetbrains/kotlin/gradle/plugin/KotlinBasePluginWrapper> (0x000000072809a558) 
thrown [s\src\hotspot\share\oops\constantPool.cpp, line 835]
Event: 9713.020 Thread 0x0000023beb3f36a0 Exception <a 'java/lang/NoClassDefFoundError'{0x00000007278e0fa8}: org/jetbrains/kotlin/gradle/plugin/KotlinBasePluginWrapper> (0x00000007278e0fa8) 
thrown [s\src\hotspot\share\oops\constantPool.cpp, line 835]
Event: 9713.196 Thread 0x0000023beb3f36a0 Exception <a 'java/lang/NoClassDefFoundError'{0x0000000727109418}: org/jetbrains/kotlin/gradle/plugin/KotlinBasePluginWrapper> (0x0000000727109418) 
thrown [s\src\hotspot\share\oops\constantPool.cpp, line 835]
Event: 9713.523 Thread 0x0000023beb3f36a0 Exception <a 'java/lang/NoClassDefFoundError'{0x0000000726277218}: org/jetbrains/kotlin/gradle/plugin/KotlinBasePluginWrapper> (0x0000000726277218) 
thrown [s\src\hotspot\share\oops\constantPool.cpp, line 835]
Event: 9713.712 Thread 0x0000023beb3f36a0 Exception <a 'java/lang/NoClassDefFoundError'{0x000000072589a850}: org/jetbrains/kotlin/gradle/plugin/KotlinBasePluginWrapper> (0x000000072589a850) 
thrown [s\src\hotspot\share\oops\constantPool.cpp, line 835]
Event: 9714.024 Thread 0x0000023beb3f36a0 Exception <a 'java/lang/NoClassDefFoundError'{0x0000000724edebc0}: org/jetbrains/kotlin/gradle/plugin/KotlinBasePluginWrapper> (0x0000000724edebc0) 
thrown [s\src\hotspot\share\oops\constantPool.cpp, line 835]
Event: 9714.194 Thread 0x0000023beb3f36a0 Exception <a 'java/lang/NoClassDefFoundError'{0x000000072473dfc8}: org/jetbrains/kotlin/gradle/plugin/KotlinBasePluginWrapper> (0x000000072473dfc8) 
thrown [s\src\hotspot\share\oops\constantPool.cpp, line 835]
Event: 9714.473 Thread 0x0000023beb3f36a0 Exception <a 'java/lang/NoClassDefFoundError'{0x0000000723da7858}: org/jetbrains/kotlin/gradle/plugin/KotlinBasePluginWrapper> (0x0000000723da7858) 
thrown [s\src\hotspot\share\oops\constantPool.cpp, line 835]
Event: 9714.582 Thread 0x0000023beb3f36a0 Exception <a 'sun/nio/fs/WindowsException'{0x00000007236ad678}> (0x00000007236ad678) 
thrown [s\src\hotspot\share\prims\jni.cpp, line 517]
Event: 9714.651 Thread 0x0000023beb3f36a0 Exception <a 'sun/nio/fs/WindowsException'{0x000000072374d1a0}> (0x000000072374d1a0) 
thrown [s\src\hotspot\share\prims\jni.cpp, line 517]
Event: 9714.652 Thread 0x0000023beb3f36a0 Exception <a 'sun/nio/fs/WindowsException'{0x000000072374e408}> (0x000000072374e408) 
thrown [s\src\hotspot\share\prims\jni.cpp, line 517]
Event: 9714.652 Thread 0x0000023beb3f36a0 Exception <a 'sun/nio/fs/WindowsException'{0x000000072374f6c0}> (0x000000072374f6c0) 
thrown [s\src\hotspot\share\prims\jni.cpp, line 517]
Event: 9714.652 Thread 0x0000023beb3f36a0 Exception <a 'sun/nio/fs/WindowsException'{0x0000000723750978}> (0x0000000723750978) 
thrown [s\src\hotspot\share\prims\jni.cpp, line 517]
Event: 9715.691 Thread 0x0000023beb3f36a0 Implicit null exception at 0x0000023bd7db397d to 0x0000023bd7db3b0c
Event: 9715.854 Thread 0x0000023beb3f36a0 Implicit null exception at 0x0000023bd7dbab2b to 0x0000023bd7dbaca8
Event: 9735.523 Thread 0x0000023beb678f60 StackOverflowError at 0x0000023bd71c8e60
Event: 9735.523 Thread 0x0000023beb678f60 Exception <a 'java/lang/StackOverflowError'{0x00000007336eeb08}> (0x00000007336eeb08) 
thrown [s\src\hotspot\share\runtime\sharedRuntime.cpp, line 628]

VM Operations (20 events):
Event: 8714.363 Executing VM operation: Cleanup
Event: 8714.363 Executing VM operation: Cleanup done
Event: 9044.511 Executing VM operation: Cleanup
Event: 9044.511 Executing VM operation: Cleanup done
Event: 9708.529 Executing VM operation: Cleanup
Event: 9708.530 Executing VM operation: Cleanup done
Event: 9709.543 Executing VM operation: Cleanup
Event: 9709.544 Executing VM operation: Cleanup done
Event: 9711.550 Executing VM operation: Cleanup
Event: 9711.566 Executing VM operation: Cleanup done
Event: 9712.568 Executing VM operation: Cleanup
Event: 9712.568 Executing VM operation: Cleanup done
Event: 9713.571 Executing VM operation: Cleanup
Event: 9713.571 Executing VM operation: Cleanup done
Event: 9714.577 Executing VM operation: Cleanup
Event: 9714.577 Executing VM operation: Cleanup done
Event: 9715.288 Executing VM operation: G1CollectForAllocation
Event: 9715.482 Executing VM operation: G1CollectForAllocation done
Event: 9716.485 Executing VM operation: Cleanup
Event: 9716.485 Executing VM operation: Cleanup done

Events (20 events):
Event: 9710.772 Thread 0x0000023bf701b340 Thread added: 0x0000023bf701b340
Event: 9710.772 Thread 0x0000023bf701b810 Thread added: 0x0000023bf701b810
Event: 9710.772 Thread 0x0000023bf701f1d0 Thread added: 0x0000023bf701f1d0
Event: 9710.773 Thread 0x0000023bf701f6a0 Thread added: 0x0000023bf701f6a0
Event: 9710.773 Thread 0x0000023bf701fb70 Thread added: 0x0000023bf701fb70
Event: 9710.951 Thread 0x0000023bedb8ebd0 Thread added: 0x0000023bedb8ebd0
Event: 9711.008 Thread 0x0000023bf7020040 Thread added: 0x0000023bf7020040
Event: 9711.575 Thread 0x0000023bedb8ebd0 Thread exited: 0x0000023bedb8ebd0
Event: 9712.469 Thread 0x0000023bef8bdde0 Thread added: 0x0000023bef8bdde0
Event: 9712.675 Thread 0x0000023bef8bdde0 Thread exited: 0x0000023bef8bdde0
Event: 9712.804 Thread 0x0000023bef8bc490 Thread added: 0x0000023bef8bc490
Event: 9713.280 Thread 0x0000023bef8bc490 Thread exited: 0x0000023bef8bc490
Event: 9713.775 Thread 0x0000023bef8bd8d0 Thread added: 0x0000023bef8bd8d0
Event: 9714.434 Thread 0x0000023bef8bd8d0 Thread exited: 0x0000023bef8bd8d0
Event: 9715.098 Thread 0x0000023bef8bceb0 Thread added: 0x0000023bef8bceb0
Event: 9716.022 Thread 0x0000023beb674260 Thread added: 0x0000023beb674260
Event: 9716.465 Thread 0x0000023bef8bceb0 Thread exited: 0x0000023bef8bceb0
Event: 9716.466 Thread 0x0000023beb67a2a0 Thread added: 0x0000023beb67a2a0
Event: 9716.477 Thread 0x0000023beb678f60 Thread added: 0x0000023beb678f60
Event: 9716.477 Thread 0x0000023beb679430 Thread added: 0x0000023beb679430


Dynamic libraries:
0x00007ff7cd720000 - 0x00007ff7cd72a000 	C:\Program Files\Android\Android Studio\jbr\bin\java.exe
0x00007ffa06250000 - 0x00007ffa06448000 	C:\Windows\SYSTEM32\ntdll.dll
0x00007ffa05a80000 - 0x00007ffa05b3d000 	C:\Windows\System32\KERNEL32.DLL
0x00007ffa03f30000 - 0x00007ffa04226000 	C:\Windows\System32\KERNELBASE.dll
0x00007ffa03a20000 - 0x00007ffa03b20000 	C:\Windows\System32\ucrtbase.dll
0x00007ff9fe5c0000 - 0x00007ff9fe5db000 	C:\Program Files\Android\Android Studio\jbr\bin\VCRUNTIME140.dll
0x00007ff9fca20000 - 0x00007ff9fca37000 	C:\Program Files\Android\Android Studio\jbr\bin\jli.dll
0x00007ffa05b40000 - 0x00007ffa05cde000 	C:\Windows\System32\USER32.dll
0x00007ffa03ed0000 - 0x00007ffa03ef2000 	C:\Windows\System32\win32u.dll
0x00007ffa05d40000 - 0x00007ffa05d6b000 	C:\Windows\System32\GDI32.dll
0x00007ff9f7640000 - 0x00007ff9f78da000 	C:\Windows\WinSxS\amd64_microsoft.windows.common-controls_6595b64144ccf1df_6.0.19041.3636_none_60b6a03d71f818d5\COMCTL32.dll
0x00007ffa03900000 - 0x00007ffa03a17000 	C:\Windows\System32\gdi32full.dll
0x00007ffa059e0000 - 0x00007ffa05a7e000 	C:\Windows\System32\msvcrt.dll
0x00007ffa03b20000 - 0x00007ffa03bbd000 	C:\Windows\System32\msvcp_win.dll
0x00007ffa058e0000 - 0x00007ffa05912000 	C:\Windows\System32\IMM32.DLL
0x00007ff9fe5b0000 - 0x00007ff9fe5bc000 	C:\Program Files\Android\Android Studio\jbr\bin\vcruntime140_1.dll
0x00007ff9fb700000 - 0x00007ff9fb78d000 	C:\Program Files\Android\Android Studio\jbr\bin\msvcp140.dll
0x00007ff98bf00000 - 0x00007ff98cb6e000 	C:\Program Files\Android\Android Studio\jbr\bin\server\jvm.dll
0x00007ffa06160000 - 0x00007ffa06210000 	C:\Windows\System32\ADVAPI32.dll
0x00007ffa04770000 - 0x00007ffa04810000 	C:\Windows\System32\sechost.dll
0x00007ffa04400000 - 0x00007ffa04525000 	C:\Windows\System32\RPCRT4.dll
0x00007ffa03f00000 - 0x00007ffa03f27000 	C:\Windows\System32\bcrypt.dll
0x00007ff9fca10000 - 0x00007ff9fca19000 	C:\Windows\SYSTEM32\WSOCK32.dll
0x00007ff9f56c0000 - 0x00007ff9f56ca000 	C:\Windows\SYSTEM32\VERSION.dll
0x00007ffa04f20000 - 0x00007ffa04f8b000 	C:\Windows\System32\WS2_32.dll
0x00007ff9e9470000 - 0x00007ff9e9497000 	C:\Windows\SYSTEM32\WINMM.dll
0x00007ffa02100000 - 0x00007ffa02112000 	C:\Windows\SYSTEM32\kernel.appcore.dll
0x00007ff9fca00000 - 0x00007ff9fca0a000 	C:\Program Files\Android\Android Studio\jbr\bin\jimage.dll
0x00007ff9e7880000 - 0x00007ff9e7a64000 	C:\Windows\SYSTEM32\DBGHELP.DLL
0x00007ff9e9670000 - 0x00007ff9e96a4000 	C:\Windows\SYSTEM32\dbgcore.DLL
0x00007ffa03dd0000 - 0x00007ffa03e52000 	C:\Windows\System32\bcryptPrimitives.dll
0x00007ff9fb6d0000 - 0x00007ff9fb6f5000 	C:\Program Files\Android\Android Studio\jbr\bin\java.dll
0x00007ff9fc9e0000 - 0x00007ff9fc9f8000 	C:\Program Files\Android\Android Studio\jbr\bin\zip.dll
0x00007ffa04f90000 - 0x00007ffa056fb000 	C:\Windows\System32\SHELL32.dll
0x00007ffa01860000 - 0x00007ffa01ffe000 	C:\Windows\SYSTEM32\windows.storage.dll
0x00007ffa05e00000 - 0x00007ffa06153000 	C:\Windows\System32\combase.dll
0x00007ffa03180000 - 0x00007ffa031ae000 	C:\Windows\SYSTEM32\Wldp.dll
0x00007ffa04280000 - 0x00007ffa0434d000 	C:\Windows\System32\OLEAUT32.dll
0x00007ffa04530000 - 0x00007ffa045dd000 	C:\Windows\System32\SHCORE.dll
0x00007ffa05980000 - 0x00007ffa059d5000 	C:\Windows\System32\shlwapi.dll
0x00007ffa03830000 - 0x00007ffa03855000 	C:\Windows\SYSTEM32\profapi.dll
0x00007ff9fc370000 - 0x00007ff9fc389000 	C:\Program Files\Android\Android Studio\jbr\bin\net.dll
0x00007ff9fb860000 - 0x00007ff9fb96a000 	C:\Windows\SYSTEM32\WINHTTP.dll
0x00007ffa02f60000 - 0x00007ffa02fca000 	C:\Windows\system32\mswsock.dll
0x00007ff9fb6b0000 - 0x00007ff9fb6c6000 	C:\Program Files\Android\Android Studio\jbr\bin\nio.dll
0x00007ff9fb1f0000 - 0x00007ff9fb200000 	C:\Program Files\Android\Android Studio\jbr\bin\verify.dll
0x00007ff9f6e20000 - 0x00007ff9f6e47000 	C:\Users\ALI_S\.gradle\native\e1d6ef7f7dcc3fd88c89a11ec53ec762bb8ba0a96d01ffa2cd45eb1d1d8dd5c5\windows-amd64\native-platform.dll
0x00007ff9cb1e0000 - 0x00007ff9cb324000 	C:\Users\ALI_S\.gradle\native\0d407fdbe67a94daf76414ababcb853783967236a71b16ec16e742cd7a986fd3\windows-amd64\native-platform-file-events.dll
0x00007ff9f81c0000 - 0x00007ff9f81c9000 	C:\Program Files\Android\Android Studio\jbr\bin\management.dll
0x00007ff9f6e90000 - 0x00007ff9f6e9b000 	C:\Program Files\Android\Android Studio\jbr\bin\management_ext.dll
0x00007ffa04f10000 - 0x00007ffa04f18000 	C:\Windows\System32\PSAPI.DLL
0x00007ffa034f0000 - 0x00007ffa03508000 	C:\Windows\SYSTEM32\CRYPTSP.dll
0x00007ffa028b0000 - 0x00007ffa028e4000 	C:\Windows\system32\rsaenh.dll
0x00007ffa037b0000 - 0x00007ffa037de000 	C:\Windows\SYSTEM32\USERENV.dll
0x00007ffa030f0000 - 0x00007ffa030fc000 	C:\Windows\SYSTEM32\CRYPTBASE.dll
0x00007ffa02c70000 - 0x00007ffa02cab000 	C:\Windows\SYSTEM32\IPHLPAPI.DLL
0x00007ffa04760000 - 0x00007ffa04768000 	C:\Windows\System32\NSI.dll
0x00007ff9fcda0000 - 0x00007ff9fcdb7000 	C:\Windows\SYSTEM32\dhcpcsvc6.DLL
0x00007ff9fcd80000 - 0x00007ff9fcd9d000 	C:\Windows\SYSTEM32\dhcpcsvc.DLL
0x00007ffa02cb0000 - 0x00007ffa02d7b000 	C:\Windows\SYSTEM32\DNSAPI.dll
0x00007ff9f4760000 - 0x00007ff9f4767000 	C:\Windows\system32\wshunix.dll
0x00007ff9f57a0000 - 0x00007ff9f57aa000 	C:\Windows\System32\rasadhlp.dll
0x00007ff9fad20000 - 0x00007ff9fada0000 	C:\Windows\System32\fwpuclnt.dll

dbghelp: loaded successfully - version: 4.0.5 - missing functions: none
symbol engine: initialized successfully - sym options: 0x614 - pdb path: .;C:\Program Files\Android\Android Studio\jbr\bin;C:\Windows\SYSTEM32;C:\Windows\WinSxS\amd64_microsoft.windows.common-controls_6595b64144ccf1df_6.0.19041.3636_none_60b6a03d71f818d5;C:\Program Files\Android\Android Studio\jbr\bin\server;C:\Users\ALI_S\.gradle\native\e1d6ef7f7dcc3fd88c89a11ec53ec762bb8ba0a96d01ffa2cd45eb1d1d8dd5c5\windows-amd64;C:\Users\ALI_S\.gradle\native\0d407fdbe67a94daf76414ababcb853783967236a71b16ec16e742cd7a986fd3\windows-amd64

VM Arguments:
jvm_args: --add-opens=java.base/java.util=ALL-UNNAMED --add-opens=java.base/java.lang=ALL-UNNAMED --add-opens=java.base/java.lang.invoke=ALL-UNNAMED --add-opens=java.base/java.util=ALL-UNNAMED --add-opens=java.prefs/java.util.prefs=ALL-UNNAMED --add-opens=java.prefs/java.util.prefs=ALL-UNNAMED --add-opens=java.base/java.nio.charset=ALL-UNNAMED --add-opens=java.base/java.net=ALL-UNNAMED --add-opens=java.base/java.util.concurrent.atomic=ALL-UNNAMED -Xmx4G -Dfile.encoding=windows-1252 -Duser.country=US -Duser.language=en -Duser.variant 
java_command: org.gradle.launcher.daemon.bootstrap.GradleDaemon 7.5
java_class_path (initial): C:\Users\ALI_S\.gradle\wrapper\dists\gradle-7.5-all\6qsw290k5lz422uaf8jf6m7co\gradle-7.5\lib\gradle-launcher-7.5.jar
Launcher Type: SUN_STANDARD

[Global flags]
     intx CICompilerCount                          = 3                                         {product} {ergonomic}
     uint ConcGCThreads                            = 1                                         {product} {ergonomic}
     uint G1ConcRefinementThreads                  = 4                                         {product} {ergonomic}
   size_t G1HeapRegionSize                         = 2097152                                   {product} {ergonomic}
    uintx GCDrainStackTargetSize                   = 64                                        {product} {ergonomic}
   size_t InitialHeapSize                          = 134217728                                 {product} {ergonomic}
   size_t MarkStackSize                            = 4194304                                   {product} {ergonomic}
   size_t MaxHeapSize                              = 4294967296                                {product} {command line}
   size_t MaxNewSize                               = 2575302656                                {product} {ergonomic}
   size_t MinHeapDeltaBytes                        = 2097152                                   {product} {ergonomic}
   size_t MinHeapSize                              = 8388608                                   {product} {ergonomic}
    uintx NonNMethodCodeHeapSize                   = 5832780                                {pd product} {ergonomic}
    uintx NonProfiledCodeHeapSize                  = 122912730                              {pd product} {ergonomic}
    uintx ProfiledCodeHeapSize                     = 122912730                              {pd product} {ergonomic}
    uintx ReservedCodeCacheSize                    = 251658240                              {pd product} {ergonomic}
     bool SegmentedCodeCache                       = true                                      {product} {ergonomic}
   size_t SoftMaxHeapSize                          = 4294967296                             {manageable} {ergonomic}
     bool UseCompressedClassPointers               = true                           {product lp64_product} {ergonomic}
     bool UseCompressedOops                        = true                           {product lp64_product} {ergonomic}
     bool UseG1GC                                  = true                                      {product} {ergonomic}
     bool UseLargePagesIndividualAllocation        = false                                  {pd product} {ergonomic}

Logging:
Log output configuration:
 #0: stdout all=warning uptime,level,tags
 #1: stderr all=off uptime,level,tags

Environment Variables:
JAVA_HOME=C:\Program Files\Android\Android Studio\jbr
CLASSPATH=C:\development\flutter_app\mukawwin_3\android\\gradle\wrapper\gradle-wrapper.jar
PATH=C:\Program Files\Android\Android Studio\jbr\bin;C:\Program Files\Common Files\Oracle\Java\javapath;C:\Program Files (x86)\VMware\VMware Player\bin\;C:\Windows\system32;C:\Windows;C:\Windows\System32\Wbem;C:\Windows\System32\WindowsPowerShell\v1.0\;C:\Windows\System32\OpenSSH\;C:\Program Files\Git\cmd;C:\Program Files\MATLAB\R2017a\runtime\win64;C:\Program Files\MATLAB\R2017a\bin;C:\Program Files\nodejs\;C:\Program Files\Microsoft SQL Server\110\Tools\Binn\;c:\Program Files (x86)\Microsoft SQL Server\90\Tools\binn\;C:\Visual8\Common7\IDE;C:\Visual8\VC\bin;C:\Visual8\Common7\Tools;C:\Visual8\Common7\Tools\Bin;C:\Visual8\VC\PlatformSDK\Bin;C:\Visual8\SDK\v2.0\Bin;C:\Windows\Microsoft.NET\Framework\v2.0.50727;C:\Visual8\VC\vcpackages;C:\Opnet\14.5.A\bin;C:\Program Files\Java\jdk1.8.0_65\bin;C:\Users\ALI_S\AppData\Local\Microsoft\WindowsApps;C:\development\flutter\bin;C:\Users\ALI_S\AppData\Local\Programs\Microsoft VS Code\bin;C:\development\flutter\bin\mingit\cmd;C:\development\flutter\bin\mingit\cmd
USERNAME=ALI_S
LIBPATH=C:\Windows\Microsoft.NET\Framework\v2.0.50727;C:\Visual8\VC\ATLMFC\LIB;
OS=Windows_NT
PROCESSOR_IDENTIFIER=Intel64 Family 6 Model 58 Stepping 9, GenuineIntel
TMP=C:\Users\ALI_S\AppData\Local\Temp
TEMP=C:\Users\ALI_S\AppData\Local\Temp


JNI global refs:
JNI global refs: 25, weak refs: 0

JNI global refs memory usage: 843, weak refs: 209


---------------  S Y S T E M  ---------------

OS:
 Windows 10 , 64 bit Build 19041 (10.0.19041.3636)
OS uptime: 10 days 18:01 hours
Hyper-V role detected

CPU: total 4 (initial active 4) (2 cores per cpu, 2 threads per core) family 6 model 58 stepping 9 microcode 0x21, cx8, cmov, fxsr, ht, mmx, sse, sse2, sse3, ssse3, sse4.1, sse4.2, popcnt, tsc, tscinvbit, avx, aes, erms, clmul, vzeroupper, clflush, hv

Memory: 4k page, system-wide physical 8094M (494M free)
TotalPageFile size 11711M (AvailPageFile size 0M)
current process WorkingSet (physical memory assigned to process): 588M, peak: 936M
current process commit charge ("private bytes"): 1274M, peak: 1317M

vm_info: OpenJDK 64-Bit Server VM (17.0.6+0-b2043.56-10027231) for windows-amd64 JRE (17.0.6+0-b2043.56-10027231), built on Apr 28 2023 00:43:19 by "androidbuild" with MS VC++ 16.10 / 16.11 (VS2019)

END.
