#
# There is insufficient memory for the Java Runtime Environment to continue.
# Native memory allocation (mmap) failed to map 759169024 bytes for G1 virtual space
# Possible reasons:
#   The system is out of physical RAM or swap space
#   The process is running with CompressedOops enabled, and the Java Heap may be blocking the growth of the native heap
# Possible solutions:
#   Reduce memory load on the system
#   Increase physical memory or swap space
#   Check if swap backing store is full
#   Decrease Java heap size (-Xmx/-Xms)
#   Decrease number of Java threads
#   Decrease Java thread stack sizes (-Xss)
#   Set larger code cache with -XX:ReservedCodeCacheSize=
#   JVM is running with Zero Based Compressed Oops mode in which the Java heap is
#     placed in the first 32GB address space. The Java Heap base address is the
#     maximum limit for the native heap growth. Please use -XX:HeapBaseMinAddress
#     to set the Java Heap base and to place the Java Heap above 32GB virtual address.
# This output file may be truncated or incomplete.
#
#  Out of Memory Error (os_windows.cpp:3769), pid=7192, tid=13972
#
# JRE version: OpenJDK Runtime Environment (17.0.6) (build 17.0.6+0-b2043.56-10027231)
# Java VM: OpenJDK 64-Bit Server VM (17.0.6+0-b2043.56-10027231, mixed mode, tiered, compressed oops, compressed class ptrs, g1 gc, windows-amd64)
# No core dump will be written. Minidumps are not enabled by default on client versions of Windows
#

---------------  S U M M A R Y ------------

Command Line: --add-opens=java.base/java.util=ALL-UNNAMED --add-opens=java.base/java.lang=ALL-UNNAMED --add-opens=java.base/java.lang.invoke=ALL-UNNAMED --add-opens=java.base/java.util=ALL-UNNAMED --add-opens=java.prefs/java.util.prefs=ALL-UNNAMED --add-opens=java.prefs/java.util.prefs=ALL-UNNAMED --add-opens=java.base/java.nio.charset=ALL-UNNAMED --add-opens=java.base/java.net=ALL-UNNAMED --add-opens=java.base/java.util.concurrent.atomic=ALL-UNNAMED -Xmx4G -Dfile.encoding=windows-1252 -Duser.country=US -Duser.language=en -Duser.variant org.gradle.launcher.daemon.bootstrap.GradleDaemon 7.5

Host: Intel(R) Core(TM) i5-3380M CPU @ 2.90GHz, 4 cores, 7G,  Windows 10 , 64 bit Build 19041 (10.0.19041.3636)
Time: Sat Jan  4 14:02:24 2025 Syria Standard Time elapsed time: 224.285049 seconds (0d 0h 3m 44s)

---------------  T H R E A D  ---------------

Current thread (0x0000025c6193c150):  VMThread "VM Thread" [stack: 0x000000ded3e00000,0x000000ded3f00000] [id=13972]

Stack: [0x000000ded3e00000,0x000000ded3f00000]
Native frames: (J=compiled Java code, j=interpreted, Vv=VM code, C=native code)
V  [jvm.dll+0x683c9a]
V  [jvm.dll+0x8427a4]
V  [jvm.dll+0x843f9e]
V  [jvm.dll+0x844603]
V  [jvm.dll+0x249b75]
V  [jvm.dll+0x680b69]
V  [jvm.dll+0x67505a]
V  [jvm.dll+0x309acb]
V  [jvm.dll+0x310f86]
V  [jvm.dll+0x3608ee]
V  [jvm.dll+0x360b1f]
V  [jvm.dll+0x2dfbf8]
V  [jvm.dll+0x2ddec4]
V  [jvm.dll+0x2dd4cc]
V  [jvm.dll+0x322261]
V  [jvm.dll+0x848ccb]
V  [jvm.dll+0x849a04]
V  [jvm.dll+0x849f1d]
V  [jvm.dll+0x84a2f4]
V  [jvm.dll+0x84a3c0]
V  [jvm.dll+0x7f274a]
V  [jvm.dll+0x682ad5]
C  [ucrtbase.dll+0x21bb2]
C  [KERNEL32.DLL+0x17344]
C  [ntdll.dll+0x526b1]

VM_Operation (0x000000deda0fe520): G1TryInitiateConcMark, mode: safepoint, requested by thread 0x0000025c6ed90e70


---------------  P R O C E S S  ---------------

Threads class SMR info:
_java_thread_list=0x0000025c6f177860, length=108, elements={
0x0000025c43768350, 0x0000025c62414620, 0x0000025c62415b30, 0x0000025c6195b910,
0x0000025c6195e6e0, 0x0000025c624361a0, 0x0000025c62436b50, 0x0000025c62437830,
0x0000025c62439140, 0x0000025c6243c5e0, 0x0000025c625e15d0, 0x0000025c625e1aa0,
0x0000025c64b8cc00, 0x0000025c63f8a020, 0x0000025c63c74640, 0x0000025c64ff0ae0,
0x0000025c65269420, 0x0000025c63829190, 0x0000025c638287f0, 0x0000025c63829660,
0x0000025c63828cc0, 0x0000025c63826b10, 0x0000025c63829b30, 0x0000025c63826170,
0x0000025c63827e50, 0x0000025c63826640, 0x0000025c638274b0, 0x0000025c63827980,
0x0000025c655920b0, 0x0000025c6558dd50, 0x0000025c6558cee0, 0x0000025c65594730,
0x0000025c65591710, 0x0000025c65591be0, 0x0000025c655908a0, 0x0000025c6558ebc0,
0x0000025c655903d0, 0x0000025c6558f090, 0x0000025c6558d880, 0x0000025c6558fa30,
0x0000025c65592a50, 0x0000025c65591240, 0x0000025c688e6440, 0x0000025c688e1c10,
0x0000025c688e5aa0, 0x0000025c688e38f0, 0x0000025c688e2f50, 0x0000025c688e3420,
0x0000025c688e5f70, 0x0000025c688e55d0, 0x0000025c688e3dc0, 0x0000025c688e72b0,
0x0000025c688e0400, 0x0000025c688e4760, 0x0000025c688e4290, 0x0000025c688e0da0,
0x0000025c688e5100, 0x0000025c688e25b0, 0x0000025c688e2a80, 0x0000025c688e6910,
0x0000025c688e6de0, 0x0000025c688e7780, 0x0000025c688e1270, 0x0000025c688e1740,
0x0000025c688dff30, 0x0000025c688e08d0, 0x0000025c65fae0a0, 0x0000025c65fb0720,
0x0000025c65faba20, 0x0000025c65faea40, 0x0000025c65fad230, 0x0000025c65fb0bf0,
0x0000025c65fae570, 0x0000025c65facd60, 0x0000025c65fb0250, 0x0000025c65faef10,
0x0000025c65fb1f30, 0x0000025c65fab080, 0x0000025c65fb10c0, 0x0000025c65fb1590,
0x0000025c65fb1a60, 0x0000025c65fac3c0, 0x0000025c65fad700, 0x0000025c65faf3e0,
0x0000025c65faf8b0, 0x0000025c65fadbd0, 0x0000025c65faabb0, 0x0000025c648b0930,
0x0000025c648b3950, 0x0000025c648acf70, 0x0000025c6ec40fb0, 0x0000025c6ec43160,
0x0000025c6ec422f0, 0x0000025c6ec43630, 0x0000025c6ec3e930, 0x0000025c6ec3df90,
0x0000025c6ec3e460, 0x0000025c6ec3f2d0, 0x0000025c6ec40140, 0x0000025c6ed93020,
0x0000025c6ed90e70, 0x0000025c6ed934f0, 0x0000025c6ed95b70, 0x0000025c6ed92b50,
0x0000025c6ed94830, 0x0000025c6ed96040, 0x0000025c648b3480, 0x0000025c69040a40
}

Java Threads: ( => current thread )
  0x0000025c43768350 JavaThread "main" [_thread_blocked, id=1904, stack(0x000000ded3800000,0x000000ded3900000)]
  0x0000025c62414620 JavaThread "Reference Handler" daemon [_thread_blocked, id=10008, stack(0x000000ded3f00000,0x000000ded4000000)]
  0x0000025c62415b30 JavaThread "Finalizer" daemon [_thread_blocked, id=928, stack(0x000000ded4000000,0x000000ded4100000)]
  0x0000025c6195b910 JavaThread "Signal Dispatcher" daemon [_thread_blocked, id=7384, stack(0x000000ded4100000,0x000000ded4200000)]
  0x0000025c6195e6e0 JavaThread "Attach Listener" daemon [_thread_blocked, id=8524, stack(0x000000ded4200000,0x000000ded4300000)]
  0x0000025c624361a0 JavaThread "Service Thread" daemon [_thread_blocked, id=5216, stack(0x000000ded4300000,0x000000ded4400000)]
  0x0000025c62436b50 JavaThread "Monitor Deflation Thread" daemon [_thread_blocked, id=1268, stack(0x000000ded4400000,0x000000ded4500000)]
  0x0000025c62437830 JavaThread "C2 CompilerThread0" daemon [_thread_blocked, id=1512, stack(0x000000ded4500000,0x000000ded4600000)]
  0x0000025c62439140 JavaThread "C1 CompilerThread0" daemon [_thread_blocked, id=9860, stack(0x000000ded4600000,0x000000ded4700000)]
  0x0000025c6243c5e0 JavaThread "Sweeper thread" daemon [_thread_blocked, id=10096, stack(0x000000ded4700000,0x000000ded4800000)]
  0x0000025c625e15d0 JavaThread "Common-Cleaner" daemon [_thread_blocked, id=7856, stack(0x000000ded4800000,0x000000ded4900000)]
  0x0000025c625e1aa0 JavaThread "Notification Thread" daemon [_thread_blocked, id=7432, stack(0x000000ded4900000,0x000000ded4a00000)]
  0x0000025c64b8cc00 JavaThread "Daemon health stats" [_thread_blocked, id=7948, stack(0x000000ded4f00000,0x000000ded5000000)]
  0x0000025c63f8a020 JavaThread "Incoming local TCP Connector on port 51323" [_thread_in_native, id=7128, stack(0x000000ded4b00000,0x000000ded4c00000)]
  0x0000025c63c74640 JavaThread "Daemon periodic checks" [_thread_blocked, id=4420, stack(0x000000ded5000000,0x000000ded5100000)]
  0x0000025c64ff0ae0 JavaThread "Daemon" [_thread_blocked, id=14284, stack(0x000000ded5100000,0x000000ded5200000)]
  0x0000025c65269420 JavaThread "Handler for socket connection from /127.0.0.1:51323 to /127.0.0.1:51324" [_thread_in_native, id=9472, stack(0x000000ded5200000,0x000000ded5300000)]
  0x0000025c63829190 JavaThread "Cancel handler" [_thread_blocked, id=3388, stack(0x000000ded5300000,0x000000ded5400000)]
  0x0000025c638287f0 JavaThread "Daemon worker" [_thread_blocked, id=11556, stack(0x000000ded5400000,0x000000ded5500000)]
  0x0000025c63829660 JavaThread "Asynchronous log dispatcher for DefaultDaemonConnection: socket connection from /127.0.0.1:51323 to /127.0.0.1:51324" [_thread_blocked, id=1432, stack(0x000000ded5500000,0x000000ded5600000)]
  0x0000025c63828cc0 JavaThread "Stdin handler" [_thread_blocked, id=4732, stack(0x000000ded5600000,0x000000ded5700000)]
  0x0000025c63826b10 JavaThread "Daemon client event forwarder" [_thread_blocked, id=10080, stack(0x000000ded5700000,0x000000ded5800000)]
  0x0000025c63829b30 JavaThread "Cache worker for journal cache (C:\Users\ALI_S\.gradle\caches\journal-1)" [_thread_blocked, id=6980, stack(0x000000ded5800000,0x000000ded5900000)]
  0x0000025c63826170 JavaThread "File lock request listener" [_thread_in_native, id=3828, stack(0x000000ded5900000,0x000000ded5a00000)]
  0x0000025c63827e50 JavaThread "Cache worker for file hash cache (C:\Users\ALI_S\.gradle\caches\7.5\fileHashes)" [_thread_blocked, id=8552, stack(0x000000ded5a00000,0x000000ded5b00000)]
  0x0000025c63826640 JavaThread "File watcher server" daemon [_thread_blocked, id=6776, stack(0x000000ded5e00000,0x000000ded5f00000)]
  0x0000025c638274b0 JavaThread "File watcher consumer" daemon [_thread_blocked, id=10020, stack(0x000000ded5f00000,0x000000ded6000000)]
  0x0000025c63827980 JavaThread "Cache worker for checksums cache (C:\development\flutter_app\mukawwin_3\android\.gradle\7.5\checksums)" [_thread_blocked, id=9380, stack(0x000000ded6000000,0x000000ded6100000)]
  0x0000025c655920b0 JavaThread "Cache worker for cache directory md-rule (C:\Users\ALI_S\.gradle\caches\7.5\md-rule)" [_thread_blocked, id=8352, stack(0x000000ded6100000,0x000000ded6200000)]
  0x0000025c6558dd50 JavaThread "Cache worker for file content cache (C:\Users\ALI_S\.gradle\caches\7.5\fileContent)" [_thread_blocked, id=11876, stack(0x000000ded6200000,0x000000ded6300000)]
  0x0000025c6558cee0 JavaThread "Cache worker for file hash cache (C:\development\flutter_app\mukawwin_3\android\.gradle\7.5\fileHashes)" [_thread_blocked, id=4320, stack(0x000000ded6300000,0x000000ded6400000)]
  0x0000025c65594730 JavaThread "Cache worker for cache directory md-supplier (C:\Users\ALI_S\.gradle\caches\7.5\md-supplier)" [_thread_blocked, id=832, stack(0x000000ded6400000,0x000000ded6500000)]
  0x0000025c65591710 JavaThread "Cache worker for execution history cache (C:\Users\ALI_S\.gradle\caches\7.5\executionHistory)" [_thread_blocked, id=8912, stack(0x000000ded6500000,0x000000ded6600000)]
  0x0000025c65591be0 JavaThread "jar transforms" [_thread_blocked, id=3324, stack(0x000000ded6600000,0x000000ded6700000)]
  0x0000025c655908a0 JavaThread "Cache worker for kotlin-dsl (C:\Users\ALI_S\.gradle\caches\7.5\kotlin-dsl)" [_thread_blocked, id=3140, stack(0x000000ded6700000,0x000000ded6800000)]
  0x0000025c6558ebc0 JavaThread "jar transforms Thread 2" [_thread_blocked, id=6640, stack(0x000000ded6800000,0x000000ded6900000)]
  0x0000025c655903d0 JavaThread "Cache worker for dependencies-accessors (C:\development\flutter_app\mukawwin_3\android\.gradle\7.5\dependencies-accessors)" [_thread_blocked, id=11748, stack(0x000000ded6900000,0x000000ded6a00000)]
  0x0000025c6558f090 JavaThread "Cache worker for Build Output Cleanup Cache (C:\development\flutter\packages\flutter_tools\gradle\.gradle\buildOutputCleanup)" [_thread_blocked, id=10392, stack(0x000000ded6a00000,0x000000ded6b00000)]
  0x0000025c6558d880 JavaThread "jar transforms Thread 3" [_thread_blocked, id=8768, stack(0x000000ded6b00000,0x000000ded6c00000)]
  0x0000025c6558fa30 JavaThread "Memory manager" [_thread_blocked, id=14332, stack(0x000000ded6c00000,0x000000ded6d00000)]
  0x0000025c65592a50 JavaThread "jar transforms Thread 4" [_thread_blocked, id=7280, stack(0x000000ded6d00000,0x000000ded6e00000)]
  0x0000025c65591240 JavaThread "included builds" [_thread_blocked, id=2676, stack(0x000000ded6e00000,0x000000ded6f00000)]
  0x0000025c688e6440 JavaThread "Execution worker" [_thread_blocked, id=8024, stack(0x000000ded6f00000,0x000000ded7000000)]
  0x0000025c688e1c10 JavaThread "Execution worker Thread 2" [_thread_blocked, id=7328, stack(0x000000ded7000000,0x000000ded7100000)]
  0x0000025c688e5aa0 JavaThread "Execution worker Thread 3" [_thread_blocked, id=1784, stack(0x000000ded7100000,0x000000ded7200000)]
  0x0000025c688e38f0 JavaThread "Cache worker for execution history cache (C:\development\flutter\packages\flutter_tools\gradle\.gradle\7.5\executionHistory)" [_thread_blocked, id=14280, stack(0x000000ded7200000,0x000000ded7300000)]
  0x0000025c688e2f50 JavaThread "Unconstrained build operations" [_thread_blocked, id=3444, stack(0x000000ded7300000,0x000000ded7400000)]
  0x0000025c688e3420 JavaThread "Unconstrained build operations Thread 2" [_thread_blocked, id=11548, stack(0x000000ded7400000,0x000000ded7500000)]
  0x0000025c688e5f70 JavaThread "Unconstrained build operations Thread 3" [_thread_blocked, id=3276, stack(0x000000ded7500000,0x000000ded7600000)]
  0x0000025c688e55d0 JavaThread "Unconstrained build operations Thread 4" [_thread_blocked, id=13852, stack(0x000000ded7600000,0x000000ded7700000)]
  0x0000025c688e3dc0 JavaThread "Unconstrained build operations Thread 5" [_thread_blocked, id=3684, stack(0x000000ded7700000,0x000000ded7800000)]
  0x0000025c688e72b0 JavaThread "Unconstrained build operations Thread 6" [_thread_blocked, id=8020, stack(0x000000ded7800000,0x000000ded7900000)]
  0x0000025c688e0400 JavaThread "Unconstrained build operations Thread 7" [_thread_blocked, id=13568, stack(0x000000ded7900000,0x000000ded7a00000)]
  0x0000025c688e4760 JavaThread "Unconstrained build operations Thread 8" [_thread_blocked, id=7304, stack(0x000000ded7a00000,0x000000ded7b00000)]
  0x0000025c688e4290 JavaThread "Unconstrained build operations Thread 9" [_thread_blocked, id=4408, stack(0x000000ded7b00000,0x000000ded7c00000)]
  0x0000025c688e0da0 JavaThread "Unconstrained build operations Thread 10" [_thread_blocked, id=6196, stack(0x000000ded7c00000,0x000000ded7d00000)]
  0x0000025c688e5100 JavaThread "Unconstrained build operations Thread 11" [_thread_blocked, id=9268, stack(0x000000ded3500000,0x000000ded3600000)]
  0x0000025c688e25b0 JavaThread "Unconstrained build operations Thread 12" [_thread_blocked, id=3632, stack(0x000000ded7e00000,0x000000ded7f00000)]
  0x0000025c688e2a80 JavaThread "Unconstrained build operations Thread 13" [_thread_blocked, id=876, stack(0x000000ded7f00000,0x000000ded8000000)]
  0x0000025c688e6910 JavaThread "Unconstrained build operations Thread 14" [_thread_blocked, id=12448, stack(0x000000ded8000000,0x000000ded8100000)]
  0x0000025c688e6de0 JavaThread "Unconstrained build operations Thread 15" [_thread_blocked, id=5304, stack(0x000000ded8100000,0x000000ded8200000)]
  0x0000025c688e7780 JavaThread "Unconstrained build operations Thread 16" [_thread_blocked, id=6544, stack(0x000000ded8200000,0x000000ded8300000)]
  0x0000025c688e1270 JavaThread "Unconstrained build operations Thread 17" [_thread_blocked, id=13056, stack(0x000000ded8300000,0x000000ded8400000)]
  0x0000025c688e1740 JavaThread "Unconstrained build operations Thread 18" [_thread_blocked, id=3332, stack(0x000000ded8400000,0x000000ded8500000)]
  0x0000025c688dff30 JavaThread "Unconstrained build operations Thread 19" [_thread_blocked, id=6308, stack(0x000000ded8500000,0x000000ded8600000)]
  0x0000025c688e08d0 JavaThread "Unconstrained build operations Thread 20" [_thread_blocked, id=4220, stack(0x000000ded8600000,0x000000ded8700000)]
  0x0000025c65fae0a0 JavaThread "Unconstrained build operations Thread 21" [_thread_blocked, id=11360, stack(0x000000ded8700000,0x000000ded8800000)]
  0x0000025c65fb0720 JavaThread "Unconstrained build operations Thread 22" [_thread_blocked, id=9272, stack(0x000000ded8800000,0x000000ded8900000)]
  0x0000025c65faba20 JavaThread "Unconstrained build operations Thread 23" [_thread_blocked, id=4484, stack(0x000000ded8900000,0x000000ded8a00000)]
  0x0000025c65faea40 JavaThread "Unconstrained build operations Thread 24" [_thread_blocked, id=9780, stack(0x000000ded8a00000,0x000000ded8b00000)]
  0x0000025c65fad230 JavaThread "Unconstrained build operations Thread 25" [_thread_blocked, id=11600, stack(0x000000ded8b00000,0x000000ded8c00000)]
  0x0000025c65fb0bf0 JavaThread "Unconstrained build operations Thread 26" [_thread_blocked, id=1364, stack(0x000000ded8c00000,0x000000ded8d00000)]
  0x0000025c65fae570 JavaThread "Unconstrained build operations Thread 27" [_thread_blocked, id=12032, stack(0x000000ded8d00000,0x000000ded8e00000)]
  0x0000025c65facd60 JavaThread "Unconstrained build operations Thread 28" [_thread_blocked, id=10740, stack(0x000000ded8e00000,0x000000ded8f00000)]
  0x0000025c65fb0250 JavaThread "Unconstrained build operations Thread 29" [_thread_blocked, id=8664, stack(0x000000ded8f00000,0x000000ded9000000)]
  0x0000025c65faef10 JavaThread "Unconstrained build operations Thread 30" [_thread_blocked, id=7824, stack(0x000000ded9000000,0x000000ded9100000)]
  0x0000025c65fb1f30 JavaThread "Unconstrained build operations Thread 31" [_thread_blocked, id=4064, stack(0x000000ded9100000,0x000000ded9200000)]
  0x0000025c65fab080 JavaThread "Unconstrained build operations Thread 32" [_thread_blocked, id=9024, stack(0x000000ded9200000,0x000000ded9300000)]
  0x0000025c65fb10c0 JavaThread "Unconstrained build operations Thread 33" [_thread_blocked, id=6164, stack(0x000000ded9300000,0x000000ded9400000)]
  0x0000025c65fb1590 JavaThread "Unconstrained build operations Thread 34" [_thread_blocked, id=7112, stack(0x000000ded9400000,0x000000ded9500000)]
  0x0000025c65fb1a60 JavaThread "Unconstrained build operations Thread 35" [_thread_blocked, id=1140, stack(0x000000ded9500000,0x000000ded9600000)]
  0x0000025c65fac3c0 JavaThread "Unconstrained build operations Thread 36" [_thread_blocked, id=3096, stack(0x000000ded9600000,0x000000ded9700000)]
  0x0000025c65fad700 JavaThread "Unconstrained build operations Thread 37" [_thread_blocked, id=11644, stack(0x000000ded9700000,0x000000ded9800000)]
  0x0000025c65faf3e0 JavaThread "Unconstrained build operations Thread 38" [_thread_blocked, id=2300, stack(0x000000ded9800000,0x000000ded9900000)]
  0x0000025c65faf8b0 JavaThread "Unconstrained build operations Thread 39" [_thread_blocked, id=7240, stack(0x000000ded9900000,0x000000ded9a00000)]
  0x0000025c65fadbd0 JavaThread "Unconstrained build operations Thread 40" [_thread_blocked, id=7528, stack(0x000000ded9a00000,0x000000ded9b00000)]
  0x0000025c65faabb0 JavaThread "Cache worker for Build Output Cleanup Cache (C:\development\flutter_app\mukawwin_3\android\.gradle\buildOutputCleanup)" [_thread_blocked, id=1696, stack(0x000000ded9e00000,0x000000ded9f00000)]
  0x0000025c648b0930 JavaThread "Cache worker for execution history cache (C:\development\flutter_app\mukawwin_3\android\.gradle\7.5\executionHistory)" [_thread_blocked, id=11904, stack(0x000000ded3600000,0x000000ded3700000)]
  0x0000025c648b3950 JavaThread "WorkerExecutor Queue Thread 4" [_thread_in_native, id=5260, stack(0x000000deda400000,0x000000deda500000)]
  0x0000025c648acf70 JavaThread "WorkerExecutor Queue Thread 5" [_thread_blocked, id=13908, stack(0x000000deda500000,0x000000deda600000)]
  0x0000025c6ec40fb0 JavaThread "WorkerExecutor Queue Thread 7" [_thread_blocked, id=7468, stack(0x000000ded9c00000,0x000000ded9d00000)]
  0x0000025c6ec43160 JavaThread "pool-3-thread-1" [_thread_blocked, id=12212, stack(0x000000deda200000,0x000000deda300000)]
  0x0000025c6ec422f0 JavaThread "Cache worker for Java compile cache (C:\Users\ALI_S\.gradle\caches\7.5\javaCompile)" [_thread_blocked, id=9764, stack(0x000000deda300000,0x000000deda400000)]
  0x0000025c6ec43630 JavaThread "stderr" [_thread_in_native, id=9628, stack(0x000000ded9b00000,0x000000ded9c00000)]
  0x0000025c6ec3e930 JavaThread "stdout" [_thread_in_native, id=9748, stack(0x000000deda600000,0x000000deda700000)]
  0x0000025c6ec3df90 JavaThread "Build operations" [_thread_blocked, id=688, stack(0x000000deda800000,0x000000deda900000)]
  0x0000025c6ec3e460 JavaThread "Build operations Thread 2" [_thread_blocked, id=6264, stack(0x000000deda900000,0x000000dedaa00000)]
  0x0000025c6ec3f2d0 JavaThread "Build operations Thread 3" [_thread_blocked, id=5136, stack(0x000000dedaa00000,0x000000dedab00000)]
  0x0000025c6ec40140 JavaThread "Build operations Thread 4" [_thread_blocked, id=3504, stack(0x000000dedab00000,0x000000dedac00000)]
  0x0000025c6ed93020 JavaThread "WorkerExecutor Queue Thread 8" [_thread_blocked, id=11172, stack(0x000000ded9f00000,0x000000deda000000)]
  0x0000025c6ed90e70 JavaThread "ForkJoinPool-1-worker-1" daemon [_thread_blocked, id=13508, stack(0x000000deda000000,0x000000deda100000)]
  0x0000025c6ed934f0 JavaThread "ForkJoinPool-1-worker-2" daemon [_thread_blocked, id=3560, stack(0x000000deda100000,0x000000deda200000)]
  0x0000025c6ed95b70 JavaThread "ForkJoinPool-1-worker-3" daemon [_thread_blocked, id=14200, stack(0x000000ded3700000,0x000000ded3800000)]
  0x0000025c6ed92b50 JavaThread "ForkJoinPool-1-worker-4" daemon [_thread_blocked, id=10916, stack(0x000000ded9d00000,0x000000ded9e00000)]
  0x0000025c6ed94830 JavaThread "RMI Scheduler(0)" daemon [_thread_blocked, id=1832, stack(0x000000dedac00000,0x000000dedad00000)]
  0x0000025c6ed96040 JavaThread "RMI RenewClean-[127.0.0.1:17651,org.jetbrains.kotlin.daemon.common.LoopbackNetworkInterface$ClientLoopbackSocketFactory@13fea885]" daemon [_thread_blocked, id=11812, stack(0x000000dedad00000,0x000000dedae00000)]
  0x0000025c648b3480 JavaThread "Thread-93" [_thread_in_native, id=11092, stack(0x000000dedb000000,0x000000dedb100000)]
  0x0000025c69040a40 JavaThread "C2 CompilerThread1" daemon [_thread_blocked, id=8096, stack(0x000000deda700000,0x000000deda800000)]

Other Threads:
=>0x0000025c6193c150 VMThread "VM Thread" [stack: 0x000000ded3e00000,0x000000ded3f00000] [id=13972]
  0x0000025c625df2a0 WatcherThread [stack: 0x000000ded4a00000,0x000000ded4b00000] [id=2880]
  0x0000025c437d2b90 GCTaskThread "GC Thread#0" [stack: 0x000000ded3900000,0x000000ded3a00000] [id=13892]
  0x0000025c62b40280 GCTaskThread "GC Thread#1" [stack: 0x000000ded4c00000,0x000000ded4d00000] [id=8424]
  0x0000025c62af2f00 GCTaskThread "GC Thread#2" [stack: 0x000000ded4d00000,0x000000ded4e00000] [id=12416]
  0x0000025c631e39b0 GCTaskThread "GC Thread#3" [stack: 0x000000ded4e00000,0x000000ded4f00000] [id=8720]
  0x0000025c437e3ad0 ConcurrentGCThread "G1 Main Marker" [stack: 0x000000ded3a00000,0x000000ded3b00000] [id=6396]
  0x0000025c437e44e0 ConcurrentGCThread "G1 Conc#0" [stack: 0x000000ded3b00000,0x000000ded3c00000] [id=2216]
  0x0000025c4381f760 ConcurrentGCThread "G1 Refine#0" [stack: 0x000000ded3c00000,0x000000ded3d00000] [id=10852]
  0x0000025c64f6ff80 ConcurrentGCThread "G1 Refine#1" [stack: 0x000000ded5b00000,0x000000ded5c00000] [id=12252]
  0x0000025c64f70260 ConcurrentGCThread "G1 Refine#2" [stack: 0x000000ded5c00000,0x000000ded5d00000] [id=3368]
  0x0000025c64d37ac0 ConcurrentGCThread "G1 Refine#3" [stack: 0x000000ded5d00000,0x000000ded5e00000] [id=6076]
  0x0000025c617a0300 ConcurrentGCThread "G1 Service" [stack: 0x000000ded3d00000,0x000000ded3e00000] [id=13248]

Threads with active compile tasks:

VM state: at safepoint (normal execution)

VM Mutex/Monitor currently owned by a thread:  ([mutex/lock_event])
[0x0000025c43764540] Threads_lock - owner thread: 0x0000025c6193c150
[0x0000025c43763a90] Heap_lock - owner thread: 0x0000025c6ed90e70

Heap address: 0x0000000700000000, size: 4096 MB, Compressed Oops mode: Zero based, Oop shift amount: 3

CDS archive(s) not mapped
Compressed class space mapped at: 0x0000000800000000-0x0000000840000000, reserved size: 1073741824
Narrow klass base: 0x0000000800000000, Narrow klass shift: 0, Narrow klass range: 0x40000000

GC Precious Log:
 CPUs: 4 total, 4 available
 Memory: 8094M
 Large Page Support: Disabled
 NUMA Support: Disabled
 Compressed Oops: Enabled (Zero based)
 Heap Region Size: 2M
 Heap Min Capacity: 8M
 Heap Initial Capacity: 128M
 Heap Max Capacity: 4G
 Pre-touch: Disabled
 Parallel Workers: 4
 Concurrent Workers: 1
 Concurrent Refinement Workers: 4
 Periodic GC: Disabled

Heap:
 garbage-first heap   total 845824K, used 472223K [0x0000000700000000, 0x0000000800000000)
  region size 2048K, 11 young (22528K), 11 survivors (22528K)
 Metaspace       used 157191K, committed 158784K, reserved 1187840K
  class space    used 20507K, committed 21184K, reserved 1048576K

Heap Regions: E=young(eden), S=young(survivor), O=old, HS=humongous(starts), HC=humongous(continues), CS=collection set, F=free, OA=open archive, CA=closed archive, TAMS=top-at-mark-start (previous, next)
|   0|0x0000000700000000, 0x0000000700200000, 0x0000000700200000|100%|HS|  |TAMS 0x0000000700200000, 0x0000000700200000| Complete 
|   1|0x0000000700200000, 0x0000000700400000, 0x0000000700400000|100%|HC|  |TAMS 0x0000000700400000, 0x0000000700400000| Complete 
|   2|0x0000000700400000, 0x0000000700600000, 0x0000000700600000|100%| O|  |TAMS 0x0000000700600000, 0x0000000700600000| Untracked 
|   3|0x0000000700600000, 0x0000000700800000, 0x0000000700800000|100%| O|  |TAMS 0x0000000700800000, 0x0000000700800000| Untracked 
|   4|0x0000000700800000, 0x0000000700a00000, 0x0000000700a00000|100%| O|  |TAMS 0x0000000700a00000, 0x0000000700a00000| Untracked 
|   5|0x0000000700a00000, 0x0000000700c00000, 0x0000000700c00000|100%| O|  |TAMS 0x0000000700c00000, 0x0000000700c00000| Untracked 
|   6|0x0000000700c00000, 0x0000000700e00000, 0x0000000700e00000|100%| O|  |TAMS 0x0000000700e00000, 0x0000000700e00000| Untracked 
|   7|0x0000000700e00000, 0x0000000701000000, 0x0000000701000000|100%| O|  |TAMS 0x0000000701000000, 0x0000000701000000| Untracked 
|   8|0x0000000701000000, 0x0000000701200000, 0x0000000701200000|100%| O|  |TAMS 0x0000000701200000, 0x0000000701200000| Untracked 
|   9|0x0000000701200000, 0x0000000701400000, 0x0000000701400000|100%| O|  |TAMS 0x0000000701400000, 0x0000000701400000| Untracked 
|  10|0x0000000701400000, 0x0000000701600000, 0x0000000701600000|100%| O|  |TAMS 0x0000000701600000, 0x0000000701600000| Untracked 
|  11|0x0000000701600000, 0x0000000701800000, 0x0000000701800000|100%| O|  |TAMS 0x0000000701800000, 0x0000000701800000| Untracked 
|  12|0x0000000701800000, 0x0000000701a00000, 0x0000000701a00000|100%| O|  |TAMS 0x0000000701a00000, 0x0000000701a00000| Untracked 
|  13|0x0000000701a00000, 0x0000000701c00000, 0x0000000701c00000|100%| O|  |TAMS 0x0000000701c00000, 0x0000000701c00000| Untracked 
|  14|0x0000000701c00000, 0x0000000701e00000, 0x0000000701e00000|100%| O|  |TAMS 0x0000000701e00000, 0x0000000701e00000| Untracked 
|  15|0x0000000701e00000, 0x0000000702000000, 0x0000000702000000|100%| O|  |TAMS 0x0000000702000000, 0x0000000702000000| Untracked 
|  16|0x0000000702000000, 0x0000000702200000, 0x0000000702200000|100%| O|  |TAMS 0x0000000702200000, 0x0000000702200000| Untracked 
|  17|0x0000000702200000, 0x0000000702400000, 0x0000000702400000|100%| O|  |TAMS 0x0000000702400000, 0x0000000702400000| Untracked 
|  18|0x0000000702400000, 0x0000000702600000, 0x0000000702600000|100%| O|  |TAMS 0x0000000702600000, 0x0000000702600000| Untracked 
|  19|0x0000000702600000, 0x0000000702800000, 0x0000000702800000|100%| O|  |TAMS 0x0000000702800000, 0x0000000702800000| Untracked 
|  20|0x0000000702800000, 0x0000000702a00000, 0x0000000702a00000|100%| O|  |TAMS 0x0000000702a00000, 0x0000000702a00000| Untracked 
|  21|0x0000000702a00000, 0x0000000702c00000, 0x0000000702c00000|100%| O|  |TAMS 0x0000000702c00000, 0x0000000702c00000| Untracked 
|  22|0x0000000702c00000, 0x0000000702e00000, 0x0000000702e00000|100%| O|  |TAMS 0x0000000702e00000, 0x0000000702e00000| Untracked 
|  23|0x0000000702e00000, 0x0000000703000000, 0x0000000703000000|100%|HS|  |TAMS 0x0000000703000000, 0x0000000703000000| Complete 
|  24|0x0000000703000000, 0x0000000703200000, 0x0000000703200000|100%| O|  |TAMS 0x0000000703200000, 0x0000000703200000| Untracked 
|  25|0x0000000703200000, 0x0000000703400000, 0x0000000703400000|100%| O|  |TAMS 0x0000000703400000, 0x0000000703400000| Untracked 
|  26|0x0000000703400000, 0x0000000703600000, 0x0000000703600000|100%| O|  |TAMS 0x0000000703600000, 0x0000000703600000| Untracked 
|  27|0x0000000703600000, 0x0000000703800000, 0x0000000703800000|100%| O|  |TAMS 0x0000000703800000, 0x0000000703800000| Untracked 
|  28|0x0000000703800000, 0x0000000703a00000, 0x0000000703a00000|100%|HS|  |TAMS 0x0000000703a00000, 0x0000000703a00000| Complete 
|  29|0x0000000703a00000, 0x0000000703c00000, 0x0000000703c00000|100%|HC|  |TAMS 0x0000000703c00000, 0x0000000703c00000| Complete 
|  30|0x0000000703c00000, 0x0000000703e00000, 0x0000000703e00000|100%| O|  |TAMS 0x0000000703e00000, 0x0000000703e00000| Untracked 
|  31|0x0000000703e00000, 0x0000000704000000, 0x0000000704000000|100%| O|  |TAMS 0x0000000704000000, 0x0000000704000000| Untracked 
|  32|0x0000000704000000, 0x0000000704200000, 0x0000000704200000|100%| O|  |TAMS 0x0000000704200000, 0x0000000704200000| Untracked 
|  33|0x0000000704200000, 0x0000000704400000, 0x0000000704400000|100%| O|  |TAMS 0x0000000704400000, 0x0000000704400000| Untracked 
|  34|0x0000000704400000, 0x0000000704600000, 0x0000000704600000|100%| O|  |TAMS 0x0000000704600000, 0x0000000704600000| Untracked 
|  35|0x0000000704600000, 0x0000000704800000, 0x0000000704800000|100%| O|  |TAMS 0x0000000704800000, 0x0000000704800000| Untracked 
|  36|0x0000000704800000, 0x0000000704a00000, 0x0000000704a00000|100%| O|  |TAMS 0x0000000704a00000, 0x0000000704a00000| Untracked 
|  37|0x0000000704a00000, 0x0000000704c00000, 0x0000000704c00000|100%| O|  |TAMS 0x0000000704c00000, 0x0000000704c00000| Untracked 
|  38|0x0000000704c00000, 0x0000000704e00000, 0x0000000704e00000|100%| O|  |TAMS 0x0000000704e00000, 0x0000000704e00000| Untracked 
|  39|0x0000000704e00000, 0x0000000705000000, 0x0000000705000000|100%| O|  |TAMS 0x0000000705000000, 0x0000000705000000| Untracked 
|  40|0x0000000705000000, 0x0000000705200000, 0x0000000705200000|100%| O|  |TAMS 0x0000000705200000, 0x0000000705200000| Untracked 
|  41|0x0000000705200000, 0x0000000705400000, 0x0000000705400000|100%| O|  |TAMS 0x0000000705400000, 0x0000000705400000| Untracked 
|  42|0x0000000705400000, 0x0000000705600000, 0x0000000705600000|100%| O|  |TAMS 0x0000000705600000, 0x0000000705600000| Untracked 
|  43|0x0000000705600000, 0x0000000705800000, 0x0000000705800000|100%| O|  |TAMS 0x0000000705800000, 0x0000000705800000| Untracked 
|  44|0x0000000705800000, 0x0000000705a00000, 0x0000000705a00000|100%| O|  |TAMS 0x0000000705a00000, 0x0000000705a00000| Untracked 
|  45|0x0000000705a00000, 0x0000000705c00000, 0x0000000705c00000|100%| O|  |TAMS 0x0000000705c00000, 0x0000000705c00000| Untracked 
|  46|0x0000000705c00000, 0x0000000705e00000, 0x0000000705e00000|100%| O|  |TAMS 0x0000000705e00000, 0x0000000705e00000| Untracked 
|  47|0x0000000705e00000, 0x0000000706000000, 0x0000000706000000|100%| O|  |TAMS 0x0000000706000000, 0x0000000706000000| Untracked 
|  48|0x0000000706000000, 0x0000000706200000, 0x0000000706200000|100%| O|  |TAMS 0x0000000706200000, 0x0000000706200000| Untracked 
|  49|0x0000000706200000, 0x0000000706400000, 0x0000000706400000|100%| O|  |TAMS 0x0000000706400000, 0x0000000706400000| Untracked 
|  50|0x0000000706400000, 0x0000000706600000, 0x0000000706600000|100%| O|  |TAMS 0x0000000706600000, 0x0000000706600000| Untracked 
|  51|0x0000000706600000, 0x0000000706800000, 0x0000000706800000|100%| O|  |TAMS 0x0000000706800000, 0x0000000706800000| Untracked 
|  52|0x0000000706800000, 0x0000000706a00000, 0x0000000706a00000|100%| O|  |TAMS 0x0000000706a00000, 0x0000000706a00000| Untracked 
|  53|0x0000000706a00000, 0x0000000706c00000, 0x0000000706c00000|100%| O|  |TAMS 0x0000000706c00000, 0x0000000706c00000| Untracked 
|  54|0x0000000706c00000, 0x0000000706e00000, 0x0000000706e00000|100%| O|  |TAMS 0x0000000706e00000, 0x0000000706e00000| Untracked 
|  55|0x0000000706e00000, 0x0000000707000000, 0x0000000707000000|100%| O|  |TAMS 0x0000000707000000, 0x0000000707000000| Untracked 
|  56|0x0000000707000000, 0x0000000707200000, 0x0000000707200000|100%| O|  |TAMS 0x0000000707200000, 0x0000000707200000| Untracked 
|  57|0x0000000707200000, 0x0000000707400000, 0x0000000707400000|100%| O|  |TAMS 0x0000000707400000, 0x0000000707400000| Untracked 
|  58|0x0000000707400000, 0x0000000707600000, 0x0000000707600000|100%| O|  |TAMS 0x0000000707600000, 0x0000000707600000| Untracked 
|  59|0x0000000707600000, 0x0000000707800000, 0x0000000707800000|100%| O|  |TAMS 0x0000000707800000, 0x0000000707800000| Untracked 
|  60|0x0000000707800000, 0x0000000707a00000, 0x0000000707a00000|100%| O|  |TAMS 0x0000000707a00000, 0x0000000707a00000| Untracked 
|  61|0x0000000707a00000, 0x0000000707a00000, 0x0000000707c00000|  0%| F|  |TAMS 0x0000000707a00000, 0x0000000707a00000| Untracked 
|  62|0x0000000707c00000, 0x0000000707e00000, 0x0000000707e00000|100%|HS|  |TAMS 0x0000000707e00000, 0x0000000707e00000| Complete 
|  63|0x0000000707e00000, 0x0000000708000000, 0x0000000708000000|100%| O|  |TAMS 0x0000000708000000, 0x0000000708000000| Untracked 
|  64|0x0000000708000000, 0x0000000708200000, 0x0000000708200000|100%| O|  |TAMS 0x0000000708200000, 0x0000000708200000| Untracked 
|  65|0x0000000708200000, 0x0000000708400000, 0x0000000708400000|100%| O|  |TAMS 0x0000000708400000, 0x0000000708400000| Untracked 
|  66|0x0000000708400000, 0x0000000708600000, 0x0000000708600000|100%| O|  |TAMS 0x0000000708600000, 0x0000000708600000| Untracked 
|  67|0x0000000708600000, 0x0000000708800000, 0x0000000708800000|100%| O|  |TAMS 0x0000000708800000, 0x0000000708800000| Untracked 
|  68|0x0000000708800000, 0x0000000708a00000, 0x0000000708a00000|100%| O|  |TAMS 0x0000000708a00000, 0x0000000708a00000| Untracked 
|  69|0x0000000708a00000, 0x0000000708c00000, 0x0000000708c00000|100%| O|  |TAMS 0x0000000708c00000, 0x0000000708c00000| Untracked 
|  70|0x0000000708c00000, 0x0000000708e00000, 0x0000000708e00000|100%| O|  |TAMS 0x0000000708e00000, 0x0000000708e00000| Untracked 
|  71|0x0000000708e00000, 0x0000000709000000, 0x0000000709000000|100%| O|  |TAMS 0x0000000709000000, 0x0000000709000000| Untracked 
|  72|0x0000000709000000, 0x0000000709200000, 0x0000000709200000|100%| O|  |TAMS 0x0000000709200000, 0x0000000709200000| Untracked 
|  73|0x0000000709200000, 0x0000000709400000, 0x0000000709400000|100%| O|  |TAMS 0x0000000709400000, 0x0000000709400000| Untracked 
|  74|0x0000000709400000, 0x0000000709600000, 0x0000000709600000|100%| O|  |TAMS 0x0000000709600000, 0x0000000709600000| Untracked 
|  75|0x0000000709600000, 0x0000000709800000, 0x0000000709800000|100%| O|  |TAMS 0x0000000709800000, 0x0000000709800000| Untracked 
|  76|0x0000000709800000, 0x0000000709a00000, 0x0000000709a00000|100%| O|  |TAMS 0x0000000709a00000, 0x0000000709a00000| Untracked 
|  77|0x0000000709a00000, 0x0000000709c00000, 0x0000000709c00000|100%| O|  |TAMS 0x0000000709c00000, 0x0000000709c00000| Untracked 
|  78|0x0000000709c00000, 0x0000000709e00000, 0x0000000709e00000|100%| O|  |TAMS 0x0000000709e00000, 0x0000000709e00000| Untracked 
|  79|0x0000000709e00000, 0x000000070a000000, 0x000000070a000000|100%|HS|  |TAMS 0x000000070a000000, 0x000000070a000000| Complete 
|  80|0x000000070a000000, 0x000000070a200000, 0x000000070a200000|100%|HS|  |TAMS 0x000000070a200000, 0x000000070a200000| Complete 
|  81|0x000000070a200000, 0x000000070a400000, 0x000000070a400000|100%|HS|  |TAMS 0x000000070a200000, 0x000000070a400000| Complete 
|  82|0x000000070a400000, 0x000000070a600000, 0x000000070a600000|100%|HS|  |TAMS 0x000000070a400000, 0x000000070a600000| Complete 
|  83|0x000000070a600000, 0x000000070a800000, 0x000000070a800000|100%|HS|  |TAMS 0x000000070a800000, 0x000000070a800000| Complete 
|  84|0x000000070a800000, 0x000000070aa00000, 0x000000070aa00000|100%|HS|  |TAMS 0x000000070aa00000, 0x000000070aa00000| Complete 
|  85|0x000000070aa00000, 0x000000070ac00000, 0x000000070ac00000|100%| O|  |TAMS 0x000000070ac00000, 0x000000070ac00000| Untracked 
|  86|0x000000070ac00000, 0x000000070ae00000, 0x000000070ae00000|100%|HS|  |TAMS 0x000000070ae00000, 0x000000070ae00000| Complete 
|  87|0x000000070ae00000, 0x000000070b000000, 0x000000070b000000|100%|HC|  |TAMS 0x000000070b000000, 0x000000070b000000| Complete 
|  88|0x000000070b000000, 0x000000070b200000, 0x000000070b200000|100%| O|  |TAMS 0x000000070b200000, 0x000000070b200000| Untracked 
|  89|0x000000070b200000, 0x000000070b400000, 0x000000070b400000|100%|HS|  |TAMS 0x000000070b200000, 0x000000070b400000| Complete 
|  90|0x000000070b400000, 0x000000070b400000, 0x000000070b600000|  0%| F|  |TAMS 0x000000070b400000, 0x000000070b400000| Untracked 
|  91|0x000000070b600000, 0x000000070b800000, 0x000000070b800000|100%| O|  |TAMS 0x000000070b800000, 0x000000070b800000| Untracked 
|  92|0x000000070b800000, 0x000000070ba00000, 0x000000070ba00000|100%| O|  |TAMS 0x000000070ba00000, 0x000000070ba00000| Untracked 
|  93|0x000000070ba00000, 0x000000070bc00000, 0x000000070bc00000|100%| O|  |TAMS 0x000000070bc00000, 0x000000070bc00000| Untracked 
|  94|0x000000070bc00000, 0x000000070be00000, 0x000000070be00000|100%| O|  |TAMS 0x000000070be00000, 0x000000070be00000| Untracked 
|  95|0x000000070be00000, 0x000000070c000000, 0x000000070c000000|100%| O|  |TAMS 0x000000070c000000, 0x000000070c000000| Untracked 
|  96|0x000000070c000000, 0x000000070c200000, 0x000000070c200000|100%| O|  |TAMS 0x000000070c200000, 0x000000070c200000| Untracked 
|  97|0x000000070c200000, 0x000000070c400000, 0x000000070c400000|100%| O|  |TAMS 0x000000070c400000, 0x000000070c400000| Untracked 
|  98|0x000000070c400000, 0x000000070c600000, 0x000000070c600000|100%| O|  |TAMS 0x000000070c600000, 0x000000070c600000| Untracked 
|  99|0x000000070c600000, 0x000000070c800000, 0x000000070c800000|100%| O|  |TAMS 0x000000070c800000, 0x000000070c800000| Untracked 
| 100|0x000000070c800000, 0x000000070ca00000, 0x000000070ca00000|100%|HS|  |TAMS 0x000000070ca00000, 0x000000070ca00000| Complete 
| 101|0x000000070ca00000, 0x000000070cc00000, 0x000000070cc00000|100%|HC|  |TAMS 0x000000070cc00000, 0x000000070cc00000| Complete 
| 102|0x000000070cc00000, 0x000000070ce00000, 0x000000070ce00000|100%|HS|  |TAMS 0x000000070cc00000, 0x000000070ce00000| Complete 
| 103|0x000000070ce00000, 0x000000070d000000, 0x000000070d000000|100%|HS|  |TAMS 0x000000070ce00000, 0x000000070d000000| Complete 
| 104|0x000000070d000000, 0x000000070d200000, 0x000000070d200000|100%|HS|  |TAMS 0x000000070d000000, 0x000000070d200000| Complete 
| 105|0x000000070d200000, 0x000000070d400000, 0x000000070d400000|100%|HS|  |TAMS 0x000000070d200000, 0x000000070d400000| Complete 
| 106|0x000000070d400000, 0x000000070d400000, 0x000000070d600000|  0%| F|  |TAMS 0x000000070d400000, 0x000000070d400000| Untracked 
| 107|0x000000070d600000, 0x000000070d800000, 0x000000070d800000|100%| O|  |TAMS 0x000000070d600000, 0x000000070d800000| Untracked 
| 108|0x000000070d800000, 0x000000070da00000, 0x000000070da00000|100%| O|  |TAMS 0x000000070da00000, 0x000000070da00000| Untracked 
| 109|0x000000070da00000, 0x000000070da00000, 0x000000070dc00000|  0%| F|  |TAMS 0x000000070da00000, 0x000000070da00000| Untracked 
| 110|0x000000070dc00000, 0x000000070de00000, 0x000000070de00000|100%| O|  |TAMS 0x000000070de00000, 0x000000070de00000| Untracked 
| 111|0x000000070de00000, 0x000000070e000000, 0x000000070e000000|100%| O|  |TAMS 0x000000070e000000, 0x000000070e000000| Untracked 
| 112|0x000000070e000000, 0x000000070e200000, 0x000000070e200000|100%| O|  |TAMS 0x000000070e200000, 0x000000070e200000| Untracked 
| 113|0x000000070e200000, 0x000000070e200000, 0x000000070e400000|  0%| F|  |TAMS 0x000000070e200000, 0x000000070e200000| Untracked 
| 114|0x000000070e400000, 0x000000070e600000, 0x000000070e600000|100%| O|  |TAMS 0x000000070e600000, 0x000000070e600000| Untracked 
| 115|0x000000070e600000, 0x000000070e800000, 0x000000070e800000|100%| O|  |TAMS 0x000000070e800000, 0x000000070e800000| Untracked 
| 116|0x000000070e800000, 0x000000070ea00000, 0x000000070ea00000|100%| O|  |TAMS 0x000000070ea00000, 0x000000070ea00000| Untracked 
| 117|0x000000070ea00000, 0x000000070ec00000, 0x000000070ec00000|100%| O|  |TAMS 0x000000070ec00000, 0x000000070ec00000| Untracked 
| 118|0x000000070ec00000, 0x000000070ee00000, 0x000000070ee00000|100%| O|  |TAMS 0x000000070ee00000, 0x000000070ee00000| Untracked 
| 119|0x000000070ee00000, 0x000000070f000000, 0x000000070f000000|100%| O|  |TAMS 0x000000070f000000, 0x000000070f000000| Untracked 
| 120|0x000000070f000000, 0x000000070f200000, 0x000000070f200000|100%| O|  |TAMS 0x000000070f000000, 0x000000070f200000| Untracked 
| 121|0x000000070f200000, 0x000000070f400000, 0x000000070f400000|100%|HS|  |TAMS 0x000000070f400000, 0x000000070f400000| Complete 
| 122|0x000000070f400000, 0x000000070f600000, 0x000000070f600000|100%| O|  |TAMS 0x000000070f600000, 0x000000070f600000| Untracked 
| 123|0x000000070f600000, 0x000000070f800000, 0x000000070f800000|100%|HS|  |TAMS 0x000000070f800000, 0x000000070f800000| Complete 
| 124|0x000000070f800000, 0x000000070fa00000, 0x000000070fa00000|100%| O|  |TAMS 0x000000070fa00000, 0x000000070fa00000| Untracked 
| 125|0x000000070fa00000, 0x000000070fc00000, 0x000000070fc00000|100%| O|  |TAMS 0x000000070fc00000, 0x000000070fc00000| Untracked 
| 126|0x000000070fc00000, 0x000000070fe00000, 0x000000070fe00000|100%|HS|  |TAMS 0x000000070fe00000, 0x000000070fe00000| Complete 
| 127|0x000000070fe00000, 0x0000000710000000, 0x0000000710000000|100%| O|  |TAMS 0x0000000710000000, 0x0000000710000000| Untracked 
| 128|0x0000000710000000, 0x0000000710000000, 0x0000000710200000|  0%| F|  |TAMS 0x0000000710000000, 0x0000000710000000| Untracked 
| 129|0x0000000710200000, 0x0000000710200000, 0x0000000710400000|  0%| F|  |TAMS 0x0000000710200000, 0x0000000710200000| Untracked 
| 130|0x0000000710400000, 0x0000000710600000, 0x0000000710600000|100%| O|  |TAMS 0x0000000710600000, 0x0000000710600000| Untracked 
| 131|0x0000000710600000, 0x0000000710800000, 0x0000000710800000|100%| O|  |TAMS 0x0000000710800000, 0x0000000710800000| Untracked 
| 132|0x0000000710800000, 0x0000000710a00000, 0x0000000710a00000|100%| O|  |TAMS 0x0000000710a00000, 0x0000000710a00000| Untracked 
| 133|0x0000000710a00000, 0x0000000710a00000, 0x0000000710c00000|  0%| F|  |TAMS 0x0000000710a00000, 0x0000000710a00000| Untracked 
| 134|0x0000000710c00000, 0x0000000710e00000, 0x0000000710e00000|100%| O|  |TAMS 0x0000000710c00000, 0x0000000710e00000| Untracked 
| 135|0x0000000710e00000, 0x0000000711000000, 0x0000000711000000|100%|HS|  |TAMS 0x0000000711000000, 0x0000000711000000| Complete 
| 136|0x0000000711000000, 0x0000000711200000, 0x0000000711200000|100%| O|  |TAMS 0x0000000711200000, 0x0000000711200000| Untracked 
| 137|0x0000000711200000, 0x0000000711400000, 0x0000000711400000|100%| O|  |TAMS 0x0000000711400000, 0x0000000711400000| Untracked 
| 138|0x0000000711400000, 0x0000000711600000, 0x0000000711600000|100%| O|  |TAMS 0x0000000711600000, 0x0000000711600000| Untracked 
| 139|0x0000000711600000, 0x0000000711800000, 0x0000000711800000|100%| O|  |TAMS 0x0000000711800000, 0x0000000711800000| Untracked 
| 140|0x0000000711800000, 0x0000000711a00000, 0x0000000711a00000|100%| O|  |TAMS 0x0000000711a00000, 0x0000000711a00000| Untracked 
| 141|0x0000000711a00000, 0x0000000711c00000, 0x0000000711c00000|100%| O|  |TAMS 0x0000000711c00000, 0x0000000711c00000| Untracked 
| 142|0x0000000711c00000, 0x0000000711e00000, 0x0000000711e00000|100%| O|  |TAMS 0x0000000711e00000, 0x0000000711e00000| Untracked 
| 143|0x0000000711e00000, 0x0000000712000000, 0x0000000712000000|100%| O|  |TAMS 0x0000000712000000, 0x0000000712000000| Untracked 
| 144|0x0000000712000000, 0x0000000712200000, 0x0000000712200000|100%| O|  |TAMS 0x0000000712200000, 0x0000000712200000| Untracked 
| 145|0x0000000712200000, 0x0000000712200000, 0x0000000712400000|  0%| F|  |TAMS 0x0000000712200000, 0x0000000712200000| Untracked 
| 146|0x0000000712400000, 0x0000000712600000, 0x0000000712600000|100%| O|  |TAMS 0x0000000712600000, 0x0000000712600000| Untracked 
| 147|0x0000000712600000, 0x0000000712800000, 0x0000000712800000|100%| O|  |TAMS 0x0000000712800000, 0x0000000712800000| Untracked 
| 148|0x0000000712800000, 0x0000000712a00000, 0x0000000712a00000|100%|HS|  |TAMS 0x0000000712a00000, 0x0000000712a00000| Complete 
| 149|0x0000000712a00000, 0x0000000712c00000, 0x0000000712c00000|100%|HS|  |TAMS 0x0000000712c00000, 0x0000000712c00000| Complete 
| 150|0x0000000712c00000, 0x0000000712e00000, 0x0000000712e00000|100%| O|  |TAMS 0x0000000712e00000, 0x0000000712e00000| Untracked 
| 151|0x0000000712e00000, 0x0000000713000000, 0x0000000713000000|100%| O|  |TAMS 0x0000000713000000, 0x0000000713000000| Untracked 
| 152|0x0000000713000000, 0x0000000713200000, 0x0000000713200000|100%| O|  |TAMS 0x0000000713200000, 0x0000000713200000| Untracked 
| 153|0x0000000713200000, 0x0000000713400000, 0x0000000713400000|100%| O|  |TAMS 0x0000000713400000, 0x0000000713400000| Untracked 
| 154|0x0000000713400000, 0x0000000713600000, 0x0000000713600000|100%| O|  |TAMS 0x0000000713600000, 0x0000000713600000| Untracked 
| 155|0x0000000713600000, 0x0000000713800000, 0x0000000713800000|100%| O|  |TAMS 0x0000000713800000, 0x0000000713800000| Untracked 
| 156|0x0000000713800000, 0x0000000713a00000, 0x0000000713a00000|100%| O|  |TAMS 0x0000000713a00000, 0x0000000713a00000| Untracked 
| 157|0x0000000713a00000, 0x0000000713c00000, 0x0000000713c00000|100%| O|  |TAMS 0x0000000713c00000, 0x0000000713c00000| Untracked 
| 158|0x0000000713c00000, 0x0000000713e00000, 0x0000000713e00000|100%| O|  |TAMS 0x0000000713e00000, 0x0000000713e00000| Untracked 
| 159|0x0000000713e00000, 0x0000000714000000, 0x0000000714000000|100%| O|  |TAMS 0x0000000714000000, 0x0000000714000000| Untracked 
| 160|0x0000000714000000, 0x0000000714200000, 0x0000000714200000|100%| O|  |TAMS 0x0000000714200000, 0x0000000714200000| Untracked 
| 161|0x0000000714200000, 0x0000000714400000, 0x0000000714400000|100%| O|  |TAMS 0x0000000714400000, 0x0000000714400000| Untracked 
| 162|0x0000000714400000, 0x0000000714600000, 0x0000000714600000|100%| O|  |TAMS 0x0000000714600000, 0x0000000714600000| Untracked 
| 163|0x0000000714600000, 0x0000000714800000, 0x0000000714800000|100%| O|  |TAMS 0x0000000714800000, 0x0000000714800000| Untracked 
| 164|0x0000000714800000, 0x0000000714a00000, 0x0000000714a00000|100%| O|  |TAMS 0x0000000714a00000, 0x0000000714a00000| Untracked 
| 165|0x0000000714a00000, 0x0000000714c00000, 0x0000000714c00000|100%| O|  |TAMS 0x0000000714c00000, 0x0000000714c00000| Untracked 
| 166|0x0000000714c00000, 0x0000000714e00000, 0x0000000714e00000|100%| O|  |TAMS 0x0000000714e00000, 0x0000000714e00000| Untracked 
| 167|0x0000000714e00000, 0x0000000715000000, 0x0000000715000000|100%| O|  |TAMS 0x0000000715000000, 0x0000000715000000| Untracked 
| 168|0x0000000715000000, 0x0000000715200000, 0x0000000715200000|100%| O|  |TAMS 0x0000000715200000, 0x0000000715200000| Untracked 
| 169|0x0000000715200000, 0x0000000715400000, 0x0000000715400000|100%| O|  |TAMS 0x0000000715400000, 0x0000000715400000| Untracked 
| 170|0x0000000715400000, 0x0000000715600000, 0x0000000715600000|100%| O|  |TAMS 0x0000000715600000, 0x0000000715600000| Untracked 
| 171|0x0000000715600000, 0x0000000715800000, 0x0000000715800000|100%| O|  |TAMS 0x0000000715800000, 0x0000000715800000| Untracked 
| 172|0x0000000715800000, 0x0000000715a00000, 0x0000000715a00000|100%| O|  |TAMS 0x0000000715a00000, 0x0000000715a00000| Untracked 
| 173|0x0000000715a00000, 0x0000000715c00000, 0x0000000715c00000|100%| O|  |TAMS 0x0000000715c00000, 0x0000000715c00000| Untracked 
| 174|0x0000000715c00000, 0x0000000715e00000, 0x0000000715e00000|100%| O|  |TAMS 0x0000000715e00000, 0x0000000715e00000| Untracked 
| 175|0x0000000715e00000, 0x0000000716000000, 0x0000000716000000|100%| O|  |TAMS 0x0000000716000000, 0x0000000716000000| Untracked 
| 176|0x0000000716000000, 0x0000000716200000, 0x0000000716200000|100%| O|  |TAMS 0x0000000716200000, 0x0000000716200000| Untracked 
| 177|0x0000000716200000, 0x0000000716400000, 0x0000000716400000|100%| O|  |TAMS 0x0000000716400000, 0x0000000716400000| Untracked 
| 178|0x0000000716400000, 0x0000000716600000, 0x0000000716600000|100%| O|  |TAMS 0x0000000716600000, 0x0000000716600000| Untracked 
| 179|0x0000000716600000, 0x0000000716800000, 0x0000000716800000|100%| O|  |TAMS 0x0000000716800000, 0x0000000716800000| Untracked 
| 180|0x0000000716800000, 0x0000000716a00000, 0x0000000716a00000|100%| O|  |TAMS 0x0000000716a00000, 0x0000000716a00000| Untracked 
| 181|0x0000000716a00000, 0x0000000716c00000, 0x0000000716c00000|100%| O|  |TAMS 0x0000000716c00000, 0x0000000716c00000| Untracked 
| 182|0x0000000716c00000, 0x0000000716e00000, 0x0000000716e00000|100%| O|  |TAMS 0x0000000716e00000, 0x0000000716e00000| Untracked 
| 183|0x0000000716e00000, 0x0000000717000000, 0x0000000717000000|100%| O|  |TAMS 0x0000000717000000, 0x0000000717000000| Untracked 
| 184|0x0000000717000000, 0x0000000717200000, 0x0000000717200000|100%| O|  |TAMS 0x0000000717200000, 0x0000000717200000| Untracked 
| 185|0x0000000717200000, 0x0000000717400000, 0x0000000717400000|100%| O|  |TAMS 0x0000000717400000, 0x0000000717400000| Untracked 
| 186|0x0000000717400000, 0x0000000717600000, 0x0000000717600000|100%| O|  |TAMS 0x0000000717600000, 0x0000000717600000| Untracked 
| 187|0x0000000717600000, 0x0000000717800000, 0x0000000717800000|100%| O|  |TAMS 0x0000000717800000, 0x0000000717800000| Untracked 
| 188|0x0000000717800000, 0x0000000717a00000, 0x0000000717a00000|100%| O|  |TAMS 0x0000000717a00000, 0x0000000717a00000| Untracked 
| 189|0x0000000717a00000, 0x0000000717c00000, 0x0000000717c00000|100%| O|  |TAMS 0x0000000717c00000, 0x0000000717c00000| Untracked 
| 190|0x0000000717c00000, 0x0000000717e00000, 0x0000000717e00000|100%| O|  |TAMS 0x0000000717e00000, 0x0000000717e00000| Untracked 
| 191|0x0000000717e00000, 0x0000000718000000, 0x0000000718000000|100%| O|  |TAMS 0x0000000718000000, 0x0000000718000000| Untracked 
| 192|0x0000000718000000, 0x0000000718200000, 0x0000000718200000|100%| O|  |TAMS 0x0000000718000000, 0x0000000718200000| Untracked 
| 193|0x0000000718200000, 0x0000000718400000, 0x0000000718400000|100%| O|  |TAMS 0x0000000718400000, 0x0000000718400000| Untracked 
| 194|0x0000000718400000, 0x0000000718600000, 0x0000000718600000|100%| O|  |TAMS 0x0000000718600000, 0x0000000718600000| Untracked 
| 195|0x0000000718600000, 0x0000000718800000, 0x0000000718800000|100%| O|  |TAMS 0x0000000718800000, 0x0000000718800000| Untracked 
| 196|0x0000000718800000, 0x0000000718a00000, 0x0000000718a00000|100%| O|  |TAMS 0x0000000718a00000, 0x0000000718a00000| Untracked 
| 197|0x0000000718a00000, 0x0000000718c00000, 0x0000000718c00000|100%| O|  |TAMS 0x0000000718c00000, 0x0000000718c00000| Untracked 
| 198|0x0000000718c00000, 0x0000000718e00000, 0x0000000718e00000|100%| O|  |TAMS 0x0000000718e00000, 0x0000000718e00000| Untracked 
| 199|0x0000000718e00000, 0x0000000719000000, 0x0000000719000000|100%| O|  |TAMS 0x0000000719000000, 0x0000000719000000| Untracked 
| 200|0x0000000719000000, 0x0000000719200000, 0x0000000719200000|100%| O|  |TAMS 0x0000000719200000, 0x0000000719200000| Untracked 
| 201|0x0000000719200000, 0x0000000719400000, 0x0000000719400000|100%| O|  |TAMS 0x0000000719400000, 0x0000000719400000| Untracked 
| 202|0x0000000719400000, 0x0000000719600000, 0x0000000719600000|100%| O|  |TAMS 0x0000000719400000, 0x0000000719600000| Untracked 
| 203|0x0000000719600000, 0x0000000719800000, 0x0000000719800000|100%| O|  |TAMS 0x0000000719600000, 0x0000000719800000| Untracked 
| 204|0x0000000719800000, 0x0000000719a00000, 0x0000000719a00000|100%| O|  |TAMS 0x0000000719800000, 0x0000000719a00000| Untracked 
| 205|0x0000000719a00000, 0x0000000719c00000, 0x0000000719c00000|100%| O|  |TAMS 0x0000000719a00000, 0x0000000719c00000| Untracked 
| 206|0x0000000719c00000, 0x0000000719e00000, 0x0000000719e00000|100%| O|  |TAMS 0x0000000719e00000, 0x0000000719e00000| Untracked 
| 207|0x0000000719e00000, 0x0000000719e00000, 0x000000071a000000|  0%| F|  |TAMS 0x0000000719e00000, 0x0000000719e00000| Untracked 
| 208|0x000000071a000000, 0x000000071a200000, 0x000000071a200000|100%| O|  |TAMS 0x000000071a200000, 0x000000071a200000| Untracked 
| 209|0x000000071a200000, 0x000000071a400000, 0x000000071a400000|100%| O|  |TAMS 0x000000071a400000, 0x000000071a400000| Untracked 
| 210|0x000000071a400000, 0x000000071a600000, 0x000000071a600000|100%| O|  |TAMS 0x000000071a400000, 0x000000071a600000| Untracked 
| 211|0x000000071a600000, 0x000000071a800000, 0x000000071a800000|100%| O|  |TAMS 0x000000071a800000, 0x000000071a800000| Untracked 
| 212|0x000000071a800000, 0x000000071aa00000, 0x000000071aa00000|100%| O|  |TAMS 0x000000071aa00000, 0x000000071aa00000| Untracked 
| 213|0x000000071aa00000, 0x000000071ac00000, 0x000000071ac00000|100%| O|  |TAMS 0x000000071aa00000, 0x000000071ac00000| Untracked 
| 214|0x000000071ac00000, 0x000000071ac00000, 0x000000071ae00000|  0%| F|  |TAMS 0x000000071ac00000, 0x000000071ac00000| Untracked 
| 215|0x000000071ae00000, 0x000000071ae00000, 0x000000071b000000|  0%| F|  |TAMS 0x000000071ae00000, 0x000000071ae00000| Untracked 
| 216|0x000000071b000000, 0x000000071b200000, 0x000000071b200000|100%| O|  |TAMS 0x000000071b200000, 0x000000071b200000| Untracked 
| 217|0x000000071b200000, 0x000000071b400000, 0x000000071b400000|100%| O|  |TAMS 0x000000071b400000, 0x000000071b400000| Untracked 
| 218|0x000000071b400000, 0x000000071b600000, 0x000000071b600000|100%| O|  |TAMS 0x000000071b600000, 0x000000071b600000| Untracked 
| 219|0x000000071b600000, 0x000000071b800000, 0x000000071b800000|100%| O|  |TAMS 0x000000071b800000, 0x000000071b800000| Untracked 
| 220|0x000000071b800000, 0x000000071ba00000, 0x000000071ba00000|100%| O|  |TAMS 0x000000071ba00000, 0x000000071ba00000| Untracked 
| 221|0x000000071ba00000, 0x000000071bc00000, 0x000000071bc00000|100%| O|  |TAMS 0x000000071bc00000, 0x000000071bc00000| Untracked 
| 222|0x000000071bc00000, 0x000000071be00000, 0x000000071be00000|100%| O|  |TAMS 0x000000071be00000, 0x000000071be00000| Untracked 
| 223|0x000000071be00000, 0x000000071c000000, 0x000000071c000000|100%| O|  |TAMS 0x000000071c000000, 0x000000071c000000| Untracked 
| 224|0x000000071c000000, 0x000000071c200000, 0x000000071c200000|100%| O|  |TAMS 0x000000071c200000, 0x000000071c200000| Untracked 
| 225|0x000000071c200000, 0x000000071c400000, 0x000000071c400000|100%| O|  |TAMS 0x000000071c400000, 0x000000071c400000| Untracked 
| 226|0x000000071c400000, 0x000000071c600000, 0x000000071c600000|100%| O|  |TAMS 0x000000071c600000, 0x000000071c600000| Untracked 
| 227|0x000000071c600000, 0x000000071c800000, 0x000000071c800000|100%| O|  |TAMS 0x000000071c7a0000, 0x000000071c800000| Untracked 
| 228|0x000000071c800000, 0x000000071ca00000, 0x000000071ca00000|100%| O|  |TAMS 0x000000071c800000, 0x000000071ca00000| Untracked 
| 229|0x000000071ca00000, 0x000000071cc00000, 0x000000071cc00000|100%| O|  |TAMS 0x000000071ca00000, 0x000000071cc00000| Untracked 
| 230|0x000000071cc00000, 0x000000071ce00000, 0x000000071ce00000|100%| O|  |TAMS 0x000000071cc00000, 0x000000071ce00000| Untracked 
| 231|0x000000071ce00000, 0x000000071cf38200, 0x000000071d000000| 60%| O|  |TAMS 0x000000071ce00000, 0x000000071cf38200| Untracked 
| 232|0x000000071d000000, 0x000000071d000000, 0x000000071d200000|  0%| F|  |TAMS 0x000000071d000000, 0x000000071d000000| Untracked 
| 233|0x000000071d200000, 0x000000071d200000, 0x000000071d400000|  0%| F|  |TAMS 0x000000071d200000, 0x000000071d200000| Untracked 
| 234|0x000000071d400000, 0x000000071d400000, 0x000000071d600000|  0%| F|  |TAMS 0x000000071d400000, 0x000000071d400000| Untracked 
| 235|0x000000071d600000, 0x000000071d600000, 0x000000071d800000|  0%| F|  |TAMS 0x000000071d600000, 0x000000071d600000| Untracked 
| 236|0x000000071d800000, 0x000000071d800000, 0x000000071da00000|  0%| F|  |TAMS 0x000000071d800000, 0x000000071d800000| Untracked 
| 237|0x000000071da00000, 0x000000071da00000, 0x000000071dc00000|  0%| F|  |TAMS 0x000000071da00000, 0x000000071da00000| Untracked 
| 238|0x000000071dc00000, 0x000000071dc00000, 0x000000071de00000|  0%| F|  |TAMS 0x000000071dc00000, 0x000000071dc00000| Untracked 
| 239|0x000000071de00000, 0x000000071de00000, 0x000000071e000000|  0%| F|  |TAMS 0x000000071de00000, 0x000000071de00000| Untracked 
| 240|0x000000071e000000, 0x000000071e000000, 0x000000071e200000|  0%| F|  |TAMS 0x000000071e000000, 0x000000071e000000| Untracked 
| 241|0x000000071e200000, 0x000000071e200000, 0x000000071e400000|  0%| F|  |TAMS 0x000000071e200000, 0x000000071e200000| Untracked 
| 242|0x000000071e400000, 0x000000071e400000, 0x000000071e600000|  0%| F|  |TAMS 0x000000071e400000, 0x000000071e400000| Untracked 
| 243|0x000000071e600000, 0x000000071e600000, 0x000000071e800000|  0%| F|  |TAMS 0x000000071e600000, 0x000000071e600000| Untracked 
| 244|0x000000071e800000, 0x000000071e800000, 0x000000071ea00000|  0%| F|  |TAMS 0x000000071e800000, 0x000000071e800000| Untracked 
| 245|0x000000071ea00000, 0x000000071ea00000, 0x000000071ec00000|  0%| F|  |TAMS 0x000000071ea00000, 0x000000071ea00000| Untracked 
| 246|0x000000071ec00000, 0x000000071ec00000, 0x000000071ee00000|  0%| F|  |TAMS 0x000000071ec00000, 0x000000071ec00000| Untracked 
| 247|0x000000071ee00000, 0x000000071ee00000, 0x000000071f000000|  0%| F|  |TAMS 0x000000071ee00000, 0x000000071ee00000| Untracked 
| 248|0x000000071f000000, 0x000000071f000000, 0x000000071f200000|  0%| F|  |TAMS 0x000000071f000000, 0x000000071f000000| Untracked 
| 249|0x000000071f200000, 0x000000071f200000, 0x000000071f400000|  0%| F|  |TAMS 0x000000071f200000, 0x000000071f200000| Untracked 
| 250|0x000000071f400000, 0x000000071f400000, 0x000000071f600000|  0%| F|  |TAMS 0x000000071f400000, 0x000000071f400000| Untracked 
| 251|0x000000071f600000, 0x000000071f600000, 0x000000071f800000|  0%| F|  |TAMS 0x000000071f600000, 0x000000071f600000| Untracked 
| 252|0x000000071f800000, 0x000000071f800000, 0x000000071fa00000|  0%| F|  |TAMS 0x000000071f800000, 0x000000071f800000| Untracked 
| 253|0x000000071fa00000, 0x000000071fa00000, 0x000000071fc00000|  0%| F|  |TAMS 0x000000071fa00000, 0x000000071fa00000| Untracked 
| 254|0x000000071fc00000, 0x000000071fc00000, 0x000000071fe00000|  0%| F|  |TAMS 0x000000071fc00000, 0x000000071fc00000| Untracked 
| 255|0x000000071fe00000, 0x000000071fe00000, 0x0000000720000000|  0%| F|  |TAMS 0x000000071fe00000, 0x000000071fe00000| Untracked 
| 256|0x0000000720000000, 0x0000000720000000, 0x0000000720200000|  0%| F|  |TAMS 0x0000000720000000, 0x0000000720000000| Untracked 
| 257|0x0000000720200000, 0x0000000720200000, 0x0000000720400000|  0%| F|  |TAMS 0x0000000720200000, 0x0000000720200000| Untracked 
| 258|0x0000000720400000, 0x0000000720400000, 0x0000000720600000|  0%| F|  |TAMS 0x0000000720400000, 0x0000000720400000| Untracked 
| 259|0x0000000720600000, 0x0000000720600000, 0x0000000720800000|  0%| F|  |TAMS 0x0000000720600000, 0x0000000720600000| Untracked 
| 260|0x0000000720800000, 0x0000000720800000, 0x0000000720a00000|  0%| F|  |TAMS 0x0000000720800000, 0x0000000720800000| Untracked 
| 261|0x0000000720a00000, 0x0000000720a00000, 0x0000000720c00000|  0%| F|  |TAMS 0x0000000720a00000, 0x0000000720a00000| Untracked 
| 262|0x0000000720c00000, 0x0000000720c00000, 0x0000000720e00000|  0%| F|  |TAMS 0x0000000720c00000, 0x0000000720c00000| Untracked 
| 263|0x0000000720e00000, 0x0000000720e00000, 0x0000000721000000|  0%| F|  |TAMS 0x0000000720e00000, 0x0000000720e00000| Untracked 
| 264|0x0000000721000000, 0x0000000721000000, 0x0000000721200000|  0%| F|  |TAMS 0x0000000721000000, 0x0000000721000000| Untracked 
| 265|0x0000000721200000, 0x0000000721200000, 0x0000000721400000|  0%| F|  |TAMS 0x0000000721200000, 0x0000000721200000| Untracked 
| 266|0x0000000721400000, 0x0000000721400000, 0x0000000721600000|  0%| F|  |TAMS 0x0000000721400000, 0x0000000721400000| Untracked 
| 267|0x0000000721600000, 0x0000000721600000, 0x0000000721800000|  0%| F|  |TAMS 0x0000000721600000, 0x0000000721600000| Untracked 
| 268|0x0000000721800000, 0x0000000721800000, 0x0000000721a00000|  0%| F|  |TAMS 0x0000000721800000, 0x0000000721800000| Untracked 
| 269|0x0000000721a00000, 0x0000000721a00000, 0x0000000721c00000|  0%| F|  |TAMS 0x0000000721a00000, 0x0000000721a00000| Untracked 
| 270|0x0000000721c00000, 0x0000000721c00000, 0x0000000721e00000|  0%| F|  |TAMS 0x0000000721c00000, 0x0000000721c00000| Untracked 
| 271|0x0000000721e00000, 0x0000000721e00000, 0x0000000722000000|  0%| F|  |TAMS 0x0000000721e00000, 0x0000000721e00000| Untracked 
| 272|0x0000000722000000, 0x0000000722000000, 0x0000000722200000|  0%| F|  |TAMS 0x0000000722000000, 0x0000000722000000| Untracked 
| 273|0x0000000722200000, 0x0000000722200000, 0x0000000722400000|  0%| F|  |TAMS 0x0000000722200000, 0x0000000722200000| Untracked 
| 274|0x0000000722400000, 0x0000000722400000, 0x0000000722600000|  0%| F|  |TAMS 0x0000000722400000, 0x0000000722400000| Untracked 
| 275|0x0000000722600000, 0x0000000722600000, 0x0000000722800000|  0%| F|  |TAMS 0x0000000722600000, 0x0000000722600000| Untracked 
| 276|0x0000000722800000, 0x0000000722800000, 0x0000000722a00000|  0%| F|  |TAMS 0x0000000722800000, 0x0000000722800000| Untracked 
| 277|0x0000000722a00000, 0x0000000722a00000, 0x0000000722c00000|  0%| F|  |TAMS 0x0000000722a00000, 0x0000000722a00000| Untracked 
| 278|0x0000000722c00000, 0x0000000722c00000, 0x0000000722e00000|  0%| F|  |TAMS 0x0000000722c00000, 0x0000000722c00000| Untracked 
| 279|0x0000000722e00000, 0x0000000722e00000, 0x0000000723000000|  0%| F|  |TAMS 0x0000000722e00000, 0x0000000722e00000| Untracked 
| 280|0x0000000723000000, 0x0000000723000000, 0x0000000723200000|  0%| F|  |TAMS 0x0000000723000000, 0x0000000723000000| Untracked 
| 281|0x0000000723200000, 0x0000000723200000, 0x0000000723400000|  0%| F|  |TAMS 0x0000000723200000, 0x0000000723200000| Untracked 
| 282|0x0000000723400000, 0x0000000723400000, 0x0000000723600000|  0%| F|  |TAMS 0x0000000723400000, 0x0000000723400000| Untracked 
| 283|0x0000000723600000, 0x0000000723600000, 0x0000000723800000|  0%| F|  |TAMS 0x0000000723600000, 0x0000000723600000| Untracked 
| 284|0x0000000723800000, 0x0000000723800000, 0x0000000723a00000|  0%| F|  |TAMS 0x0000000723800000, 0x0000000723800000| Untracked 
| 285|0x0000000723a00000, 0x0000000723a00000, 0x0000000723c00000|  0%| F|  |TAMS 0x0000000723a00000, 0x0000000723a00000| Untracked 
| 286|0x0000000723c00000, 0x0000000723c00000, 0x0000000723e00000|  0%| F|  |TAMS 0x0000000723c00000, 0x0000000723c00000| Untracked 
| 287|0x0000000723e00000, 0x0000000723e00000, 0x0000000724000000|  0%| F|  |TAMS 0x0000000723e00000, 0x0000000723e00000| Untracked 
| 288|0x0000000724000000, 0x0000000724000000, 0x0000000724200000|  0%| F|  |TAMS 0x0000000724000000, 0x0000000724000000| Untracked 
| 289|0x0000000724200000, 0x0000000724200000, 0x0000000724400000|  0%| F|  |TAMS 0x0000000724200000, 0x0000000724200000| Untracked 
| 290|0x0000000724400000, 0x0000000724400000, 0x0000000724600000|  0%| F|  |TAMS 0x0000000724400000, 0x0000000724400000| Untracked 
| 291|0x0000000724600000, 0x0000000724600000, 0x0000000724800000|  0%| F|  |TAMS 0x0000000724600000, 0x0000000724600000| Untracked 
| 292|0x0000000724800000, 0x0000000724800000, 0x0000000724a00000|  0%| F|  |TAMS 0x0000000724800000, 0x0000000724800000| Untracked 
| 293|0x0000000724a00000, 0x0000000724a00000, 0x0000000724c00000|  0%| F|  |TAMS 0x0000000724a00000, 0x0000000724a00000| Untracked 
| 294|0x0000000724c00000, 0x0000000724c00000, 0x0000000724e00000|  0%| F|  |TAMS 0x0000000724c00000, 0x0000000724c00000| Untracked 
| 295|0x0000000724e00000, 0x0000000724e00000, 0x0000000725000000|  0%| F|  |TAMS 0x0000000724e00000, 0x0000000724e00000| Untracked 
| 296|0x0000000725000000, 0x0000000725000000, 0x0000000725200000|  0%| F|  |TAMS 0x0000000725000000, 0x0000000725000000| Untracked 
| 297|0x0000000725200000, 0x0000000725200000, 0x0000000725400000|  0%| F|  |TAMS 0x0000000725200000, 0x0000000725200000| Untracked 
| 298|0x0000000725400000, 0x0000000725400000, 0x0000000725600000|  0%| F|  |TAMS 0x0000000725400000, 0x0000000725400000| Untracked 
| 299|0x0000000725600000, 0x0000000725600000, 0x0000000725800000|  0%| F|  |TAMS 0x0000000725600000, 0x0000000725600000| Untracked 
| 300|0x0000000725800000, 0x0000000725800000, 0x0000000725a00000|  0%| F|  |TAMS 0x0000000725800000, 0x0000000725800000| Untracked 
| 301|0x0000000725a00000, 0x0000000725a00000, 0x0000000725c00000|  0%| F|  |TAMS 0x0000000725a00000, 0x0000000725a00000| Untracked 
| 302|0x0000000725c00000, 0x0000000725c00000, 0x0000000725e00000|  0%| F|  |TAMS 0x0000000725c00000, 0x0000000725c00000| Untracked 
| 303|0x0000000725e00000, 0x0000000725e00000, 0x0000000726000000|  0%| F|  |TAMS 0x0000000725e00000, 0x0000000725e00000| Untracked 
| 304|0x0000000726000000, 0x0000000726000000, 0x0000000726200000|  0%| F|  |TAMS 0x0000000726000000, 0x0000000726000000| Untracked 
| 305|0x0000000726200000, 0x0000000726200000, 0x0000000726400000|  0%| F|  |TAMS 0x0000000726200000, 0x0000000726200000| Untracked 
| 306|0x0000000726400000, 0x0000000726400000, 0x0000000726600000|  0%| F|  |TAMS 0x0000000726400000, 0x0000000726400000| Untracked 
| 307|0x0000000726600000, 0x0000000726600000, 0x0000000726800000|  0%| F|  |TAMS 0x0000000726600000, 0x0000000726600000| Untracked 
| 308|0x0000000726800000, 0x0000000726800000, 0x0000000726a00000|  0%| F|  |TAMS 0x0000000726800000, 0x0000000726800000| Untracked 
| 309|0x0000000726a00000, 0x0000000726a00000, 0x0000000726c00000|  0%| F|  |TAMS 0x0000000726a00000, 0x0000000726a00000| Untracked 
| 310|0x0000000726c00000, 0x0000000726c00000, 0x0000000726e00000|  0%| F|  |TAMS 0x0000000726c00000, 0x0000000726c00000| Untracked 
| 311|0x0000000726e00000, 0x0000000726e00000, 0x0000000727000000|  0%| F|  |TAMS 0x0000000726e00000, 0x0000000726e00000| Untracked 
| 312|0x0000000727000000, 0x0000000727000000, 0x0000000727200000|  0%| F|  |TAMS 0x0000000727000000, 0x0000000727000000| Untracked 
| 313|0x0000000727200000, 0x0000000727200000, 0x0000000727400000|  0%| F|  |TAMS 0x0000000727200000, 0x0000000727200000| Untracked 
| 314|0x0000000727400000, 0x0000000727400000, 0x0000000727600000|  0%| F|  |TAMS 0x0000000727400000, 0x0000000727400000| Untracked 
| 315|0x0000000727600000, 0x0000000727600000, 0x0000000727800000|  0%| F|  |TAMS 0x0000000727600000, 0x0000000727600000| Untracked 
| 316|0x0000000727800000, 0x0000000727800000, 0x0000000727a00000|  0%| F|  |TAMS 0x0000000727800000, 0x0000000727800000| Untracked 
| 317|0x0000000727a00000, 0x0000000727a00000, 0x0000000727c00000|  0%| F|  |TAMS 0x0000000727a00000, 0x0000000727a00000| Untracked 
| 318|0x0000000727c00000, 0x0000000727c00000, 0x0000000727e00000|  0%| F|  |TAMS 0x0000000727c00000, 0x0000000727c00000| Untracked 
| 319|0x0000000727e00000, 0x0000000727e00000, 0x0000000728000000|  0%| F|  |TAMS 0x0000000727e00000, 0x0000000727e00000| Untracked 
| 320|0x0000000728000000, 0x0000000728000000, 0x0000000728200000|  0%| F|  |TAMS 0x0000000728000000, 0x0000000728000000| Untracked 
| 321|0x0000000728200000, 0x0000000728200000, 0x0000000728400000|  0%| F|  |TAMS 0x0000000728200000, 0x0000000728200000| Untracked 
| 322|0x0000000728400000, 0x0000000728400000, 0x0000000728600000|  0%| F|  |TAMS 0x0000000728400000, 0x0000000728400000| Untracked 
| 323|0x0000000728600000, 0x0000000728600000, 0x0000000728800000|  0%| F|  |TAMS 0x0000000728600000, 0x0000000728600000| Untracked 
| 324|0x0000000728800000, 0x0000000728800000, 0x0000000728a00000|  0%| F|  |TAMS 0x0000000728800000, 0x0000000728800000| Untracked 
| 325|0x0000000728a00000, 0x0000000728a00000, 0x0000000728c00000|  0%| F|  |TAMS 0x0000000728a00000, 0x0000000728a00000| Untracked 
| 326|0x0000000728c00000, 0x0000000728c00000, 0x0000000728e00000|  0%| F|  |TAMS 0x0000000728c00000, 0x0000000728c00000| Untracked 
| 327|0x0000000728e00000, 0x0000000728e00000, 0x0000000729000000|  0%| F|  |TAMS 0x0000000728e00000, 0x0000000728e00000| Untracked 
| 328|0x0000000729000000, 0x0000000729000000, 0x0000000729200000|  0%| F|  |TAMS 0x0000000729000000, 0x0000000729000000| Untracked 
| 329|0x0000000729200000, 0x0000000729200000, 0x0000000729400000|  0%| F|  |TAMS 0x0000000729200000, 0x0000000729200000| Untracked 
| 330|0x0000000729400000, 0x0000000729400000, 0x0000000729600000|  0%| F|  |TAMS 0x0000000729400000, 0x0000000729400000| Untracked 
| 331|0x0000000729600000, 0x0000000729600000, 0x0000000729800000|  0%| F|  |TAMS 0x0000000729600000, 0x0000000729600000| Untracked 
| 332|0x0000000729800000, 0x0000000729800000, 0x0000000729a00000|  0%| F|  |TAMS 0x0000000729800000, 0x0000000729800000| Untracked 
| 333|0x0000000729a00000, 0x0000000729a00000, 0x0000000729c00000|  0%| F|  |TAMS 0x0000000729a00000, 0x0000000729a00000| Untracked 
| 334|0x0000000729c00000, 0x0000000729c00000, 0x0000000729e00000|  0%| F|  |TAMS 0x0000000729c00000, 0x0000000729c00000| Untracked 
| 335|0x0000000729e00000, 0x0000000729e00000, 0x000000072a000000|  0%| F|  |TAMS 0x0000000729e00000, 0x0000000729e00000| Untracked 
| 336|0x000000072a000000, 0x000000072a000000, 0x000000072a200000|  0%| F|  |TAMS 0x000000072a000000, 0x000000072a000000| Untracked 
| 337|0x000000072a200000, 0x000000072a200000, 0x000000072a400000|  0%| F|  |TAMS 0x000000072a200000, 0x000000072a200000| Untracked 
| 338|0x000000072a400000, 0x000000072a400000, 0x000000072a600000|  0%| F|  |TAMS 0x000000072a400000, 0x000000072a400000| Untracked 
| 339|0x000000072a600000, 0x000000072a600000, 0x000000072a800000|  0%| F|  |TAMS 0x000000072a600000, 0x000000072a600000| Untracked 
| 340|0x000000072a800000, 0x000000072a800000, 0x000000072aa00000|  0%| F|  |TAMS 0x000000072a800000, 0x000000072a800000| Untracked 
| 341|0x000000072aa00000, 0x000000072aa00000, 0x000000072ac00000|  0%| F|  |TAMS 0x000000072aa00000, 0x000000072aa00000| Untracked 
| 342|0x000000072ac00000, 0x000000072ac00000, 0x000000072ae00000|  0%| F|  |TAMS 0x000000072ac00000, 0x000000072ac00000| Untracked 
| 343|0x000000072ae00000, 0x000000072ae00000, 0x000000072b000000|  0%| F|  |TAMS 0x000000072ae00000, 0x000000072ae00000| Untracked 
| 344|0x000000072b000000, 0x000000072b000000, 0x000000072b200000|  0%| F|  |TAMS 0x000000072b000000, 0x000000072b000000| Untracked 
| 345|0x000000072b200000, 0x000000072b200000, 0x000000072b400000|  0%| F|  |TAMS 0x000000072b200000, 0x000000072b200000| Untracked 
| 346|0x000000072b400000, 0x000000072b400000, 0x000000072b600000|  0%| F|  |TAMS 0x000000072b400000, 0x000000072b400000| Untracked 
| 347|0x000000072b600000, 0x000000072b600000, 0x000000072b800000|  0%| F|  |TAMS 0x000000072b600000, 0x000000072b600000| Untracked 
| 348|0x000000072b800000, 0x000000072b800000, 0x000000072ba00000|  0%| F|  |TAMS 0x000000072b800000, 0x000000072b800000| Untracked 
| 349|0x000000072ba00000, 0x000000072ba00000, 0x000000072bc00000|  0%| F|  |TAMS 0x000000072ba00000, 0x000000072ba00000| Untracked 
| 350|0x000000072bc00000, 0x000000072bc00000, 0x000000072be00000|  0%| F|  |TAMS 0x000000072bc00000, 0x000000072bc00000| Untracked 
| 351|0x000000072be00000, 0x000000072be00000, 0x000000072c000000|  0%| F|  |TAMS 0x000000072be00000, 0x000000072be00000| Untracked 
| 352|0x000000072c000000, 0x000000072c000000, 0x000000072c200000|  0%| F|  |TAMS 0x000000072c000000, 0x000000072c000000| Untracked 
| 353|0x000000072c200000, 0x000000072c200000, 0x000000072c400000|  0%| F|  |TAMS 0x000000072c200000, 0x000000072c200000| Untracked 
| 354|0x000000072c400000, 0x000000072c400000, 0x000000072c600000|  0%| F|  |TAMS 0x000000072c400000, 0x000000072c400000| Untracked 
| 355|0x000000072c600000, 0x000000072c600000, 0x000000072c800000|  0%| F|  |TAMS 0x000000072c600000, 0x000000072c600000| Untracked 
| 356|0x000000072c800000, 0x000000072c800000, 0x000000072ca00000|  0%| F|  |TAMS 0x000000072c800000, 0x000000072c800000| Untracked 
| 357|0x000000072ca00000, 0x000000072ca00000, 0x000000072cc00000|  0%| F|  |TAMS 0x000000072ca00000, 0x000000072ca00000| Untracked 
| 358|0x000000072cc00000, 0x000000072cc00000, 0x000000072ce00000|  0%| F|  |TAMS 0x000000072cc00000, 0x000000072cc00000| Untracked 
| 359|0x000000072ce00000, 0x000000072cfefaf0, 0x000000072d000000| 96%| S|CS|TAMS 0x000000072ce00000, 0x000000072ce00000| Complete 
| 360|0x000000072d000000, 0x000000072d200000, 0x000000072d200000|100%| S|CS|TAMS 0x000000072d000000, 0x000000072d000000| Complete 
| 361|0x000000072d200000, 0x000000072d400000, 0x000000072d400000|100%| S|CS|TAMS 0x000000072d200000, 0x000000072d200000| Complete 
| 362|0x000000072d400000, 0x000000072d600000, 0x000000072d600000|100%| S|CS|TAMS 0x000000072d400000, 0x000000072d400000| Complete 
| 363|0x000000072d600000, 0x000000072d800000, 0x000000072d800000|100%| S|CS|TAMS 0x000000072d600000, 0x000000072d600000| Complete 
| 364|0x000000072d800000, 0x000000072da00000, 0x000000072da00000|100%| S|CS|TAMS 0x000000072d800000, 0x000000072d800000| Complete 
| 365|0x000000072da00000, 0x000000072dc00000, 0x000000072dc00000|100%| S|CS|TAMS 0x000000072da00000, 0x000000072da00000| Complete 
| 366|0x000000072dc00000, 0x000000072de00000, 0x000000072de00000|100%| S|CS|TAMS 0x000000072dc00000, 0x000000072dc00000| Complete 
| 367|0x000000072de00000, 0x000000072e000000, 0x000000072e000000|100%| S|CS|TAMS 0x000000072de00000, 0x000000072de00000| Complete 
| 368|0x000000072e000000, 0x000000072e200000, 0x000000072e200000|100%| S|CS|TAMS 0x000000072e000000, 0x000000072e000000| Complete 
| 369|0x000000072e200000, 0x000000072e400000, 0x000000072e400000|100%| S|CS|TAMS 0x000000072e200000, 0x000000072e200000| Complete 
| 370|0x000000072e400000, 0x000000072e400000, 0x000000072e600000|  0%| F|  |TAMS 0x000000072e400000, 0x000000072e400000| Untracked 
| 371|0x000000072e600000, 0x000000072e600000, 0x000000072e800000|  0%| F|  |TAMS 0x000000072e600000, 0x000000072e600000| Untracked 
| 372|0x000000072e800000, 0x000000072e800000, 0x000000072ea00000|  0%| F|  |TAMS 0x000000072e800000, 0x000000072e800000| Untracked 
| 373|0x000000072ea00000, 0x000000072ea00000, 0x000000072ec00000|  0%| F|  |TAMS 0x000000072ea00000, 0x000000072ea00000| Untracked 
| 374|0x000000072ec00000, 0x000000072ec00000, 0x000000072ee00000|  0%| F|  |TAMS 0x000000072ec00000, 0x000000072ec00000| Untracked 
| 375|0x000000072ee00000, 0x000000072ee00000, 0x000000072f000000|  0%| F|  |TAMS 0x000000072ee00000, 0x000000072ee00000| Untracked 
| 376|0x000000072f000000, 0x000000072f000000, 0x000000072f200000|  0%| F|  |TAMS 0x000000072f000000, 0x000000072f000000| Untracked 
| 377|0x000000072f200000, 0x000000072f200000, 0x000000072f400000|  0%| F|  |TAMS 0x000000072f200000, 0x000000072f200000| Untracked 
| 378|0x000000072f400000, 0x000000072f400000, 0x000000072f600000|  0%| F|  |TAMS 0x000000072f400000, 0x000000072f400000| Untracked 
| 379|0x000000072f600000, 0x000000072f600000, 0x000000072f800000|  0%| F|  |TAMS 0x000000072f600000, 0x000000072f600000| Untracked 
| 380|0x000000072f800000, 0x000000072f800000, 0x000000072fa00000|  0%| F|  |TAMS 0x000000072f800000, 0x000000072f800000| Untracked 
| 381|0x000000072fa00000, 0x000000072fa00000, 0x000000072fc00000|  0%| F|  |TAMS 0x000000072fa00000, 0x000000072fa00000| Untracked 
| 382|0x000000072fc00000, 0x000000072fc00000, 0x000000072fe00000|  0%| F|  |TAMS 0x000000072fc00000, 0x000000072fc00000| Untracked 
| 383|0x000000072fe00000, 0x000000072fe00000, 0x0000000730000000|  0%| F|  |TAMS 0x000000072fe00000, 0x000000072fe00000| Untracked 
| 384|0x0000000730000000, 0x0000000730000000, 0x0000000730200000|  0%| F|  |TAMS 0x0000000730000000, 0x0000000730000000| Untracked 
| 385|0x0000000730200000, 0x0000000730200000, 0x0000000730400000|  0%| F|  |TAMS 0x0000000730200000, 0x0000000730200000| Untracked 
| 386|0x0000000730400000, 0x0000000730400000, 0x0000000730600000|  0%| F|  |TAMS 0x0000000730400000, 0x0000000730400000| Untracked 
| 387|0x0000000730600000, 0x0000000730600000, 0x0000000730800000|  0%| F|  |TAMS 0x0000000730600000, 0x0000000730600000| Untracked 
| 388|0x0000000730800000, 0x0000000730800000, 0x0000000730a00000|  0%| F|  |TAMS 0x0000000730800000, 0x0000000730800000| Untracked 
| 389|0x0000000730a00000, 0x0000000730a00000, 0x0000000730c00000|  0%| F|  |TAMS 0x0000000730a00000, 0x0000000730a00000| Untracked 
| 390|0x0000000730c00000, 0x0000000730c00000, 0x0000000730e00000|  0%| F|  |TAMS 0x0000000730c00000, 0x0000000730c00000| Untracked 
| 391|0x0000000730e00000, 0x0000000730e00000, 0x0000000731000000|  0%| F|  |TAMS 0x0000000730e00000, 0x0000000730e00000| Untracked 
| 392|0x0000000731000000, 0x0000000731000000, 0x0000000731200000|  0%| F|  |TAMS 0x0000000731000000, 0x0000000731000000| Untracked 
| 393|0x0000000731200000, 0x0000000731200000, 0x0000000731400000|  0%| F|  |TAMS 0x0000000731200000, 0x0000000731200000| Untracked 
| 394|0x0000000731400000, 0x0000000731400000, 0x0000000731600000|  0%| F|  |TAMS 0x0000000731400000, 0x0000000731400000| Untracked 
| 395|0x0000000731600000, 0x0000000731600000, 0x0000000731800000|  0%| F|  |TAMS 0x0000000731600000, 0x0000000731600000| Untracked 
| 396|0x0000000731800000, 0x0000000731800000, 0x0000000731a00000|  0%| F|  |TAMS 0x0000000731800000, 0x0000000731800000| Untracked 
| 397|0x0000000731a00000, 0x0000000731a00000, 0x0000000731c00000|  0%| F|  |TAMS 0x0000000731a00000, 0x0000000731a00000| Untracked 
| 398|0x0000000731c00000, 0x0000000731c00000, 0x0000000731e00000|  0%| F|  |TAMS 0x0000000731c00000, 0x0000000731c00000| Untracked 
| 399|0x0000000731e00000, 0x0000000731e00000, 0x0000000732000000|  0%| F|  |TAMS 0x0000000731e00000, 0x0000000731e00000| Untracked 
| 400|0x0000000732000000, 0x0000000732000000, 0x0000000732200000|  0%| F|  |TAMS 0x0000000732000000, 0x0000000732000000| Untracked 
| 401|0x0000000732200000, 0x0000000732200000, 0x0000000732400000|  0%| F|  |TAMS 0x0000000732200000, 0x0000000732200000| Untracked 
| 402|0x0000000732400000, 0x0000000732400000, 0x0000000732600000|  0%| F|  |TAMS 0x0000000732400000, 0x0000000732400000| Untracked 
| 403|0x0000000732600000, 0x0000000732600000, 0x0000000732800000|  0%| F|  |TAMS 0x0000000732600000, 0x0000000732600000| Untracked 
| 404|0x0000000732800000, 0x0000000732800000, 0x0000000732a00000|  0%| F|  |TAMS 0x0000000732800000, 0x0000000732800000| Untracked 
| 405|0x0000000732a00000, 0x0000000732a00000, 0x0000000732c00000|  0%| F|  |TAMS 0x0000000732a00000, 0x0000000732a00000| Untracked 
| 406|0x0000000732c00000, 0x0000000732c00000, 0x0000000732e00000|  0%| F|  |TAMS 0x0000000732c00000, 0x0000000732c00000| Untracked 
| 407|0x0000000732e00000, 0x0000000732e00000, 0x0000000733000000|  0%| F|  |TAMS 0x0000000732e00000, 0x0000000732e00000| Untracked 
| 408|0x0000000733000000, 0x0000000733000000, 0x0000000733200000|  0%| F|  |TAMS 0x0000000733000000, 0x0000000733000000| Untracked 
| 409|0x0000000733200000, 0x0000000733200000, 0x0000000733400000|  0%| F|  |TAMS 0x0000000733200000, 0x0000000733200000| Untracked 
| 410|0x0000000733400000, 0x0000000733400000, 0x0000000733600000|  0%| F|  |TAMS 0x0000000733400000, 0x0000000733400000| Untracked 
| 411|0x0000000733600000, 0x0000000733600000, 0x0000000733800000|  0%| F|  |TAMS 0x0000000733600000, 0x0000000733600000| Untracked 
| 412|0x0000000733800000, 0x0000000733800000, 0x0000000733a00000|  0%| F|  |TAMS 0x0000000733800000, 0x0000000733800000| Untracked 

Card table byte_map: [0x0000025c56430000,0x0000025c56c30000] _byte_map_base: 0x0000025c52c30000

Marking Bits (Prev, Next): (CMBitMap*) 0x0000025c437d31a0, (CMBitMap*) 0x0000025c437d31e0
 Prev Bits: [0x0000025c57430000, 0x0000025c5b430000)
 Next Bits: [0x0000025c5b430000, 0x0000025c5f430000)

Polling page: 0x0000025c41610000

Metaspace:

Usage:
  Non-class:    133.48 MB used.
      Class:     20.03 MB used.
       Both:    153.51 MB used.

Virtual space:
  Non-class space:      136.00 MB reserved,     134.38 MB ( 99%) committed,  17 nodes.
      Class space:        1.00 GB reserved,      20.69 MB (  2%) committed,  1 nodes.
             Both:        1.13 GB reserved,     155.06 MB ( 13%) committed. 

Chunk freelists:
   Non-Class:  1.29 MB
       Class:  3.30 MB
        Both:  4.58 MB

MaxMetaspaceSize: unlimited
CompressedClassSpaceSize: 1.00 GB
Initial GC threshold: 21.00 MB
Current GC threshold: 256.38 MB
CDS: off
MetaspaceReclaimPolicy: balanced
 - commit_granule_bytes: 65536.
 - commit_granule_words: 8192.
 - virtual_space_node_default_size: 1048576.
 - enlarge_chunks_in_place: 1.
 - new_chunks_are_fully_committed: 0.
 - uncommit_free_chunks: 1.
 - use_allocation_guard: 0.
 - handle_deallocations: 1.


Internal statistics:

num_allocs_failed_limit: 11.
num_arena_births: 2110.
num_arena_deaths: 8.
num_vsnodes_births: 18.
num_vsnodes_deaths: 0.
num_space_committed: 2480.
num_space_uncommitted: 0.
num_chunks_returned_to_freelist: 21.
num_chunks_taken_from_freelist: 8400.
num_chunk_merges: 8.
num_chunk_splits: 5423.
num_chunks_enlarged: 3452.
num_purges: 4.
num_inconsistent_stats: 0.

CodeHeap 'non-profiled nmethods': size=120000Kb used=20918Kb max_used=20918Kb free=99081Kb
 bounds [0x0000025c4e700000, 0x0000025c4fb70000, 0x0000025c55c30000]
CodeHeap 'profiled nmethods': size=120000Kb used=54529Kb max_used=54529Kb free=65470Kb
 bounds [0x0000025c46c30000, 0x0000025c4a180000, 0x0000025c4e160000]
CodeHeap 'non-nmethods': size=5760Kb used=2525Kb max_used=2613Kb free=3234Kb
 bounds [0x0000025c4e160000, 0x0000025c4e400000, 0x0000025c4e700000]
 total_blobs=27796 nmethods=26719 adapters=985
 compilation: enabled
              stopped_count=0, restarted_count=0
 full_count=0

Compilation events (20 events):
Event: 223.719 Thread 0x0000025c69040a40 nmethod 34636 0x0000025c4fb53010 code [0x0000025c4fb531e0, 0x0000025c4fb54298]
Event: 223.719 Thread 0x0000025c69040a40 34641   !   4       com.android.tools.r8.graph.W0::J1 (60 bytes)
Event: 223.799 Thread 0x0000025c69040a40 nmethod 34641 0x0000025c4fb54890 code [0x0000025c4fb54b40, 0x0000025c4fb56958]
Event: 223.800 Thread 0x0000025c69040a40 34642   !   4       com.android.tools.r8.graph.W0::M1 (47 bytes)
Event: 223.876 Thread 0x0000025c69040a40 nmethod 34642 0x0000025c4fb57910 code [0x0000025c4fb57bc0, 0x0000025c4fb599d8]
Event: 223.877 Thread 0x0000025c69040a40 34645       4       com.android.tools.r8.graph.A::<init> (114 bytes)
Event: 223.892 Thread 0x0000025c62437830 nmethod 34640% 0x0000025c4fb5a910 code [0x0000025c4fb5ac20, 0x0000025c4fb5d260]
Event: 223.893 Thread 0x0000025c62437830 34643       4       com.android.tools.r8.graph.W0::a (102 bytes)
Event: 224.015 Thread 0x0000025c62439140 34647       3       com.android.tools.r8.graph.I::K0 (8 bytes)
Event: 224.015 Thread 0x0000025c62439140 nmethod 34647 0x0000025c4a171b90 code [0x0000025c4a171d40, 0x0000025c4a171f88]
Event: 224.016 Thread 0x0000025c62439140 34648       3       com.android.tools.r8.graph.I::y1 (8 bytes)
Event: 224.016 Thread 0x0000025c62439140 nmethod 34648 0x0000025c4a172090 code [0x0000025c4a172240, 0x0000025c4a172488]
Event: 224.017 Thread 0x0000025c62439140 34649       3       com.android.tools.r8.graph.K2::j (32 bytes)
Event: 224.017 Thread 0x0000025c62439140 nmethod 34649 0x0000025c4a172590 code [0x0000025c4a172780, 0x0000025c4a172ca8]
Event: 224.083 Thread 0x0000025c69040a40 nmethod 34645 0x0000025c4fb5f810 code [0x0000025c4fb5fc00, 0x0000025c4fb627b0]
Event: 224.084 Thread 0x0000025c69040a40 34646       4       com.android.tools.r8.internal.Nk::a (43 bytes)
Event: 224.137 Thread 0x0000025c69040a40 nmethod 34646 0x0000025c4fb64110 code [0x0000025c4fb643c0, 0x0000025c4fb657a8]
Event: 224.155 Thread 0x0000025c69040a40 34650       4       com.android.tools.r8.internal.Pk$$Lambda$2544/0x0000000801441c98::<init> (20 bytes)
Event: 224.158 Thread 0x0000025c69040a40 nmethod 34650 0x0000025c4fb66610 code [0x0000025c4fb66780, 0x0000025c4fb66a98]
Event: 224.234 Thread 0x0000025c62437830 nmethod 34643 0x0000025c4fb66b10 code [0x0000025c4fb67040, 0x0000025c4fb6b0d8]

GC Heap History (20 events):
Event: 196.523 GC heap after
{Heap after GC invocations=98 (full 0):
 garbage-first heap   total 845824K, used 391168K [0x0000000700000000, 0x0000000800000000)
  region size 2048K, 3 young (6144K), 3 survivors (6144K)
 Metaspace       used 153631K, committed 155136K, reserved 1187840K
  class space    used 20174K, committed 20800K, reserved 1048576K
}
Event: 200.274 GC heap before
{Heap before GC invocations=98 (full 0):
 garbage-first heap   total 845824K, used 612352K [0x0000000700000000, 0x0000000800000000)
  region size 2048K, 111 young (227328K), 3 survivors (6144K)
 Metaspace       used 154172K, committed 155648K, reserved 1187840K
  class space    used 20206K, committed 20800K, reserved 1048576K
}
Event: 200.358 GC heap after
{Heap after GC invocations=99 (full 0):
 garbage-first heap   total 845824K, used 445440K [0x0000000700000000, 0x0000000800000000)
  region size 2048K, 14 young (28672K), 14 survivors (28672K)
 Metaspace       used 154172K, committed 155648K, reserved 1187840K
  class space    used 20206K, committed 20800K, reserved 1048576K
}
Event: 204.997 GC heap before
{Heap before GC invocations=100 (full 0):
 garbage-first heap   total 845824K, used 609280K [0x0000000700000000, 0x0000000800000000)
  region size 2048K, 106 young (217088K), 14 survivors (28672K)
 Metaspace       used 155170K, committed 156736K, reserved 1187840K
  class space    used 20317K, committed 20992K, reserved 1048576K
}
Event: 205.060 GC heap after
{Heap after GC invocations=101 (full 0):
 garbage-first heap   total 845824K, used 435200K [0x0000000700000000, 0x0000000800000000)
  region size 2048K, 7 young (14336K), 7 survivors (14336K)
 Metaspace       used 155170K, committed 156736K, reserved 1187840K
  class space    used 20317K, committed 20992K, reserved 1048576K
}
Event: 205.454 GC heap before
{Heap before GC invocations=101 (full 0):
 garbage-first heap   total 845824K, used 461824K [0x0000000700000000, 0x0000000800000000)
  region size 2048K, 20 young (40960K), 7 survivors (14336K)
 Metaspace       used 155186K, committed 156736K, reserved 1187840K
  class space    used 20319K, committed 20992K, reserved 1048576K
}
Event: 205.493 GC heap after
{Heap after GC invocations=102 (full 0):
 garbage-first heap   total 845824K, used 429056K [0x0000000700000000, 0x0000000800000000)
  region size 2048K, 2 young (4096K), 2 survivors (4096K)
 Metaspace       used 155186K, committed 156736K, reserved 1187840K
  class space    used 20319K, committed 20992K, reserved 1048576K
}
Event: 209.410 GC heap before
{Heap before GC invocations=102 (full 0):
 garbage-first heap   total 845824K, used 642048K [0x0000000700000000, 0x0000000800000000)
  region size 2048K, 106 young (217088K), 2 survivors (4096K)
 Metaspace       used 155462K, committed 156992K, reserved 1187840K
  class space    used 20327K, committed 20992K, reserved 1048576K
}
Event: 209.444 GC heap after
{Heap after GC invocations=103 (full 0):
 garbage-first heap   total 845824K, used 443392K [0x0000000700000000, 0x0000000800000000)
  region size 2048K, 9 young (18432K), 9 survivors (18432K)
 Metaspace       used 155462K, committed 156992K, reserved 1187840K
  class space    used 20327K, committed 20992K, reserved 1048576K
}
Event: 217.671 GC heap before
{Heap before GC invocations=104 (full 0):
 garbage-first heap   total 845824K, used 664576K [0x0000000700000000, 0x0000000800000000)
  region size 2048K, 113 young (231424K), 9 survivors (18432K)
 Metaspace       used 155905K, committed 157504K, reserved 1187840K
  class space    used 20378K, committed 21056K, reserved 1048576K
}
Event: 217.721 GC heap after
{Heap after GC invocations=105 (full 0):
 garbage-first heap   total 845824K, used 453656K [0x0000000700000000, 0x0000000800000000)
  region size 2048K, 5 young (10240K), 5 survivors (10240K)
 Metaspace       used 155905K, committed 157504K, reserved 1187840K
  class space    used 20378K, committed 21056K, reserved 1048576K
}
Event: 219.428 GC heap before
{Heap before GC invocations=105 (full 0):
 garbage-first heap   total 845824K, used 484376K [0x0000000700000000, 0x0000000800000000)
  region size 2048K, 20 young (40960K), 5 survivors (10240K)
 Metaspace       used 155925K, committed 157504K, reserved 1187840K
  class space    used 20379K, committed 21056K, reserved 1048576K
}
Event: 219.486 GC heap after
{Heap after GC invocations=106 (full 0):
 garbage-first heap   total 845824K, used 437487K [0x0000000700000000, 0x0000000800000000)
  region size 2048K, 3 young (6144K), 3 survivors (6144K)
 Metaspace       used 155925K, committed 157504K, reserved 1187840K
  class space    used 20379K, committed 21056K, reserved 1048576K
}
Event: 219.490 GC heap before
{Heap before GC invocations=106 (full 0):
 garbage-first heap   total 845824K, used 437487K [0x0000000700000000, 0x0000000800000000)
  region size 2048K, 4 young (8192K), 3 survivors (6144K)
 Metaspace       used 155925K, committed 157504K, reserved 1187840K
  class space    used 20379K, committed 21056K, reserved 1048576K
}
Event: 219.495 GC heap after
{Heap after GC invocations=107 (full 0):
 garbage-first heap   total 845824K, used 437650K [0x0000000700000000, 0x0000000800000000)
  region size 2048K, 3 young (6144K), 3 survivors (6144K)
 Metaspace       used 155925K, committed 157504K, reserved 1187840K
  class space    used 20379K, committed 21056K, reserved 1048576K
}
Event: 223.507 GC heap before
{Heap before GC invocations=108 (full 0):
 garbage-first heap   total 845824K, used 617874K [0x0000000700000000, 0x0000000800000000)
  region size 2048K, 85 young (174080K), 3 survivors (6144K)
 Metaspace       used 157191K, committed 158784K, reserved 1187840K
  class space    used 20507K, committed 21184K, reserved 1048576K
}
Event: 223.526 GC heap after
{Heap after GC invocations=109 (full 0):
 garbage-first heap   total 845824K, used 458880K [0x0000000700000000, 0x0000000800000000)
  region size 2048K, 10 young (20480K), 10 survivors (20480K)
 Metaspace       used 157191K, committed 158784K, reserved 1187840K
  class space    used 20507K, committed 21184K, reserved 1048576K
}
Event: 223.920 GC heap before
{Heap before GC invocations=109 (full 0):
 garbage-first heap   total 845824K, used 483456K [0x0000000700000000, 0x0000000800000000)
  region size 2048K, 20 young (40960K), 10 survivors (20480K)
 Metaspace       used 157191K, committed 158784K, reserved 1187840K
  class space    used 20507K, committed 21184K, reserved 1048576K
}
Event: 223.954 GC heap after
{Heap after GC invocations=110 (full 0):
 garbage-first heap   total 845824K, used 455904K [0x0000000700000000, 0x0000000800000000)
  region size 2048K, 3 young (6144K), 3 survivors (6144K)
 Metaspace       used 157191K, committed 158784K, reserved 1187840K
  class space    used 20507K, committed 21184K, reserved 1048576K
}
Event: 224.256 GC heap before
{Heap before GC invocations=110 (full 0):
 garbage-first heap   total 845824K, used 535776K [0x0000000700000000, 0x0000000800000000)
  region size 2048K, 43 young (88064K), 3 survivors (6144K)
 Metaspace       used 157191K, committed 158784K, reserved 1187840K
  class space    used 20507K, committed 21184K, reserved 1048576K
}

Dll operation events (2 events):
Event: 0.014 Loaded shared library C:\Program Files\Android\Android Studio\jbr\bin\java.dll
Event: 1.281 Loaded shared library C:\Program Files\Android\Android Studio\jbr\bin\verify.dll

Deoptimization events (20 events):
Event: 222.309 Thread 0x0000025c6ed90e70 DEOPT PACKING pc=0x0000025c4fad99a4 sp=0x000000deda0feaf0
Event: 222.309 Thread 0x0000025c6ed90e70 DEOPT UNPACKING pc=0x0000025c4e1b69a3 sp=0x000000deda0fe7c8 mode 2
Event: 222.394 Thread 0x0000025c688e1c10 Uncommon trap: trap_request=0xfffffff4 fr.pc=0x0000025c4f37b830 relative=0x0000000000000970
Event: 222.394 Thread 0x0000025c688e1c10 Uncommon trap: reason=null_check action=make_not_entrant pc=0x0000025c4f37b830 method=org.gradle.internal.instantiation.generator.AbstractClassGenerator.isPropertyType(Ljava/lang/Class;)Z @ 21 c2
Event: 222.394 Thread 0x0000025c688e1c10 DEOPT PACKING pc=0x0000025c4f37b830 sp=0x000000ded70faa80
Event: 222.394 Thread 0x0000025c688e1c10 DEOPT UNPACKING pc=0x0000025c4e1b69a3 sp=0x000000ded70fa998 mode 2
Event: 222.394 Thread 0x0000025c688e1c10 Uncommon trap: trap_request=0xfffffff4 fr.pc=0x0000025c4fad3238 relative=0x0000000000000ab8
Event: 222.394 Thread 0x0000025c688e1c10 Uncommon trap: reason=null_check action=make_not_entrant pc=0x0000025c4fad3238 method=org.gradle.internal.instantiation.generator.AbstractClassGenerator.isIneligibleForConventionMapping(Lorg/gradle/internal/instantiation/generator/AbstractClassGenerator$P
Event: 222.394 Thread 0x0000025c688e1c10 DEOPT PACKING pc=0x0000025c4fad3238 sp=0x000000ded70faa70
Event: 222.394 Thread 0x0000025c688e1c10 DEOPT UNPACKING pc=0x0000025c4e1b69a3 sp=0x000000ded70fa998 mode 2
Event: 223.590 Thread 0x0000025c6ed92b50 Uncommon trap: trap_request=0xffffffdc fr.pc=0x0000025c4fb3ad4c relative=0x00000000000013cc
Event: 223.590 Thread 0x0000025c6ed92b50 Uncommon trap: reason=class_check action=make_not_entrant pc=0x0000025c4fb3ad4c method=java.util.ArrayList$SubList.toArray([Ljava/lang/Object;)[Ljava/lang/Object; @ 37 c2
Event: 223.590 Thread 0x0000025c6ed92b50 DEOPT PACKING pc=0x0000025c4fb3ad4c sp=0x000000ded9dfe620
Event: 223.590 Thread 0x0000025c6ed92b50 DEOPT UNPACKING pc=0x0000025c4e1b69a3 sp=0x000000ded9dfe5a0 mode 2
Event: 223.790 Thread 0x0000025c6ed92b50 DEOPT PACKING pc=0x0000025c4a168901 sp=0x000000ded9dfe720
Event: 223.790 Thread 0x0000025c6ed92b50 DEOPT UNPACKING pc=0x0000025c4e1b7143 sp=0x000000ded9dfdcf8 mode 0
Event: 223.854 Thread 0x0000025c6ed92b50 Uncommon trap: trap_request=0xffffff45 fr.pc=0x0000025c4fb500a0 relative=0x0000000000000fc0
Event: 223.854 Thread 0x0000025c6ed92b50 Uncommon trap: reason=unstable_if action=reinterpret pc=0x0000025c4fb500a0 method=com.android.tools.r8.internal.Pk.a()Lcom/android/tools/r8/internal/Pk; @ 143 c2
Event: 223.854 Thread 0x0000025c6ed92b50 DEOPT PACKING pc=0x0000025c4fb500a0 sp=0x000000ded9dfe810
Event: 223.854 Thread 0x0000025c6ed92b50 DEOPT UNPACKING pc=0x0000025c4e1b69a3 sp=0x000000ded9dfe800 mode 2

Classes unloaded (4 events):
Event: 120.402 Thread 0x0000025c6193c150 Unloading class 0x0000000800eecc00 'java/lang/invoke/LambdaForm$DMH+0x0000000800eecc00'
Event: 120.402 Thread 0x0000025c6193c150 Unloading class 0x0000000800eec800 'java/lang/invoke/LambdaForm$DMH+0x0000000800eec800'
Event: 120.402 Thread 0x0000025c6193c150 Unloading class 0x0000000800eec400 'java/lang/invoke/LambdaForm$DMH+0x0000000800eec400'
Event: 193.475 Thread 0x0000025c6193c150 Unloading class 0x000000080137c400 'java/lang/invoke/LambdaForm$DMH+0x000000080137c400'

Classes redefined (0 events):
No events

Internal exceptions (20 events):
Event: 218.754 Thread 0x0000025c6ed96040 Exception <a 'java/net/SocketException'{0x00000007325579a8}: Socket is not connected: shutdown> (0x00000007325579a8) 
thrown [s\src\hotspot\share\prims\jni.cpp, line 536]
Event: 218.826 Thread 0x0000025c6ed96040 Exception <a 'java/net/ConnectException'{0x00000007325e6a58}: Connection refused: connect> (0x00000007325e6a58) 
thrown [s\src\hotspot\share\prims\jni.cpp, line 536]
Event: 218.826 Thread 0x0000025c6ed96040 Exception <a 'java/net/SocketException'{0x00000007325e6d90}: Socket is not connected: shutdown> (0x00000007325e6d90) 
thrown [s\src\hotspot\share\prims\jni.cpp, line 536]
Event: 219.532 Thread 0x0000025c648af120 Exception <a 'sun/nio/fs/WindowsException'{0x000000073390d360}> (0x000000073390d360) 
thrown [s\src\hotspot\share\prims\jni.cpp, line 517]
Event: 221.193 Thread 0x0000025c648af120 Exception <a 'sun/nio/fs/WindowsException'{0x000000072ee2e638}> (0x000000072ee2e638) 
thrown [s\src\hotspot\share\prims\jni.cpp, line 517]
Event: 221.367 Thread 0x0000025c688e1c10 Exception <a 'sun/nio/fs/WindowsException'{0x000000072ef5bd40}> (0x000000072ef5bd40) 
thrown [s\src\hotspot\share\prims\jni.cpp, line 517]
Event: 221.368 Thread 0x0000025c688e1c10 Exception <a 'sun/nio/fs/WindowsException'{0x000000072ef5cbc8}> (0x000000072ef5cbc8) 
thrown [s\src\hotspot\share\prims\jni.cpp, line 517]
Event: 221.368 Thread 0x0000025c688e1c10 Exception <a 'sun/nio/fs/WindowsException'{0x000000072ef5ce78}> (0x000000072ef5ce78) 
thrown [s\src\hotspot\share\prims\jni.cpp, line 517]
Event: 221.458 Thread 0x0000025c688e1c10 Exception <a 'sun/nio/fs/WindowsException'{0x000000072ef80ff0}> (0x000000072ef80ff0) 
thrown [s\src\hotspot\share\prims\jni.cpp, line 517]
Event: 221.459 Thread 0x0000025c688e1c10 Exception <a 'sun/nio/fs/WindowsException'{0x000000072ef81e98}> (0x000000072ef81e98) 
thrown [s\src\hotspot\share\prims\jni.cpp, line 517]
Event: 221.726 Thread 0x0000025c648af120 Exception <a 'sun/nio/fs/WindowsException'{0x000000072e215a40}> (0x000000072e215a40) 
thrown [s\src\hotspot\share\prims\jni.cpp, line 517]
Event: 221.820 Thread 0x0000025c648af120 Exception <a 'sun/nio/fs/WindowsException'{0x000000072e2b0620}> (0x000000072e2b0620) 
thrown [s\src\hotspot\share\prims\jni.cpp, line 517]
Event: 222.393 Thread 0x0000025c688e1c10 Exception <a 'sun/nio/fs/WindowsException'{0x000000072c32f360}> (0x000000072c32f360) 
thrown [s\src\hotspot\share\prims\jni.cpp, line 517]
Event: 222.393 Thread 0x0000025c688e1c10 Exception <a 'sun/nio/fs/WindowsException'{0x000000072c3301f8}> (0x000000072c3301f8) 
thrown [s\src\hotspot\share\prims\jni.cpp, line 517]
Event: 222.393 Thread 0x0000025c688e1c10 Exception <a 'sun/nio/fs/WindowsException'{0x000000072c330510}> (0x000000072c330510) 
thrown [s\src\hotspot\share\prims\jni.cpp, line 517]
Event: 222.393 Thread 0x0000025c688e1c10 Exception <a 'sun/nio/fs/WindowsException'{0x000000072c3313b8}> (0x000000072c3313b8) 
thrown [s\src\hotspot\share\prims\jni.cpp, line 517]
Event: 222.394 Thread 0x0000025c688e1c10 Implicit null exception at 0x0000025c4f37b05d to 0x0000025c4f37b820
Event: 222.394 Thread 0x0000025c688e1c10 Implicit null exception at 0x0000025c4fad27ed to 0x0000025c4fad322c
Event: 222.565 Thread 0x0000025c688e1c10 Exception <a 'sun/nio/fs/WindowsException'{0x000000072b6fa3a8}> (0x000000072b6fa3a8) 
thrown [s\src\hotspot\share\prims\jni.cpp, line 517]
Event: 223.362 Thread 0x0000025c6ed95b70 Exception <a 'sun/nio/fs/WindowsException'{0x0000000729477760}> (0x0000000729477760) 
thrown [s\src\hotspot\share\prims\jni.cpp, line 517]

VM Operations (20 events):
Event: 217.723 Executing VM operation: G1CollectForAllocation done
Event: 218.730 Executing VM operation: Cleanup
Event: 218.732 Executing VM operation: Cleanup done
Event: 219.427 Executing VM operation: G1CollectForAllocation
Event: 219.487 Executing VM operation: G1CollectForAllocation done
Event: 219.490 Executing VM operation: G1TryInitiateConcMark
Event: 219.496 Executing VM operation: G1TryInitiateConcMark done
Event: 220.497 Executing VM operation: Cleanup
Event: 220.508 Executing VM operation: Cleanup done
Event: 220.858 Executing VM operation: G1Concurrent
Event: 220.917 Executing VM operation: G1Concurrent done
Event: 221.510 Executing VM operation: G1Concurrent
Event: 221.514 Executing VM operation: G1Concurrent done
Event: 222.885 Executing VM operation: ICBufferFull
Event: 222.897 Executing VM operation: ICBufferFull done
Event: 223.507 Executing VM operation: G1CollectForAllocation
Event: 223.526 Executing VM operation: G1CollectForAllocation done
Event: 223.907 Executing VM operation: G1CollectForAllocation
Event: 223.974 Executing VM operation: G1CollectForAllocation done
Event: 224.256 Executing VM operation: G1TryInitiateConcMark

Events (20 events):
Event: 217.567 Thread 0x0000025c6243c5e0 flushing nmethod 0x0000025c4a019310
Event: 217.567 Thread 0x0000025c6243c5e0 flushing nmethod 0x0000025c4a029490
Event: 217.567 Thread 0x0000025c6243c5e0 flushing nmethod 0x0000025c4a02e210
Event: 217.567 Thread 0x0000025c6243c5e0 flushing nmethod 0x0000025c4a030c90
Event: 217.567 Thread 0x0000025c6243c5e0 flushing nmethod 0x0000025c4a03bf10
Event: 217.567 Thread 0x0000025c6243c5e0 flushing nmethod 0x0000025c4a085c10
Event: 217.567 Thread 0x0000025c6243c5e0 flushing nmethod 0x0000025c4a086710
Event: 217.567 Thread 0x0000025c6243c5e0 flushing nmethod 0x0000025c4a091810
Event: 217.567 Thread 0x0000025c6243c5e0 flushing nmethod 0x0000025c4a092510
Event: 218.180 Thread 0x0000025c69041e80 Thread added: 0x0000025c69041e80
Event: 219.353 Thread 0x0000025c648af120 Thread added: 0x0000025c648af120
Event: 219.518 Thread 0x0000025c69041e80 Thread exited: 0x0000025c69041e80
Event: 219.589 Thread 0x0000025c690432c0 Thread added: 0x0000025c690432c0
Event: 220.421 Thread 0x0000025c690432c0 Thread exited: 0x0000025c690432c0
Event: 220.673 Thread 0x0000025c6903f0f0 Thread added: 0x0000025c6903f0f0
Event: 221.603 Thread 0x0000025c6903f0f0 Thread exited: 0x0000025c6903f0f0
Event: 221.895 Thread 0x0000025c69040a40 Thread added: 0x0000025c69040a40
Event: 222.528 loading class java/io/BufferedReader$1
Event: 222.529 loading class java/io/BufferedReader$1 done
Event: 224.105 Thread 0x0000025c648af120 Thread exited: 0x0000025c648af120


Dynamic libraries:
0x00007ff713ce0000 - 0x00007ff713cea000 	C:\Program Files\Android\Android Studio\jbr\bin\java.exe
0x00007ffa06250000 - 0x00007ffa06448000 	C:\Windows\SYSTEM32\ntdll.dll
0x00007ffa05a80000 - 0x00007ffa05b3d000 	C:\Windows\System32\KERNEL32.DLL
0x00007ffa03f30000 - 0x00007ffa04226000 	C:\Windows\System32\KERNELBASE.dll
0x00007ffa03a20000 - 0x00007ffa03b20000 	C:\Windows\System32\ucrtbase.dll
0x00007ff9f81d0000 - 0x00007ff9f81eb000 	C:\Program Files\Android\Android Studio\jbr\bin\VCRUNTIME140.dll
0x00007ff9f81f0000 - 0x00007ff9f8207000 	C:\Program Files\Android\Android Studio\jbr\bin\jli.dll
0x00007ffa05b40000 - 0x00007ffa05cde000 	C:\Windows\System32\USER32.dll
0x00007ffa03ed0000 - 0x00007ffa03ef2000 	C:\Windows\System32\win32u.dll
0x00007ffa05d40000 - 0x00007ffa05d6b000 	C:\Windows\System32\GDI32.dll
0x00007ffa03900000 - 0x00007ffa03a17000 	C:\Windows\System32\gdi32full.dll
0x00007ff9f7640000 - 0x00007ff9f78da000 	C:\Windows\WinSxS\amd64_microsoft.windows.common-controls_6595b64144ccf1df_6.0.19041.3636_none_60b6a03d71f818d5\COMCTL32.dll
0x00007ffa03b20000 - 0x00007ffa03bbd000 	C:\Windows\System32\msvcp_win.dll
0x00007ffa059e0000 - 0x00007ffa05a7e000 	C:\Windows\System32\msvcrt.dll
0x00007ffa058e0000 - 0x00007ffa05912000 	C:\Windows\System32\IMM32.DLL
0x00007ff9ff150000 - 0x00007ff9ff15c000 	C:\Program Files\Android\Android Studio\jbr\bin\vcruntime140_1.dll
0x00007ff9f17b0000 - 0x00007ff9f183d000 	C:\Program Files\Android\Android Studio\jbr\bin\msvcp140.dll
0x00007ff9c63e0000 - 0x00007ff9c704e000 	C:\Program Files\Android\Android Studio\jbr\bin\server\jvm.dll
0x00007ffa06160000 - 0x00007ffa06210000 	C:\Windows\System32\ADVAPI32.dll
0x00007ffa04770000 - 0x00007ffa04810000 	C:\Windows\System32\sechost.dll
0x00007ffa04400000 - 0x00007ffa04525000 	C:\Windows\System32\RPCRT4.dll
0x00007ffa03f00000 - 0x00007ffa03f27000 	C:\Windows\System32\bcrypt.dll
0x00007ff9e9470000 - 0x00007ff9e9497000 	C:\Windows\SYSTEM32\WINMM.dll
0x00007ff9fe010000 - 0x00007ff9fe019000 	C:\Windows\SYSTEM32\WSOCK32.dll
0x00007ffa04f20000 - 0x00007ffa04f8b000 	C:\Windows\System32\WS2_32.dll
0x00007ff9f56c0000 - 0x00007ff9f56ca000 	C:\Windows\SYSTEM32\VERSION.dll
0x00007ffa02100000 - 0x00007ffa02112000 	C:\Windows\SYSTEM32\kernel.appcore.dll
0x00007ff9f81c0000 - 0x00007ff9f81ca000 	C:\Program Files\Android\Android Studio\jbr\bin\jimage.dll
0x00007ff9e7880000 - 0x00007ff9e7a64000 	C:\Windows\SYSTEM32\DBGHELP.DLL
0x00007ff9e9670000 - 0x00007ff9e96a4000 	C:\Windows\SYSTEM32\dbgcore.DLL
0x00007ffa03dd0000 - 0x00007ffa03e52000 	C:\Windows\System32\bcryptPrimitives.dll
0x00007ff9f70a0000 - 0x00007ff9f70c5000 	C:\Program Files\Android\Android Studio\jbr\bin\java.dll
0x00007ff9f81a0000 - 0x00007ff9f81b8000 	C:\Program Files\Android\Android Studio\jbr\bin\zip.dll
0x00007ffa04f90000 - 0x00007ffa056fb000 	C:\Windows\System32\SHELL32.dll
0x00007ffa01860000 - 0x00007ffa01ffe000 	C:\Windows\SYSTEM32\windows.storage.dll
0x00007ffa05e00000 - 0x00007ffa06153000 	C:\Windows\System32\combase.dll
0x00007ffa03180000 - 0x00007ffa031ae000 	C:\Windows\SYSTEM32\Wldp.dll
0x00007ffa04280000 - 0x00007ffa0434d000 	C:\Windows\System32\OLEAUT32.dll
0x00007ffa04530000 - 0x00007ffa045dd000 	C:\Windows\System32\SHCORE.dll
0x00007ffa05980000 - 0x00007ffa059d5000 	C:\Windows\System32\shlwapi.dll
0x00007ffa03830000 - 0x00007ffa03855000 	C:\Windows\SYSTEM32\profapi.dll
0x00007ff9f7080000 - 0x00007ff9f7099000 	C:\Program Files\Android\Android Studio\jbr\bin\net.dll
0x00007ff9fb860000 - 0x00007ff9fb96a000 	C:\Windows\SYSTEM32\WINHTTP.dll
0x00007ffa02f60000 - 0x00007ffa02fca000 	C:\Windows\system32\mswsock.dll
0x00007ff9f63a0000 - 0x00007ff9f63b6000 	C:\Program Files\Android\Android Studio\jbr\bin\nio.dll
0x00007ff9f6390000 - 0x00007ff9f63a0000 	C:\Program Files\Android\Android Studio\jbr\bin\verify.dll
0x00007ff9f46b0000 - 0x00007ff9f46d7000 	C:\Users\ALI_S\.gradle\native\e1d6ef7f7dcc3fd88c89a11ec53ec762bb8ba0a96d01ffa2cd45eb1d1d8dd5c5\windows-amd64\native-platform.dll
0x00007ff9e50e0000 - 0x00007ff9e5224000 	C:\Users\ALI_S\.gradle\native\0d407fdbe67a94daf76414ababcb853783967236a71b16ec16e742cd7a986fd3\windows-amd64\native-platform-file-events.dll
0x00007ff9f6380000 - 0x00007ff9f6389000 	C:\Program Files\Android\Android Studio\jbr\bin\management.dll
0x00007ff9f3a30000 - 0x00007ff9f3a3b000 	C:\Program Files\Android\Android Studio\jbr\bin\management_ext.dll
0x00007ffa04f10000 - 0x00007ffa04f18000 	C:\Windows\System32\PSAPI.DLL
0x00007ffa034f0000 - 0x00007ffa03508000 	C:\Windows\SYSTEM32\CRYPTSP.dll
0x00007ffa028b0000 - 0x00007ffa028e4000 	C:\Windows\system32\rsaenh.dll
0x00007ffa037b0000 - 0x00007ffa037de000 	C:\Windows\SYSTEM32\USERENV.dll
0x00007ffa030f0000 - 0x00007ffa030fc000 	C:\Windows\SYSTEM32\CRYPTBASE.dll
0x00007ffa02c70000 - 0x00007ffa02cab000 	C:\Windows\SYSTEM32\IPHLPAPI.DLL
0x00007ffa04760000 - 0x00007ffa04768000 	C:\Windows\System32\NSI.dll
0x00007ff9fcda0000 - 0x00007ff9fcdb7000 	C:\Windows\SYSTEM32\dhcpcsvc6.DLL
0x00007ff9fcd80000 - 0x00007ff9fcd9d000 	C:\Windows\SYSTEM32\dhcpcsvc.DLL
0x00007ffa02cb0000 - 0x00007ffa02d7b000 	C:\Windows\SYSTEM32\DNSAPI.dll
0x00007ff9f3440000 - 0x00007ff9f3447000 	C:\Windows\system32\wshunix.dll
0x00007ff9f57a0000 - 0x00007ff9f57aa000 	C:\Windows\System32\rasadhlp.dll
0x00007ff9fad20000 - 0x00007ff9fada0000 	C:\Windows\System32\fwpuclnt.dll
0x00007ffa029d0000 - 0x00007ffa02a03000 	C:\Windows\SYSTEM32\ntmarta.dll
0x00007ff9ff270000 - 0x00007ff9ff28e000 	C:\Users\ALI_S\AppData\Local\Temp\native-platform7154919565289592393dir\native-platform.dll
0x00007ffa00ed0000 - 0x00007ffa00ed7000 	C:\Program Files\Android\Android Studio\jbr\bin\rmi.dll

dbghelp: loaded successfully - version: 4.0.5 - missing functions: none
symbol engine: initialized successfully - sym options: 0x614 - pdb path: .;C:\Program Files\Android\Android Studio\jbr\bin;C:\Windows\SYSTEM32;C:\Windows\WinSxS\amd64_microsoft.windows.common-controls_6595b64144ccf1df_6.0.19041.3636_none_60b6a03d71f818d5;C:\Program Files\Android\Android Studio\jbr\bin\server;C:\Users\ALI_S\.gradle\native\e1d6ef7f7dcc3fd88c89a11ec53ec762bb8ba0a96d01ffa2cd45eb1d1d8dd5c5\windows-amd64;C:\Users\ALI_S\.gradle\native\0d407fdbe67a94daf76414ababcb853783967236a71b16ec16e742cd7a986fd3\windows-amd64;C:\Users\ALI_S\AppData\Local\Temp\native-platform7154919565289592393dir

VM Arguments:
jvm_args: --add-opens=java.base/java.util=ALL-UNNAMED --add-opens=java.base/java.lang=ALL-UNNAMED --add-opens=java.base/java.lang.invoke=ALL-UNNAMED --add-opens=java.base/java.util=ALL-UNNAMED --add-opens=java.prefs/java.util.prefs=ALL-UNNAMED --add-opens=java.prefs/java.util.prefs=ALL-UNNAMED --add-opens=java.base/java.nio.charset=ALL-UNNAMED --add-opens=java.base/java.net=ALL-UNNAMED --add-opens=java.base/java.util.concurrent.atomic=ALL-UNNAMED -Xmx4G -Dfile.encoding=windows-1252 -Duser.country=US -Duser.language=en -Duser.variant 
java_command: org.gradle.launcher.daemon.bootstrap.GradleDaemon 7.5
java_class_path (initial): C:\Users\ALI_S\.gradle\wrapper\dists\gradle-7.5-all\6qsw290k5lz422uaf8jf6m7co\gradle-7.5\lib\gradle-launcher-7.5.jar
Launcher Type: SUN_STANDARD

[Global flags]
     intx CICompilerCount                          = 3                                         {product} {ergonomic}
     uint ConcGCThreads                            = 1                                         {product} {ergonomic}
     uint G1ConcRefinementThreads                  = 4                                         {product} {ergonomic}
   size_t G1HeapRegionSize                         = 2097152                                   {product} {ergonomic}
    uintx GCDrainStackTargetSize                   = 64                                        {product} {ergonomic}
   size_t InitialHeapSize                          = 134217728                                 {product} {ergonomic}
   size_t MarkStackSize                            = 4194304                                   {product} {ergonomic}
   size_t MaxHeapSize                              = 4294967296                                {product} {command line}
   size_t MaxNewSize                               = 2575302656                                {product} {ergonomic}
   size_t MinHeapDeltaBytes                        = 2097152                                   {product} {ergonomic}
   size_t MinHeapSize                              = 8388608                                   {product} {ergonomic}
    uintx NonNMethodCodeHeapSize                   = 5832780                                {pd product} {ergonomic}
    uintx NonProfiledCodeHeapSize                  = 122912730                              {pd product} {ergonomic}
    uintx ProfiledCodeHeapSize                     = 122912730                              {pd product} {ergonomic}
    uintx ReservedCodeCacheSize                    = 251658240                              {pd product} {ergonomic}
     bool SegmentedCodeCache                       = true                                      {product} {ergonomic}
   size_t SoftMaxHeapSize                          = 4294967296                             {manageable} {ergonomic}
     bool UseCompressedClassPointers               = true                           {product lp64_product} {ergonomic}
     bool UseCompressedOops                        = true                           {product lp64_product} {ergonomic}
     bool UseG1GC                                  = true                                      {product} {ergonomic}
     bool UseLargePagesIndividualAllocation        = false                                  {pd product} {ergonomic}

Logging:
Log output configuration:
 #0: stdout all=warning uptime,level,tags
 #1: stderr all=off uptime,level,tags

Environment Variables:
JAVA_HOME=C:\Program Files\Android\Android Studio\jbr
CLASSPATH=C:\development\flutter_app\mukawwin_3\android\\gradle\wrapper\gradle-wrapper.jar
PATH=C:\Program Files\Android\Android Studio\jbr\bin;C:\Program Files\Common Files\Oracle\Java\javapath;C:\Program Files (x86)\VMware\VMware Player\bin\;C:\Windows\system32;C:\Windows;C:\Windows\System32\Wbem;C:\Windows\System32\WindowsPowerShell\v1.0\;C:\Windows\System32\OpenSSH\;C:\Program Files\Git\cmd;C:\Program Files\MATLAB\R2017a\runtime\win64;C:\Program Files\MATLAB\R2017a\bin;C:\Program Files\nodejs\;C:\Program Files\Microsoft SQL Server\110\Tools\Binn\;c:\Program Files (x86)\Microsoft SQL Server\90\Tools\binn\;C:\Visual8\Common7\IDE;C:\Visual8\VC\bin;C:\Visual8\Common7\Tools;C:\Visual8\Common7\Tools\Bin;C:\Visual8\VC\PlatformSDK\Bin;C:\Visual8\SDK\v2.0\Bin;C:\Windows\Microsoft.NET\Framework\v2.0.50727;C:\Visual8\VC\vcpackages;C:\Opnet\14.5.A\bin;C:\Program Files\Java\jdk1.8.0_65\bin;C:\Users\ALI_S\AppData\Local\Microsoft\WindowsApps;C:\development\flutter\bin;C:\Users\ALI_S\AppData\Local\Programs\Microsoft VS Code\bin;C:\development\flutter\bin\mingit\cmd;C:\development\flutter\bin\mingit\cmd
USERNAME=ALI_S
LIBPATH=C:\Windows\Microsoft.NET\Framework\v2.0.50727;C:\Visual8\VC\ATLMFC\LIB;
OS=Windows_NT
PROCESSOR_IDENTIFIER=Intel64 Family 6 Model 58 Stepping 9, GenuineIntel
TMP=C:\Users\ALI_S\AppData\Local\Temp
TEMP=C:\Users\ALI_S\AppData\Local\Temp


JNI global refs:
JNI global refs: 25, weak refs: 0

JNI global refs memory usage: 843, weak refs: 841


---------------  S Y S T E M  ---------------

OS:
 Windows 10 , 64 bit Build 19041 (10.0.19041.3636)
OS uptime: 6 days 13:58 hours
Hyper-V role detected

CPU: total 4 (initial active 4) (2 cores per cpu, 2 threads per core) family 6 model 58 stepping 9 microcode 0x21, cx8, cmov, fxsr, ht, mmx, sse, sse2, sse3, ssse3, sse4.1, sse4.2, popcnt, tsc, tscinvbit, avx, aes, erms, clmul, vzeroupper, clflush, hv

Memory: 4k page, system-wide physical 8094M (554M free)
TotalPageFile size 11481M (AvailPageFile size 317M)
current process WorkingSet (physical memory assigned to process): 1251M, peak: 1291M
current process commit charge ("private bytes"): 1353M, peak: 2077M

vm_info: OpenJDK 64-Bit Server VM (17.0.6+0-b2043.56-10027231) for windows-amd64 JRE (17.0.6+0-b2043.56-10027231), built on Apr 28 2023 00:43:19 by "androidbuild" with MS VC++ 16.10 / 16.11 (VS2019)

END.
