#
# There is insufficient memory for the Java Runtime Environment to continue.
# Native memory allocation (mmap) failed to map 643825664 bytes for G1 virtual space
# Possible reasons:
#   The system is out of physical RAM or swap space
#   The process is running with CompressedOops enabled, and the Java Heap may be blocking the growth of the native heap
# Possible solutions:
#   Reduce memory load on the system
#   Increase physical memory or swap space
#   Check if swap backing store is full
#   Decrease Java heap size (-Xmx/-Xms)
#   Decrease number of Java threads
#   Decrease Java thread stack sizes (-Xss)
#   Set larger code cache with -XX:ReservedCodeCacheSize=
#   JVM is running with Zero Based Compressed Oops mode in which the Java heap is
#     placed in the first 32GB address space. The Java Heap base address is the
#     maximum limit for the native heap growth. Please use -XX:HeapBaseMinAddress
#     to set the Java Heap base and to place the Java Heap above 32GB virtual address.
# This output file may be truncated or incomplete.
#
#  Out of Memory Error (os_windows.cpp:3769), pid=8972, tid=10152
#
# JRE version: OpenJDK Runtime Environment (17.0.6) (build 17.0.6+0-b2043.56-10027231)
# Java VM: OpenJDK 64-Bit Server VM (17.0.6+0-b2043.56-10027231, mixed mode, tiered, compressed oops, compressed class ptrs, g1 gc, windows-amd64)
# No core dump will be written. Minidumps are not enabled by default on client versions of Windows
#

---------------  S U M M A R Y ------------

Command Line: --add-opens=java.base/java.util=ALL-UNNAMED --add-opens=java.base/java.lang=ALL-UNNAMED --add-opens=java.base/java.lang.invoke=ALL-UNNAMED --add-opens=java.base/java.util=ALL-UNNAMED --add-opens=java.prefs/java.util.prefs=ALL-UNNAMED --add-opens=java.prefs/java.util.prefs=ALL-UNNAMED --add-opens=java.base/java.nio.charset=ALL-UNNAMED --add-opens=java.base/java.net=ALL-UNNAMED --add-opens=java.base/java.util.concurrent.atomic=ALL-UNNAMED -Xmx4G -Dfile.encoding=windows-1252 -Duser.country=US -Duser.language=en -Duser.variant org.gradle.launcher.daemon.bootstrap.GradleDaemon 7.5

Host: Intel(R) Core(TM) i5-3380M CPU @ 2.90GHz, 4 cores, 7G,  Windows 10 , 64 bit Build 19041 (10.0.19041.5438)
Time: Tue Mar 25 23:56:57 2025 Syria Standard Time elapsed time: 178.343569 seconds (0d 0h 2m 58s)

---------------  T H R E A D  ---------------

Current thread (0x00000171a2a1e640):  VMThread "VM Thread" [stack: 0x0000003a7b600000,0x0000003a7b700000] [id=10152]

Stack: [0x0000003a7b600000,0x0000003a7b700000]
Native frames: (J=compiled Java code, j=interpreted, Vv=VM code, C=native code)
V  [jvm.dll+0x683c9a]
V  [jvm.dll+0x8427a4]
V  [jvm.dll+0x843f9e]
V  [jvm.dll+0x844603]
V  [jvm.dll+0x249b75]
V  [jvm.dll+0x680b69]
V  [jvm.dll+0x67505a]
V  [jvm.dll+0x309acb]
V  [jvm.dll+0x310f86]
V  [jvm.dll+0x3608ee]
V  [jvm.dll+0x360b1f]
V  [jvm.dll+0x2dfbf8]
V  [jvm.dll+0x2ddec4]
V  [jvm.dll+0x2dd4cc]
V  [jvm.dll+0x321f3b]
V  [jvm.dll+0x848ccb]
V  [jvm.dll+0x849a04]
V  [jvm.dll+0x849f1d]
V  [jvm.dll+0x84a2f4]
V  [jvm.dll+0x84a3c0]
V  [jvm.dll+0x7f274a]
V  [jvm.dll+0x682ad5]
C  [ucrtbase.dll+0x21bb2]
C  [KERNEL32.DLL+0x17374]
C  [ntdll.dll+0x4cc91]

VM_Operation (0x0000003a028fea10): G1CollectForAllocation, mode: safepoint, requested by thread 0x00000171b1ad0ef0


---------------  P R O C E S S  ---------------

Threads class SMR info:
_java_thread_list=0x00000171aba153c0, length=112, elements={
0x0000017184848590, 0x00000171a3415630, 0x00000171a34163b0, 0x00000171a2a31b00,
0x00000171a2a323c0, 0x00000171a3447530, 0x00000171a3447df0, 0x00000171a3448760,
0x00000171a3449110, 0x00000171a34b8370, 0x00000171a35a4fe0, 0x00000171a35a54b0,
0x00000171a5b3e030, 0x00000171a4f30190, 0x00000171a5997170, 0x00000171a3659660,
0x00000171a59a2ac0, 0x00000171a4a3bfc0, 0x00000171a4a3c490, 0x00000171a4a3b620,
0x00000171a4a3baf0, 0x00000171a4a3c960, 0x00000171a4a3b150, 0x00000171a3adaf10,
0x00000171a3adb3e0, 0x00000171a3ad6210, 0x00000171a3ad4530, 0x00000171a3ad4ed0,
0x00000171a3ad53a0, 0x00000171a3ad4060, 0x00000171a3ad5870, 0x00000171a3adb8b0,
0x00000171a3ad8890, 0x00000171a3ad83c0, 0x00000171a3ad7550, 0x00000171a3ad8d60,
0x00000171a3ad9bd0, 0x00000171a3ad7a20, 0x00000171a3ad9230, 0x00000171a3ada0a0,
0x00000171a3adaa40, 0x00000171a41330b0, 0x00000171a4133a50, 0x00000171a4133f20,
0x00000171a41343f0, 0x00000171a4132240, 0x00000171a41360d0, 0x00000171a4133580,
0x00000171a4130a30, 0x00000171a412e880, 0x00000171a4135260, 0x00000171a41348c0,
0x00000171a412f6f0, 0x00000171a4134d90, 0x00000171a4135730, 0x00000171a4135c00,
0x00000171a41313d0, 0x00000171a4130f00, 0x00000171a4130090, 0x00000171a41318a0,
0x00000171a4132710, 0x00000171a66123a0, 0x00000171a660cd00, 0x00000171a660be90,
0x00000171a66101f0, 0x00000171a660c360, 0x00000171a660fd20, 0x00000171a6611a00,
0x00000171a6612870, 0x00000171a66106c0, 0x00000171a660b9c0, 0x00000171a660f850,
0x00000171a660b020, 0x00000171a6610b90, 0x00000171a660d6a0, 0x00000171a660e9e0,
0x00000171a660b4f0, 0x00000171a660c830, 0x00000171a6611ed0, 0x00000171a660f380,
0x00000171a660db70, 0x00000171a660d1d0, 0x00000171a6611060, 0x00000171a660e040,
0x00000171a660e510, 0x00000171a660eeb0, 0x00000171a3721560, 0x00000171aad26fb0,
0x00000171aad2c650, 0x00000171aad27480, 0x00000171aad2bcb0, 0x00000171aad2ae40,
0x00000171aad257a0, 0x00000171aad29fd0, 0x00000171aad28c90, 0x00000171aa090d30,
0x00000171aa092ee0, 0x00000171aa091200, 0x00000171aa096d70, 0x00000171aa0933b0,
0x00000171aad29b00, 0x00000171aad2b310, 0x00000171aad24e00, 0x00000171aa098580,
0x00000171b1ad3570, 0x00000171b1ad3a40, 0x00000171b1ad43e0, 0x00000171b1b997c0,
0x00000171b1ad0ef0, 0x00000171b1acd530, 0x00000171b1ad3f10, 0x00000171b1ad2bd0
}

Java Threads: ( => current thread )
  0x0000017184848590 JavaThread "main" [_thread_blocked, id=7216, stack(0x0000003a7af00000,0x0000003a7b000000)]
  0x00000171a3415630 JavaThread "Reference Handler" daemon [_thread_blocked, id=2748, stack(0x0000003a7b700000,0x0000003a7b800000)]
  0x00000171a34163b0 JavaThread "Finalizer" daemon [_thread_blocked, id=8788, stack(0x0000003a7b800000,0x0000003a7b900000)]
  0x00000171a2a31b00 JavaThread "Signal Dispatcher" daemon [_thread_blocked, id=6596, stack(0x0000003a7b900000,0x0000003a7ba00000)]
  0x00000171a2a323c0 JavaThread "Attach Listener" daemon [_thread_blocked, id=11012, stack(0x0000003a7ba00000,0x0000003a7bb00000)]
  0x00000171a3447530 JavaThread "Service Thread" daemon [_thread_blocked, id=11184, stack(0x0000003a7bb00000,0x0000003a7bc00000)]
  0x00000171a3447df0 JavaThread "Monitor Deflation Thread" daemon [_thread_blocked, id=1608, stack(0x0000003a7bc00000,0x0000003a7bd00000)]
  0x00000171a3448760 JavaThread "C2 CompilerThread0" daemon [_thread_blocked, id=14392, stack(0x0000003a7bd00000,0x0000003a7be00000)]
  0x00000171a3449110 JavaThread "C1 CompilerThread0" daemon [_thread_blocked, id=15092, stack(0x0000003a7be00000,0x0000003a7bf00000)]
  0x00000171a34b8370 JavaThread "Sweeper thread" daemon [_thread_blocked, id=10848, stack(0x0000003a7bf00000,0x0000003a7c000000)]
  0x00000171a35a4fe0 JavaThread "Common-Cleaner" daemon [_thread_blocked, id=6700, stack(0x0000003a7c000000,0x0000003a7c100000)]
  0x00000171a35a54b0 JavaThread "Notification Thread" daemon [_thread_blocked, id=1364, stack(0x0000003a7c100000,0x0000003a7c200000)]
  0x00000171a5b3e030 JavaThread "Daemon health stats" [_thread_blocked, id=12772, stack(0x0000003a7c300000,0x0000003a7c400000)]
  0x00000171a4f30190 JavaThread "Incoming local TCP Connector on port 57451" [_thread_in_native, id=15128, stack(0x0000003a7c700000,0x0000003a7c800000)]
  0x00000171a5997170 JavaThread "Daemon periodic checks" [_thread_blocked, id=2408, stack(0x0000003a7c800000,0x0000003a7c900000)]
  0x00000171a3659660 JavaThread "Daemon" [_thread_blocked, id=8020, stack(0x0000003a7ca00000,0x0000003a7cb00000)]
  0x00000171a59a2ac0 JavaThread "Handler for socket connection from /127.0.0.1:57451 to /127.0.0.1:57452" [_thread_in_native, id=10536, stack(0x0000003a7cb00000,0x0000003a7cc00000)]
  0x00000171a4a3bfc0 JavaThread "Cancel handler" [_thread_blocked, id=756, stack(0x0000003a7cc00000,0x0000003a7cd00000)]
  0x00000171a4a3c490 JavaThread "Daemon worker" [_thread_blocked, id=14724, stack(0x0000003a7cd00000,0x0000003a7ce00000)]
  0x00000171a4a3b620 JavaThread "Asynchronous log dispatcher for DefaultDaemonConnection: socket connection from /127.0.0.1:57451 to /127.0.0.1:57452" [_thread_blocked, id=8124, stack(0x0000003a7ce00000,0x0000003a7cf00000)]
  0x00000171a4a3baf0 JavaThread "Stdin handler" [_thread_blocked, id=10304, stack(0x0000003a7cf00000,0x0000003a7d000000)]
  0x00000171a4a3c960 JavaThread "Daemon client event forwarder" [_thread_blocked, id=13836, stack(0x0000003a7d000000,0x0000003a7d100000)]
  0x00000171a4a3b150 JavaThread "Cache worker for journal cache (C:\Users\ALI_S\.gradle\caches\journal-1)" [_thread_blocked, id=14884, stack(0x0000003a7d100000,0x0000003a7d200000)]
  0x00000171a3adaf10 JavaThread "File lock request listener" [_thread_in_native, id=5860, stack(0x0000003a7d200000,0x0000003a7d300000)]
  0x00000171a3adb3e0 JavaThread "Cache worker for file hash cache (C:\Users\ALI_S\.gradle\caches\7.5\fileHashes)" [_thread_blocked, id=8664, stack(0x0000003a7c900000,0x0000003a7ca00000)]
  0x00000171a3ad6210 JavaThread "File watcher server" daemon [_thread_blocked, id=5580, stack(0x0000003a7d300000,0x0000003a7d400000)]
  0x00000171a3ad4530 JavaThread "File watcher consumer" daemon [_thread_blocked, id=4632, stack(0x0000003a7d400000,0x0000003a7d500000)]
  0x00000171a3ad4ed0 JavaThread "Cache worker for checksums cache (C:\development\flutter_app\mukawwin_3\android\.gradle\7.5\checksums)" [_thread_blocked, id=1316, stack(0x0000003a7d500000,0x0000003a7d600000)]
  0x00000171a3ad53a0 JavaThread "Cache worker for cache directory md-rule (C:\Users\ALI_S\.gradle\caches\7.5\md-rule)" [_thread_blocked, id=1580, stack(0x0000003a7d600000,0x0000003a7d700000)]
  0x00000171a3ad4060 JavaThread "Cache worker for file content cache (C:\Users\ALI_S\.gradle\caches\7.5\fileContent)" [_thread_blocked, id=6116, stack(0x0000003a7d700000,0x0000003a7d800000)]
  0x00000171a3ad5870 JavaThread "Cache worker for file hash cache (C:\development\flutter_app\mukawwin_3\android\.gradle\7.5\fileHashes)" [_thread_blocked, id=13584, stack(0x0000003a7d900000,0x0000003a7da00000)]
  0x00000171a3adb8b0 JavaThread "Cache worker for cache directory md-supplier (C:\Users\ALI_S\.gradle\caches\7.5\md-supplier)" [_thread_blocked, id=14024, stack(0x0000003a7da00000,0x0000003a7db00000)]
  0x00000171a3ad8890 JavaThread "Cache worker for execution history cache (C:\Users\ALI_S\.gradle\caches\7.5\executionHistory)" [_thread_blocked, id=9748, stack(0x0000003a7d800000,0x0000003a7d900000)]
  0x00000171a3ad83c0 JavaThread "jar transforms" [_thread_blocked, id=7384, stack(0x0000003a7dc00000,0x0000003a7dd00000)]
  0x00000171a3ad7550 JavaThread "Cache worker for kotlin-dsl (C:\Users\ALI_S\.gradle\caches\7.5\kotlin-dsl)" [_thread_blocked, id=9324, stack(0x0000003a7db00000,0x0000003a7dc00000)]
  0x00000171a3ad8d60 JavaThread "jar transforms Thread 2" [_thread_blocked, id=10440, stack(0x0000003a7de00000,0x0000003a7df00000)]
  0x00000171a3ad9bd0 JavaThread "Cache worker for dependencies-accessors (C:\development\flutter_app\mukawwin_3\android\.gradle\7.5\dependencies-accessors)" [_thread_blocked, id=9692, stack(0x0000003a7df00000,0x0000003a7e000000)]
  0x00000171a3ad7a20 JavaThread "Cache worker for Build Output Cleanup Cache (C:\development\flutter\packages\flutter_tools\gradle\.gradle\buildOutputCleanup)" [_thread_blocked, id=8240, stack(0x0000003a7e000000,0x0000003a7e100000)]
  0x00000171a3ad9230 JavaThread "jar transforms Thread 3" [_thread_blocked, id=10296, stack(0x0000003a7e100000,0x0000003a7e200000)]
  0x00000171a3ada0a0 JavaThread "Memory manager" [_thread_blocked, id=16272, stack(0x0000003a7e200000,0x0000003a7e300000)]
  0x00000171a3adaa40 JavaThread "jar transforms Thread 4" [_thread_blocked, id=13216, stack(0x0000003a7dd00000,0x0000003a7de00000)]
  0x00000171a41330b0 JavaThread "included builds" [_thread_blocked, id=11496, stack(0x0000003a7e400000,0x0000003a7e500000)]
  0x00000171a4133a50 JavaThread "Execution worker" [_thread_blocked, id=14156, stack(0x0000003a7e500000,0x0000003a7e600000)]
  0x00000171a4133f20 JavaThread "Execution worker Thread 2" [_thread_blocked, id=12520, stack(0x0000003a7e600000,0x0000003a7e700000)]
  0x00000171a41343f0 JavaThread "Execution worker Thread 3" [_thread_blocked, id=12904, stack(0x0000003a7e700000,0x0000003a7e800000)]
  0x00000171a4132240 JavaThread "Cache worker for execution history cache (C:\development\flutter\packages\flutter_tools\gradle\.gradle\7.5\executionHistory)" [_thread_blocked, id=10000, stack(0x0000003a7e800000,0x0000003a7e900000)]
  0x00000171a41360d0 JavaThread "Unconstrained build operations" [_thread_blocked, id=12460, stack(0x0000003a7e900000,0x0000003a7ea00000)]
  0x00000171a4133580 JavaThread "Unconstrained build operations Thread 2" [_thread_blocked, id=6236, stack(0x0000003a7ea00000,0x0000003a7eb00000)]
  0x00000171a4130a30 JavaThread "Unconstrained build operations Thread 3" [_thread_blocked, id=11140, stack(0x0000003a7eb00000,0x0000003a7ec00000)]
  0x00000171a412e880 JavaThread "Unconstrained build operations Thread 4" [_thread_blocked, id=13616, stack(0x0000003a7ec00000,0x0000003a7ed00000)]
  0x00000171a4135260 JavaThread "Unconstrained build operations Thread 5" [_thread_blocked, id=7964, stack(0x0000003a7ed00000,0x0000003a7ee00000)]
  0x00000171a41348c0 JavaThread "Unconstrained build operations Thread 6" [_thread_blocked, id=15428, stack(0x0000003a7ee00000,0x0000003a7ef00000)]
  0x00000171a412f6f0 JavaThread "Unconstrained build operations Thread 7" [_thread_blocked, id=13444, stack(0x0000003a7ef00000,0x0000003a7f000000)]
  0x00000171a4134d90 JavaThread "Unconstrained build operations Thread 8" [_thread_blocked, id=12896, stack(0x0000003a7f000000,0x0000003a7f100000)]
  0x00000171a4135730 JavaThread "Unconstrained build operations Thread 9" [_thread_blocked, id=11508, stack(0x0000003a7f100000,0x0000003a7f200000)]
  0x00000171a4135c00 JavaThread "Unconstrained build operations Thread 10" [_thread_blocked, id=13996, stack(0x0000003a7f200000,0x0000003a7f300000)]
  0x00000171a41313d0 JavaThread "Unconstrained build operations Thread 11" [_thread_blocked, id=10860, stack(0x0000003a7f300000,0x0000003a7f400000)]
  0x00000171a4130f00 JavaThread "Unconstrained build operations Thread 12" [_thread_blocked, id=3048, stack(0x0000003a7f400000,0x0000003a7f500000)]
  0x00000171a4130090 JavaThread "Unconstrained build operations Thread 13" [_thread_blocked, id=9552, stack(0x0000003a7f500000,0x0000003a7f600000)]
  0x00000171a41318a0 JavaThread "Unconstrained build operations Thread 14" [_thread_blocked, id=10196, stack(0x0000003a7f600000,0x0000003a7f700000)]
  0x00000171a4132710 JavaThread "Unconstrained build operations Thread 15" [_thread_blocked, id=10176, stack(0x0000003a7f700000,0x0000003a7f800000)]
  0x00000171a66123a0 JavaThread "Unconstrained build operations Thread 16" [_thread_blocked, id=12728, stack(0x0000003a7f800000,0x0000003a7f900000)]
  0x00000171a660cd00 JavaThread "Unconstrained build operations Thread 17" [_thread_blocked, id=2292, stack(0x0000003a7f900000,0x0000003a7fa00000)]
  0x00000171a660be90 JavaThread "Unconstrained build operations Thread 18" [_thread_blocked, id=2752, stack(0x0000003a7fa00000,0x0000003a7fb00000)]
  0x00000171a66101f0 JavaThread "Unconstrained build operations Thread 19" [_thread_blocked, id=11112, stack(0x0000003a7fb00000,0x0000003a7fc00000)]
  0x00000171a660c360 JavaThread "Unconstrained build operations Thread 20" [_thread_blocked, id=7472, stack(0x0000003a7fc00000,0x0000003a7fd00000)]
  0x00000171a660fd20 JavaThread "Unconstrained build operations Thread 21" [_thread_blocked, id=11864, stack(0x0000003a7fd00000,0x0000003a7fe00000)]
  0x00000171a6611a00 JavaThread "Unconstrained build operations Thread 22" [_thread_blocked, id=5472, stack(0x0000003a7fe00000,0x0000003a7ff00000)]
  0x00000171a6612870 JavaThread "Unconstrained build operations Thread 23" [_thread_blocked, id=16308, stack(0x0000003a7ff00000,0x0000003a80000000)]
  0x00000171a66106c0 JavaThread "Unconstrained build operations Thread 24" [_thread_blocked, id=9860, stack(0x0000003a00000000,0x0000003a00100000)]
  0x00000171a660b9c0 JavaThread "Unconstrained build operations Thread 25" [_thread_blocked, id=7676, stack(0x0000003a00100000,0x0000003a00200000)]
  0x00000171a660f850 JavaThread "Unconstrained build operations Thread 26" [_thread_blocked, id=7952, stack(0x0000003a00200000,0x0000003a00300000)]
  0x00000171a660b020 JavaThread "Unconstrained build operations Thread 27" [_thread_blocked, id=15284, stack(0x0000003a00300000,0x0000003a00400000)]
  0x00000171a6610b90 JavaThread "Unconstrained build operations Thread 28" [_thread_blocked, id=11332, stack(0x0000003a00400000,0x0000003a00500000)]
  0x00000171a660d6a0 JavaThread "Unconstrained build operations Thread 29" [_thread_blocked, id=8012, stack(0x0000003a00500000,0x0000003a00600000)]
  0x00000171a660e9e0 JavaThread "Unconstrained build operations Thread 30" [_thread_blocked, id=14564, stack(0x0000003a00600000,0x0000003a00700000)]
  0x00000171a660b4f0 JavaThread "Unconstrained build operations Thread 31" [_thread_blocked, id=8936, stack(0x0000003a00700000,0x0000003a00800000)]
  0x00000171a660c830 JavaThread "Unconstrained build operations Thread 32" [_thread_blocked, id=7096, stack(0x0000003a00800000,0x0000003a00900000)]
  0x00000171a6611ed0 JavaThread "Unconstrained build operations Thread 33" [_thread_blocked, id=10088, stack(0x0000003a00900000,0x0000003a00a00000)]
  0x00000171a660f380 JavaThread "Unconstrained build operations Thread 34" [_thread_blocked, id=9696, stack(0x0000003a00a00000,0x0000003a00b00000)]
  0x00000171a660db70 JavaThread "Unconstrained build operations Thread 35" [_thread_blocked, id=5816, stack(0x0000003a00b00000,0x0000003a00c00000)]
  0x00000171a660d1d0 JavaThread "Unconstrained build operations Thread 36" [_thread_blocked, id=11280, stack(0x0000003a00c00000,0x0000003a00d00000)]
  0x00000171a6611060 JavaThread "Unconstrained build operations Thread 37" [_thread_blocked, id=10448, stack(0x0000003a00d00000,0x0000003a00e00000)]
  0x00000171a660e040 JavaThread "Unconstrained build operations Thread 38" [_thread_blocked, id=13400, stack(0x0000003a00e00000,0x0000003a00f00000)]
  0x00000171a660e510 JavaThread "Unconstrained build operations Thread 39" [_thread_blocked, id=7420, stack(0x0000003a00f00000,0x0000003a01000000)]
  0x00000171a660eeb0 JavaThread "Unconstrained build operations Thread 40" [_thread_blocked, id=9896, stack(0x0000003a01000000,0x0000003a01100000)]
  0x00000171a3721560 JavaThread "Cache worker for Build Output Cleanup Cache (C:\development\flutter_app\mukawwin_3\android\.gradle\buildOutputCleanup)" [_thread_blocked, id=5648, stack(0x0000003a01100000,0x0000003a01200000)]
  0x00000171aad26fb0 JavaThread "Cache worker for execution history cache (C:\development\flutter_app\mukawwin_3\android\.gradle\7.5\executionHistory)" [_thread_blocked, id=5068, stack(0x0000003a01600000,0x0000003a01700000)]
  0x00000171aad2c650 JavaThread "File lock release action executor" [_thread_blocked, id=11996, stack(0x0000003a01400000,0x0000003a01500000)]
  0x00000171aad27480 JavaThread "WorkerExecutor Queue Thread 2" [_thread_blocked, id=15732, stack(0x0000003a01d00000,0x0000003a01e00000)]
  0x00000171aad2bcb0 JavaThread "WorkerExecutor Queue Thread 3" [_thread_blocked, id=5480, stack(0x0000003a01e00000,0x0000003a01f00000)]
  0x00000171aad2ae40 JavaThread "Cache worker for Java compile cache (C:\Users\ALI_S\.gradle\caches\7.5\javaCompile)" [_thread_blocked, id=11500, stack(0x0000003a01f00000,0x0000003a02000000)]
  0x00000171aad257a0 JavaThread "pool-3-thread-1" [_thread_blocked, id=10744, stack(0x0000003a01b00000,0x0000003a01c00000)]
  0x00000171aad29fd0 JavaThread "stderr" [_thread_in_native, id=11436, stack(0x0000003a02000000,0x0000003a02100000)]
  0x00000171aad28c90 JavaThread "stdout" [_thread_in_native, id=5252, stack(0x0000003a02100000,0x0000003a02200000)]
  0x00000171aa090d30 JavaThread "Build operations" [_thread_blocked, id=7456, stack(0x0000003a02200000,0x0000003a02300000)]
  0x00000171aa092ee0 JavaThread "Build operations Thread 2" [_thread_blocked, id=1960, stack(0x0000003a02300000,0x0000003a02400000)]
  0x00000171aa091200 JavaThread "Build operations Thread 3" [_thread_blocked, id=16024, stack(0x0000003a02400000,0x0000003a02500000)]
  0x00000171aa096d70 JavaThread "Build operations Thread 4" [_thread_blocked, id=12804, stack(0x0000003a02500000,0x0000003a02600000)]
  0x00000171aa0933b0 JavaThread "WorkerExecutor Queue Thread 4" [_thread_in_native, id=12828, stack(0x0000003a02700000,0x0000003a02800000)]
  0x00000171aad29b00 JavaThread "WorkerExecutor Queue Thread 5" [_thread_blocked, id=9356, stack(0x0000003a01300000,0x0000003a01400000)]
  0x00000171aad2b310 JavaThread "RMI Scheduler(0)" daemon [_thread_blocked, id=2820, stack(0x0000003a01200000,0x0000003a01300000)]
  0x00000171aad24e00 JavaThread "RMI RenewClean-[127.0.0.1:17971,org.jetbrains.kotlin.daemon.common.LoopbackNetworkInterface$ClientLoopbackSocketFactory@31d3611]" daemon [_thread_blocked, id=10828, stack(0x0000003a01700000,0x0000003a01800000)]
  0x00000171aa098580 JavaThread "RMI GC Daemon" daemon [_thread_blocked, id=6500, stack(0x0000003a01800000,0x0000003a01900000)]
  0x00000171b1ad3570 JavaThread "ForkJoinPool-1-worker-1" daemon [_thread_blocked, id=8044, stack(0x0000003a01900000,0x0000003a01a00000)]
  0x00000171b1ad3a40 JavaThread "RMI TCP Accept-0" daemon [_thread_in_native, id=15072, stack(0x0000003a01a00000,0x0000003a01b00000)]
  0x00000171b1ad43e0 JavaThread "RMI Reaper" [_thread_blocked, id=15000, stack(0x0000003a01c00000,0x0000003a01d00000)]
  0x00000171b1b997c0 JavaThread "C2 CompilerThread1" daemon [_thread_blocked, id=13692, stack(0x0000003a02600000,0x0000003a02700000)]
  0x00000171b1ad0ef0 JavaThread "ForkJoinPool-1-worker-2" daemon [_thread_blocked, id=14820, stack(0x0000003a02800000,0x0000003a02900000)]
  0x00000171b1acd530 JavaThread "RMI TCP Connection(1)-127.0.0.1" daemon [_thread_in_native, id=4900, stack(0x0000003a02900000,0x0000003a02a00000)]
  0x00000171b1ad3f10 JavaThread "ForkJoinPool-1-worker-3" daemon [_thread_blocked, id=14320, stack(0x0000003a02b00000,0x0000003a02c00000)]
  0x00000171b1ad2bd0 JavaThread "ForkJoinPool-1-worker-4" daemon [_thread_blocked, id=2388, stack(0x0000003a02c00000,0x0000003a02d00000)]

Other Threads:
=>0x00000171a2a1e640 VMThread "VM Thread" [stack: 0x0000003a7b600000,0x0000003a7b700000] [id=10152]
  0x00000171a35a7da0 WatcherThread [stack: 0x0000003a7c200000,0x0000003a7c300000] [id=2548]
  0x00000171848b3a60 GCTaskThread "GC Thread#0" [stack: 0x0000003a7b100000,0x0000003a7b200000] [id=11792]
  0x00000171a3a4de00 GCTaskThread "GC Thread#1" [stack: 0x0000003a7c400000,0x0000003a7c500000] [id=14768]
  0x00000171a3870c40 GCTaskThread "GC Thread#2" [stack: 0x0000003a7c500000,0x0000003a7c600000] [id=15200]
  0x00000171a41abfd0 GCTaskThread "GC Thread#3" [stack: 0x0000003a7c600000,0x0000003a7c700000] [id=2680]
  0x00000171848c48b0 ConcurrentGCThread "G1 Main Marker" [stack: 0x0000003a7b200000,0x0000003a7b300000] [id=13268]
  0x00000171848c51d0 ConcurrentGCThread "G1 Conc#0" [stack: 0x0000003a7b300000,0x0000003a7b400000] [id=11404]
  0x00000171a28824b0 ConcurrentGCThread "G1 Refine#0" [stack: 0x0000003a7b400000,0x0000003a7b500000] [id=3676]
  0x00000171aa2fb060 ConcurrentGCThread "G1 Refine#1" [stack: 0x0000003a01500000,0x0000003a01600000] [id=16008]
  0x00000171b1d589c0 ConcurrentGCThread "G1 Refine#2" [stack: 0x0000003a02a00000,0x0000003a02b00000] [id=3528]
  0x00000171848ff5a0 ConcurrentGCThread "G1 Service" [stack: 0x0000003a7b500000,0x0000003a7b600000] [id=9196]

Threads with active compile tasks:
C2 CompilerThread0   178414 27872       4       com.android.tools.r8.dex.i::a (274 bytes)
C2 CompilerThread1   178414 27877       4       com.android.tools.r8.code.y1::a (4129 bytes)

VM state: at safepoint (normal execution)

VM Mutex/Monitor currently owned by a thread:  ([mutex/lock_event])
[0x0000017184844ae0] Threads_lock - owner thread: 0x00000171a2a1e640
[0x00000171848437c0] Heap_lock - owner thread: 0x00000171b1ad0ef0

Heap address: 0x0000000700000000, size: 4096 MB, Compressed Oops mode: Zero based, Oop shift amount: 3

CDS archive(s) not mapped
Compressed class space mapped at: 0x0000000800000000-0x0000000840000000, reserved size: 1073741824
Narrow klass base: 0x0000000800000000, Narrow klass shift: 0, Narrow klass range: 0x40000000

GC Precious Log:
 CPUs: 4 total, 4 available
 Memory: 8094M
 Large Page Support: Disabled
 NUMA Support: Disabled
 Compressed Oops: Enabled (Zero based)
 Heap Region Size: 2M
 Heap Min Capacity: 8M
 Heap Initial Capacity: 128M
 Heap Max Capacity: 4G
 Pre-touch: Disabled
 Parallel Workers: 4
 Concurrent Workers: 1
 Concurrent Refinement Workers: 4
 Periodic GC: Disabled

Heap:
 garbage-first heap   total 628736K, used 405504K [0x0000000700000000, 0x0000000800000000)
  region size 2048K, 2 young (4096K), 2 survivors (4096K)
 Metaspace       used 139684K, committed 141184K, reserved 1171456K
  class space    used 18651K, committed 19328K, reserved 1048576K

Heap Regions: E=young(eden), S=young(survivor), O=old, HS=humongous(starts), HC=humongous(continues), CS=collection set, F=free, OA=open archive, CA=closed archive, TAMS=top-at-mark-start (previous, next)
|   0|0x0000000700000000, 0x0000000700200000, 0x0000000700200000|100%|HS|  |TAMS 0x0000000700200000, 0x0000000700000000| Complete 
|   1|0x0000000700200000, 0x0000000700400000, 0x0000000700400000|100%|HC|  |TAMS 0x0000000700400000, 0x0000000700200000| Complete 
|   2|0x0000000700400000, 0x0000000700600000, 0x0000000700600000|100%| O|  |TAMS 0x0000000700600000, 0x0000000700400000| Untracked 
|   3|0x0000000700600000, 0x0000000700800000, 0x0000000700800000|100%| O|  |TAMS 0x0000000700800000, 0x0000000700600000| Untracked 
|   4|0x0000000700800000, 0x0000000700a00000, 0x0000000700a00000|100%| O|  |TAMS 0x0000000700a00000, 0x0000000700800000| Untracked 
|   5|0x0000000700a00000, 0x0000000700c00000, 0x0000000700c00000|100%| O|  |TAMS 0x0000000700c00000, 0x0000000700a00000| Untracked 
|   6|0x0000000700c00000, 0x0000000700e00000, 0x0000000700e00000|100%| O|  |TAMS 0x0000000700e00000, 0x0000000700c00000| Untracked 
|   7|0x0000000700e00000, 0x0000000701000000, 0x0000000701000000|100%| O|  |TAMS 0x0000000701000000, 0x0000000700e00000| Untracked 
|   8|0x0000000701000000, 0x0000000701200000, 0x0000000701200000|100%| O|  |TAMS 0x0000000701200000, 0x0000000701000000| Untracked 
|   9|0x0000000701200000, 0x0000000701400000, 0x0000000701400000|100%| O|  |TAMS 0x0000000701400000, 0x0000000701200000| Untracked 
|  10|0x0000000701400000, 0x0000000701600000, 0x0000000701600000|100%| O|  |TAMS 0x0000000701600000, 0x0000000701400000| Untracked 
|  11|0x0000000701600000, 0x0000000701800000, 0x0000000701800000|100%| O|  |TAMS 0x0000000701800000, 0x0000000701600000| Untracked 
|  12|0x0000000701800000, 0x0000000701a00000, 0x0000000701a00000|100%| O|  |TAMS 0x0000000701a00000, 0x0000000701800000| Untracked 
|  13|0x0000000701a00000, 0x0000000701c00000, 0x0000000701c00000|100%| O|  |TAMS 0x0000000701c00000, 0x0000000701a00000| Untracked 
|  14|0x0000000701c00000, 0x0000000701e00000, 0x0000000701e00000|100%| O|  |TAMS 0x0000000701e00000, 0x0000000701c00000| Untracked 
|  15|0x0000000701e00000, 0x0000000702000000, 0x0000000702000000|100%| O|  |TAMS 0x0000000702000000, 0x0000000701e00000| Untracked 
|  16|0x0000000702000000, 0x0000000702200000, 0x0000000702200000|100%| O|  |TAMS 0x0000000702200000, 0x0000000702000000| Untracked 
|  17|0x0000000702200000, 0x0000000702400000, 0x0000000702400000|100%| O|  |TAMS 0x0000000702400000, 0x0000000702200000| Untracked 
|  18|0x0000000702400000, 0x0000000702600000, 0x0000000702600000|100%|HS|  |TAMS 0x0000000702600000, 0x0000000702400000| Complete 
|  19|0x0000000702600000, 0x0000000702800000, 0x0000000702800000|100%| O|  |TAMS 0x0000000702800000, 0x0000000702600000| Untracked 
|  20|0x0000000702800000, 0x0000000702a00000, 0x0000000702a00000|100%| O|  |TAMS 0x0000000702a00000, 0x0000000702800000| Untracked 
|  21|0x0000000702a00000, 0x0000000702c00000, 0x0000000702c00000|100%| O|  |TAMS 0x0000000702c00000, 0x0000000702a00000| Untracked 
|  22|0x0000000702c00000, 0x0000000702e00000, 0x0000000702e00000|100%| O|  |TAMS 0x0000000702e00000, 0x0000000702c00000| Untracked 
|  23|0x0000000702e00000, 0x0000000703000000, 0x0000000703000000|100%| O|  |TAMS 0x0000000703000000, 0x0000000702e00000| Untracked 
|  24|0x0000000703000000, 0x0000000703200000, 0x0000000703200000|100%| O|  |TAMS 0x0000000703200000, 0x0000000703000000| Untracked 
|  25|0x0000000703200000, 0x0000000703400000, 0x0000000703400000|100%| O|  |TAMS 0x0000000703400000, 0x0000000703200000| Untracked 
|  26|0x0000000703400000, 0x0000000703600000, 0x0000000703600000|100%| O|  |TAMS 0x0000000703600000, 0x0000000703400000| Untracked 
|  27|0x0000000703600000, 0x0000000703800000, 0x0000000703800000|100%| O|  |TAMS 0x0000000703800000, 0x0000000703600000| Untracked 
|  28|0x0000000703800000, 0x0000000703a00000, 0x0000000703a00000|100%|HS|  |TAMS 0x0000000703a00000, 0x0000000703800000| Complete 
|  29|0x0000000703a00000, 0x0000000703c00000, 0x0000000703c00000|100%|HC|  |TAMS 0x0000000703c00000, 0x0000000703a00000| Complete 
|  30|0x0000000703c00000, 0x0000000703e00000, 0x0000000703e00000|100%|HS|  |TAMS 0x0000000703e00000, 0x0000000703c00000| Complete 
|  31|0x0000000703e00000, 0x0000000704000000, 0x0000000704000000|100%| O|  |TAMS 0x0000000704000000, 0x0000000703e00000| Untracked 
|  32|0x0000000704000000, 0x0000000704200000, 0x0000000704200000|100%| O|  |TAMS 0x0000000704200000, 0x0000000704000000| Untracked 
|  33|0x0000000704200000, 0x0000000704400000, 0x0000000704400000|100%| O|  |TAMS 0x0000000704400000, 0x0000000704200000| Untracked 
|  34|0x0000000704400000, 0x0000000704600000, 0x0000000704600000|100%| O|  |TAMS 0x0000000704600000, 0x0000000704400000| Untracked 
|  35|0x0000000704600000, 0x0000000704800000, 0x0000000704800000|100%| O|  |TAMS 0x0000000704800000, 0x0000000704600000| Untracked 
|  36|0x0000000704800000, 0x0000000704a00000, 0x0000000704a00000|100%| O|  |TAMS 0x0000000704a00000, 0x0000000704800000| Untracked 
|  37|0x0000000704a00000, 0x0000000704c00000, 0x0000000704c00000|100%| O|  |TAMS 0x0000000704c00000, 0x0000000704a00000| Untracked 
|  38|0x0000000704c00000, 0x0000000704e00000, 0x0000000704e00000|100%| O|  |TAMS 0x0000000704e00000, 0x0000000704c00000| Untracked 
|  39|0x0000000704e00000, 0x0000000705000000, 0x0000000705000000|100%| O|  |TAMS 0x0000000705000000, 0x0000000704e00000| Untracked 
|  40|0x0000000705000000, 0x0000000705200000, 0x0000000705200000|100%| O|  |TAMS 0x0000000705200000, 0x0000000705000000| Untracked 
|  41|0x0000000705200000, 0x0000000705400000, 0x0000000705400000|100%| O|  |TAMS 0x0000000705400000, 0x0000000705200000| Untracked 
|  42|0x0000000705400000, 0x0000000705600000, 0x0000000705600000|100%| O|  |TAMS 0x0000000705600000, 0x0000000705400000| Untracked 
|  43|0x0000000705600000, 0x0000000705800000, 0x0000000705800000|100%| O|  |TAMS 0x0000000705800000, 0x0000000705600000| Untracked 
|  44|0x0000000705800000, 0x0000000705a00000, 0x0000000705a00000|100%| O|  |TAMS 0x0000000705a00000, 0x0000000705800000| Untracked 
|  45|0x0000000705a00000, 0x0000000705c00000, 0x0000000705c00000|100%| O|  |TAMS 0x0000000705c00000, 0x0000000705a00000| Untracked 
|  46|0x0000000705c00000, 0x0000000705e00000, 0x0000000705e00000|100%| O|  |TAMS 0x0000000705e00000, 0x0000000705c00000| Untracked 
|  47|0x0000000705e00000, 0x0000000706000000, 0x0000000706000000|100%|HS|  |TAMS 0x0000000706000000, 0x0000000705e00000| Complete 
|  48|0x0000000706000000, 0x0000000706200000, 0x0000000706200000|100%| O|  |TAMS 0x0000000706200000, 0x0000000706000000| Untracked 
|  49|0x0000000706200000, 0x0000000706400000, 0x0000000706400000|100%| O|  |TAMS 0x0000000706400000, 0x0000000706200000| Untracked 
|  50|0x0000000706400000, 0x0000000706600000, 0x0000000706600000|100%| O|  |TAMS 0x0000000706600000, 0x0000000706400000| Untracked 
|  51|0x0000000706600000, 0x0000000706800000, 0x0000000706800000|100%| O|  |TAMS 0x0000000706800000, 0x0000000706600000| Untracked 
|  52|0x0000000706800000, 0x0000000706a00000, 0x0000000706a00000|100%| O|  |TAMS 0x0000000706a00000, 0x0000000706800000| Untracked 
|  53|0x0000000706a00000, 0x0000000706c00000, 0x0000000706c00000|100%| O|  |TAMS 0x0000000706c00000, 0x0000000706a00000| Untracked 
|  54|0x0000000706c00000, 0x0000000706e00000, 0x0000000706e00000|100%| O|  |TAMS 0x0000000706e00000, 0x0000000706c00000| Untracked 
|  55|0x0000000706e00000, 0x0000000707000000, 0x0000000707000000|100%| O|  |TAMS 0x0000000707000000, 0x0000000706e00000| Untracked 
|  56|0x0000000707000000, 0x0000000707200000, 0x0000000707200000|100%| O|  |TAMS 0x0000000707200000, 0x0000000707000000| Untracked 
|  57|0x0000000707200000, 0x0000000707400000, 0x0000000707400000|100%| O|  |TAMS 0x0000000707400000, 0x0000000707200000| Untracked 
|  58|0x0000000707400000, 0x0000000707600000, 0x0000000707600000|100%| O|  |TAMS 0x0000000707600000, 0x0000000707400000| Untracked 
|  59|0x0000000707600000, 0x0000000707800000, 0x0000000707800000|100%| O|  |TAMS 0x0000000707800000, 0x0000000707600000| Untracked 
|  60|0x0000000707800000, 0x0000000707a00000, 0x0000000707a00000|100%| O|  |TAMS 0x0000000707a00000, 0x0000000707800000| Untracked 
|  61|0x0000000707a00000, 0x0000000707c00000, 0x0000000707c00000|100%| O|  |TAMS 0x0000000707c00000, 0x0000000707a00000| Untracked 
|  62|0x0000000707c00000, 0x0000000707e00000, 0x0000000707e00000|100%| O|  |TAMS 0x0000000707e00000, 0x0000000707c00000| Untracked 
|  63|0x0000000707e00000, 0x0000000708000000, 0x0000000708000000|100%| O|  |TAMS 0x0000000708000000, 0x0000000707e00000| Untracked 
|  64|0x0000000708000000, 0x0000000708200000, 0x0000000708200000|100%| O|  |TAMS 0x0000000708200000, 0x0000000708000000| Untracked 
|  65|0x0000000708200000, 0x0000000708400000, 0x0000000708400000|100%| O|  |TAMS 0x0000000708400000, 0x0000000708200000| Untracked 
|  66|0x0000000708400000, 0x0000000708600000, 0x0000000708600000|100%| O|  |TAMS 0x0000000708600000, 0x0000000708400000| Untracked 
|  67|0x0000000708600000, 0x0000000708800000, 0x0000000708800000|100%| O|  |TAMS 0x0000000708800000, 0x0000000708600000| Untracked 
|  68|0x0000000708800000, 0x0000000708a00000, 0x0000000708a00000|100%| O|  |TAMS 0x0000000708a00000, 0x0000000708800000| Untracked 
|  69|0x0000000708a00000, 0x0000000708c00000, 0x0000000708c00000|100%| O|  |TAMS 0x0000000708c00000, 0x0000000708a00000| Untracked 
|  70|0x0000000708c00000, 0x0000000708e00000, 0x0000000708e00000|100%| O|  |TAMS 0x0000000708e00000, 0x0000000708c00000| Untracked 
|  71|0x0000000708e00000, 0x0000000709000000, 0x0000000709000000|100%| O|  |TAMS 0x0000000709000000, 0x0000000708e00000| Untracked 
|  72|0x0000000709000000, 0x0000000709200000, 0x0000000709200000|100%| O|  |TAMS 0x0000000709200000, 0x0000000709000000| Untracked 
|  73|0x0000000709200000, 0x0000000709400000, 0x0000000709400000|100%| O|  |TAMS 0x0000000709400000, 0x0000000709200000| Untracked 
|  74|0x0000000709400000, 0x0000000709600000, 0x0000000709600000|100%| O|  |TAMS 0x0000000709600000, 0x0000000709400000| Untracked 
|  75|0x0000000709600000, 0x0000000709800000, 0x0000000709800000|100%| O|  |TAMS 0x0000000709800000, 0x0000000709600000| Untracked 
|  76|0x0000000709800000, 0x0000000709a00000, 0x0000000709a00000|100%| O|  |TAMS 0x0000000709a00000, 0x0000000709800000| Untracked 
|  77|0x0000000709a00000, 0x0000000709c00000, 0x0000000709c00000|100%| O|  |TAMS 0x0000000709c00000, 0x0000000709a00000| Untracked 
|  78|0x0000000709c00000, 0x0000000709e00000, 0x0000000709e00000|100%| O|  |TAMS 0x0000000709e00000, 0x0000000709c00000| Untracked 
|  79|0x0000000709e00000, 0x000000070a000000, 0x000000070a000000|100%| O|  |TAMS 0x000000070a000000, 0x0000000709e00000| Untracked 
|  80|0x000000070a000000, 0x000000070a200000, 0x000000070a200000|100%| O|  |TAMS 0x000000070a200000, 0x000000070a000000| Untracked 
|  81|0x000000070a200000, 0x000000070a400000, 0x000000070a400000|100%| O|  |TAMS 0x000000070a400000, 0x000000070a200000| Untracked 
|  82|0x000000070a400000, 0x000000070a600000, 0x000000070a600000|100%| O|  |TAMS 0x000000070a600000, 0x000000070a400000| Untracked 
|  83|0x000000070a600000, 0x000000070a800000, 0x000000070a800000|100%|HS|  |TAMS 0x000000070a800000, 0x000000070a600000| Complete 
|  84|0x000000070a800000, 0x000000070aa00000, 0x000000070aa00000|100%| O|  |TAMS 0x000000070aa00000, 0x000000070a800000| Untracked 
|  85|0x000000070aa00000, 0x000000070ac00000, 0x000000070ac00000|100%| O|  |TAMS 0x000000070ac00000, 0x000000070aa00000| Untracked 
|  86|0x000000070ac00000, 0x000000070ae00000, 0x000000070ae00000|100%| O|  |TAMS 0x000000070ae00000, 0x000000070ac00000| Untracked 
|  87|0x000000070ae00000, 0x000000070b000000, 0x000000070b000000|100%| O|  |TAMS 0x000000070ae00000, 0x000000070ae00000| Untracked 
|  88|0x000000070b000000, 0x000000070b200000, 0x000000070b200000|100%| O|  |TAMS 0x000000070b200000, 0x000000070b000000| Untracked 
|  89|0x000000070b200000, 0x000000070b400000, 0x000000070b400000|100%| O|  |TAMS 0x000000070b400000, 0x000000070b200000| Untracked 
|  90|0x000000070b400000, 0x000000070b600000, 0x000000070b600000|100%| O|  |TAMS 0x000000070b600000, 0x000000070b400000| Untracked 
|  91|0x000000070b600000, 0x000000070b800000, 0x000000070b800000|100%|HS|  |TAMS 0x000000070b800000, 0x000000070b600000| Complete 
|  92|0x000000070b800000, 0x000000070ba00000, 0x000000070ba00000|100%| O|  |TAMS 0x000000070ba00000, 0x000000070b800000| Untracked 
|  93|0x000000070ba00000, 0x000000070bc00000, 0x000000070bc00000|100%| O|  |TAMS 0x000000070bc00000, 0x000000070ba00000| Untracked 
|  94|0x000000070bc00000, 0x000000070be00000, 0x000000070be00000|100%| O|  |TAMS 0x000000070bc00000, 0x000000070bc00000| Untracked 
|  95|0x000000070be00000, 0x000000070c000000, 0x000000070c000000|100%| O|  |TAMS 0x000000070c000000, 0x000000070be00000| Untracked 
|  96|0x000000070c000000, 0x000000070c200000, 0x000000070c200000|100%| O|  |TAMS 0x000000070c200000, 0x000000070c000000| Untracked 
|  97|0x000000070c200000, 0x000000070c400000, 0x000000070c400000|100%| O|  |TAMS 0x000000070c400000, 0x000000070c200000| Untracked 
|  98|0x000000070c400000, 0x000000070c600000, 0x000000070c600000|100%| O|  |TAMS 0x000000070c400000, 0x000000070c400000| Untracked 
|  99|0x000000070c600000, 0x000000070c800000, 0x000000070c800000|100%|HS|  |TAMS 0x000000070c800000, 0x000000070c600000| Complete 
| 100|0x000000070c800000, 0x000000070ca00000, 0x000000070ca00000|100%| O|  |TAMS 0x000000070ca00000, 0x000000070c800000| Untracked 
| 101|0x000000070ca00000, 0x000000070cc00000, 0x000000070cc00000|100%|HS|  |TAMS 0x000000070cc00000, 0x000000070ca00000| Complete 
| 102|0x000000070cc00000, 0x000000070ce00000, 0x000000070ce00000|100%|HC|  |TAMS 0x000000070ce00000, 0x000000070cc00000| Complete 
| 103|0x000000070ce00000, 0x000000070ce00000, 0x000000070d000000|  0%| F|  |TAMS 0x000000070ce00000, 0x000000070ce00000| Untracked 
| 104|0x000000070d000000, 0x000000070d200000, 0x000000070d200000|100%|HS|  |TAMS 0x000000070d200000, 0x000000070d000000| Complete 
| 105|0x000000070d200000, 0x000000070d400000, 0x000000070d400000|100%|HC|  |TAMS 0x000000070d400000, 0x000000070d200000| Complete 
| 106|0x000000070d400000, 0x000000070d600000, 0x000000070d600000|100%| O|  |TAMS 0x000000070d600000, 0x000000070d400000| Untracked 
| 107|0x000000070d600000, 0x000000070d800000, 0x000000070d800000|100%| O|  |TAMS 0x000000070d600000, 0x000000070d600000| Untracked 
| 108|0x000000070d800000, 0x000000070da00000, 0x000000070da00000|100%| O|  |TAMS 0x000000070d800000, 0x000000070d800000| Untracked 
| 109|0x000000070da00000, 0x000000070dc00000, 0x000000070dc00000|100%|HS|  |TAMS 0x000000070dc00000, 0x000000070da00000| Complete 
| 110|0x000000070dc00000, 0x000000070de00000, 0x000000070de00000|100%| O|  |TAMS 0x000000070de00000, 0x000000070dc00000| Untracked 
| 111|0x000000070de00000, 0x000000070e000000, 0x000000070e000000|100%| O|  |TAMS 0x000000070e000000, 0x000000070de00000| Untracked 
| 112|0x000000070e000000, 0x000000070e200000, 0x000000070e200000|100%|HS|  |TAMS 0x000000070e200000, 0x000000070e000000| Complete 
| 113|0x000000070e200000, 0x000000070e400000, 0x000000070e400000|100%| O|  |TAMS 0x000000070e400000, 0x000000070e200000| Untracked 
| 114|0x000000070e400000, 0x000000070e600000, 0x000000070e600000|100%| O|  |TAMS 0x000000070e600000, 0x000000070e400000| Untracked 
| 115|0x000000070e600000, 0x000000070e800000, 0x000000070e800000|100%| O|  |TAMS 0x000000070e800000, 0x000000070e600000| Untracked 
| 116|0x000000070e800000, 0x000000070ea00000, 0x000000070ea00000|100%| O|  |TAMS 0x000000070ea00000, 0x000000070e800000| Untracked 
| 117|0x000000070ea00000, 0x000000070ec00000, 0x000000070ec00000|100%|HS|  |TAMS 0x000000070ec00000, 0x000000070ea00000| Complete 
| 118|0x000000070ec00000, 0x000000070ee00000, 0x000000070ee00000|100%| O|  |TAMS 0x000000070ee00000, 0x000000070ec00000| Untracked 
| 119|0x000000070ee00000, 0x000000070ee00000, 0x000000070f000000|  0%| F|  |TAMS 0x000000070ee00000, 0x000000070ee00000| Untracked 
| 120|0x000000070f000000, 0x000000070f200000, 0x000000070f200000|100%| O|  |TAMS 0x000000070f200000, 0x000000070f000000| Untracked 
| 121|0x000000070f200000, 0x000000070f400000, 0x000000070f400000|100%| O|  |TAMS 0x000000070f400000, 0x000000070f200000| Untracked 
| 122|0x000000070f400000, 0x000000070f600000, 0x000000070f600000|100%| O|  |TAMS 0x000000070f600000, 0x000000070f400000| Untracked 
| 123|0x000000070f600000, 0x000000070f800000, 0x000000070f800000|100%| O|  |TAMS 0x000000070f800000, 0x000000070f600000| Untracked 
| 124|0x000000070f800000, 0x000000070fa00000, 0x000000070fa00000|100%| O|  |TAMS 0x000000070fa00000, 0x000000070f800000| Untracked 
| 125|0x000000070fa00000, 0x000000070fc00000, 0x000000070fc00000|100%| O|  |TAMS 0x000000070fc00000, 0x000000070fa00000| Untracked 
| 126|0x000000070fc00000, 0x000000070fe00000, 0x000000070fe00000|100%| O|  |TAMS 0x000000070fe00000, 0x000000070fc00000| Untracked 
| 127|0x000000070fe00000, 0x0000000710000000, 0x0000000710000000|100%| O|  |TAMS 0x0000000710000000, 0x000000070fe00000| Untracked 
| 128|0x0000000710000000, 0x0000000710200000, 0x0000000710200000|100%| O|  |TAMS 0x0000000710200000, 0x0000000710000000| Untracked 
| 129|0x0000000710200000, 0x0000000710400000, 0x0000000710400000|100%| O|  |TAMS 0x0000000710400000, 0x0000000710200000| Untracked 
| 130|0x0000000710400000, 0x0000000710600000, 0x0000000710600000|100%| O|  |TAMS 0x0000000710600000, 0x0000000710400000| Untracked 
| 131|0x0000000710600000, 0x0000000710800000, 0x0000000710800000|100%| O|  |TAMS 0x0000000710800000, 0x0000000710600000| Untracked 
| 132|0x0000000710800000, 0x0000000710a00000, 0x0000000710a00000|100%| O|  |TAMS 0x0000000710a00000, 0x0000000710800000| Untracked 
| 133|0x0000000710a00000, 0x0000000710c00000, 0x0000000710c00000|100%| O|  |TAMS 0x0000000710c00000, 0x0000000710a00000| Untracked 
| 134|0x0000000710c00000, 0x0000000710e00000, 0x0000000710e00000|100%|HS|  |TAMS 0x0000000710e00000, 0x0000000710c00000| Complete 
| 135|0x0000000710e00000, 0x0000000711000000, 0x0000000711000000|100%| O|  |TAMS 0x0000000711000000, 0x0000000710e00000| Untracked 
| 136|0x0000000711000000, 0x0000000711200000, 0x0000000711200000|100%| O|  |TAMS 0x0000000711200000, 0x0000000711000000| Untracked 
| 137|0x0000000711200000, 0x0000000711400000, 0x0000000711400000|100%| O|  |TAMS 0x0000000711400000, 0x0000000711200000| Untracked 
| 138|0x0000000711400000, 0x0000000711600000, 0x0000000711600000|100%|HS|  |TAMS 0x0000000711600000, 0x0000000711400000| Complete 
| 139|0x0000000711600000, 0x0000000711800000, 0x0000000711800000|100%|HC|  |TAMS 0x0000000711800000, 0x0000000711600000| Complete 
| 140|0x0000000711800000, 0x0000000711a00000, 0x0000000711a00000|100%| O|  |TAMS 0x0000000711a00000, 0x0000000711800000| Untracked 
| 141|0x0000000711a00000, 0x0000000711c00000, 0x0000000711c00000|100%| O|  |TAMS 0x0000000711c00000, 0x0000000711a00000| Untracked 
| 142|0x0000000711c00000, 0x0000000711e00000, 0x0000000711e00000|100%| O|  |TAMS 0x0000000711e00000, 0x0000000711c00000| Untracked 
| 143|0x0000000711e00000, 0x0000000712000000, 0x0000000712000000|100%|HS|  |TAMS 0x0000000712000000, 0x0000000711e00000| Complete 
| 144|0x0000000712000000, 0x0000000712200000, 0x0000000712200000|100%|HC|  |TAMS 0x0000000712200000, 0x0000000712000000| Complete 
| 145|0x0000000712200000, 0x0000000712400000, 0x0000000712400000|100%|HS|  |TAMS 0x0000000712400000, 0x0000000712200000| Complete 
| 146|0x0000000712400000, 0x0000000712600000, 0x0000000712600000|100%|HS|  |TAMS 0x0000000712600000, 0x0000000712400000| Complete 
| 147|0x0000000712600000, 0x0000000712800000, 0x0000000712800000|100%| O|  |TAMS 0x0000000712800000, 0x0000000712600000| Untracked 
| 148|0x0000000712800000, 0x0000000712a00000, 0x0000000712a00000|100%| O|  |TAMS 0x0000000712a00000, 0x0000000712800000| Untracked 
| 149|0x0000000712a00000, 0x0000000712c00000, 0x0000000712c00000|100%| O|  |TAMS 0x0000000712c00000, 0x0000000712a00000| Untracked 
| 150|0x0000000712c00000, 0x0000000712e00000, 0x0000000712e00000|100%| O|  |TAMS 0x0000000712e00000, 0x0000000712c00000| Untracked 
| 151|0x0000000712e00000, 0x0000000713000000, 0x0000000713000000|100%| O|  |TAMS 0x0000000713000000, 0x0000000712e00000| Untracked 
| 152|0x0000000713000000, 0x0000000713200000, 0x0000000713200000|100%| O|  |TAMS 0x0000000713200000, 0x0000000713000000| Untracked 
| 153|0x0000000713200000, 0x0000000713400000, 0x0000000713400000|100%| O|  |TAMS 0x0000000713400000, 0x0000000713200000| Untracked 
| 154|0x0000000713400000, 0x0000000713600000, 0x0000000713600000|100%| O|  |TAMS 0x0000000713600000, 0x0000000713400000| Untracked 
| 155|0x0000000713600000, 0x0000000713600000, 0x0000000713800000|  0%| F|  |TAMS 0x0000000713600000, 0x0000000713600000| Untracked 
| 156|0x0000000713800000, 0x0000000713a00000, 0x0000000713a00000|100%| O|  |TAMS 0x0000000713a00000, 0x0000000713800000| Untracked 
| 157|0x0000000713a00000, 0x0000000713c00000, 0x0000000713c00000|100%| O|  |TAMS 0x0000000713c00000, 0x0000000713a00000| Untracked 
| 158|0x0000000713c00000, 0x0000000713e00000, 0x0000000713e00000|100%| O|  |TAMS 0x0000000713e00000, 0x0000000713c00000| Untracked 
| 159|0x0000000713e00000, 0x0000000714000000, 0x0000000714000000|100%| O|  |TAMS 0x0000000714000000, 0x0000000713e00000| Untracked 
| 160|0x0000000714000000, 0x0000000714200000, 0x0000000714200000|100%| O|  |TAMS 0x0000000714200000, 0x0000000714000000| Untracked 
| 161|0x0000000714200000, 0x0000000714400000, 0x0000000714400000|100%| O|  |TAMS 0x0000000714400000, 0x0000000714200000| Untracked 
| 162|0x0000000714400000, 0x0000000714600000, 0x0000000714600000|100%| O|  |TAMS 0x0000000714600000, 0x0000000714400000| Untracked 
| 163|0x0000000714600000, 0x0000000714800000, 0x0000000714800000|100%| O|  |TAMS 0x0000000714800000, 0x0000000714600000| Untracked 
| 164|0x0000000714800000, 0x0000000714800000, 0x0000000714a00000|  0%| F|  |TAMS 0x0000000714800000, 0x0000000714800000| Untracked 
| 165|0x0000000714a00000, 0x0000000714c00000, 0x0000000714c00000|100%| O|  |TAMS 0x0000000714a00000, 0x0000000714a00000| Untracked 
| 166|0x0000000714c00000, 0x0000000714e00000, 0x0000000714e00000|100%| O|  |TAMS 0x0000000714c00000, 0x0000000714c00000| Untracked 
| 167|0x0000000714e00000, 0x0000000715000000, 0x0000000715000000|100%| O|  |TAMS 0x0000000714e00000, 0x0000000714e00000| Untracked 
| 168|0x0000000715000000, 0x0000000715200000, 0x0000000715200000|100%| O|  |TAMS 0x0000000715000000, 0x0000000715000000| Untracked 
| 169|0x0000000715200000, 0x0000000715400000, 0x0000000715400000|100%| O|  |TAMS 0x0000000715200000, 0x0000000715200000| Untracked 
| 170|0x0000000715400000, 0x0000000715600000, 0x0000000715600000|100%| O|  |TAMS 0x0000000715400000, 0x0000000715400000| Untracked 
| 171|0x0000000715600000, 0x0000000715800000, 0x0000000715800000|100%| O|  |TAMS 0x0000000715600000, 0x0000000715600000| Untracked 
| 172|0x0000000715800000, 0x0000000715a00000, 0x0000000715a00000|100%| O|  |TAMS 0x0000000715800000, 0x0000000715800000| Untracked 
| 173|0x0000000715a00000, 0x0000000715c00000, 0x0000000715c00000|100%| O|  |TAMS 0x0000000715a00000, 0x0000000715a00000| Untracked 
| 174|0x0000000715c00000, 0x0000000715e00000, 0x0000000715e00000|100%| O|  |TAMS 0x0000000715c00000, 0x0000000715c00000| Untracked 
| 175|0x0000000715e00000, 0x0000000716000000, 0x0000000716000000|100%| O|  |TAMS 0x0000000715e00000, 0x0000000715e00000| Untracked 
| 176|0x0000000716000000, 0x0000000716200000, 0x0000000716200000|100%| O|  |TAMS 0x0000000716000000, 0x0000000716000000| Untracked 
| 177|0x0000000716200000, 0x0000000716400000, 0x0000000716400000|100%| O|  |TAMS 0x0000000716200000, 0x0000000716200000| Untracked 
| 178|0x0000000716400000, 0x0000000716600000, 0x0000000716600000|100%| O|  |TAMS 0x0000000716400000, 0x0000000716400000| Untracked 
| 179|0x0000000716600000, 0x0000000716800000, 0x0000000716800000|100%| O|  |TAMS 0x0000000716600000, 0x0000000716600000| Untracked 
| 180|0x0000000716800000, 0x0000000716a00000, 0x0000000716a00000|100%| O|  |TAMS 0x0000000716800000, 0x0000000716800000| Untracked 
| 181|0x0000000716a00000, 0x0000000716c00000, 0x0000000716c00000|100%| O|  |TAMS 0x0000000716a00000, 0x0000000716a00000| Untracked 
| 182|0x0000000716c00000, 0x0000000716e00000, 0x0000000716e00000|100%| O|  |TAMS 0x0000000716c00000, 0x0000000716c00000| Untracked 
| 183|0x0000000716e00000, 0x0000000717000000, 0x0000000717000000|100%| O|  |TAMS 0x0000000716e00000, 0x0000000716e00000| Untracked 
| 184|0x0000000717000000, 0x0000000717200000, 0x0000000717200000|100%| O|  |TAMS 0x0000000717000000, 0x0000000717000000| Untracked 
| 185|0x0000000717200000, 0x0000000717400000, 0x0000000717400000|100%| O|  |TAMS 0x0000000717200000, 0x0000000717200000| Untracked 
| 186|0x0000000717400000, 0x0000000717600000, 0x0000000717600000|100%| O|  |TAMS 0x0000000717400000, 0x0000000717400000| Untracked 
| 187|0x0000000717600000, 0x0000000717800000, 0x0000000717800000|100%| O|  |TAMS 0x0000000717600000, 0x0000000717600000| Untracked 
| 188|0x0000000717800000, 0x0000000717a00000, 0x0000000717a00000|100%| O|  |TAMS 0x0000000717800000, 0x0000000717800000| Untracked 
| 189|0x0000000717a00000, 0x0000000717c00000, 0x0000000717c00000|100%| O|  |TAMS 0x0000000717a00000, 0x0000000717a00000| Untracked 
| 190|0x0000000717c00000, 0x0000000717e00000, 0x0000000717e00000|100%| O|  |TAMS 0x0000000717c00000, 0x0000000717c00000| Untracked 
| 191|0x0000000717e00000, 0x0000000718000000, 0x0000000718000000|100%| O|  |TAMS 0x0000000717e00000, 0x0000000717e00000| Untracked 
| 192|0x0000000718000000, 0x0000000718200000, 0x0000000718200000|100%| O|  |TAMS 0x0000000718000000, 0x0000000718000000| Untracked 
| 193|0x0000000718200000, 0x0000000718400000, 0x0000000718400000|100%| O|  |TAMS 0x0000000718200000, 0x0000000718200000| Untracked 
| 194|0x0000000718400000, 0x0000000718600000, 0x0000000718600000|100%| O|  |TAMS 0x0000000718400000, 0x0000000718400000| Untracked 
| 195|0x0000000718600000, 0x0000000718800000, 0x0000000718800000|100%| O|  |TAMS 0x0000000718600000, 0x0000000718600000| Untracked 
| 196|0x0000000718800000, 0x0000000718a00000, 0x0000000718a00000|100%| O|  |TAMS 0x0000000718800000, 0x0000000718800000| Untracked 
| 197|0x0000000718a00000, 0x0000000718c00000, 0x0000000718c00000|100%| O|  |TAMS 0x0000000718a00000, 0x0000000718a00000| Untracked 
| 198|0x0000000718c00000, 0x0000000718e00000, 0x0000000718e00000|100%| O|  |TAMS 0x0000000718c00000, 0x0000000718c00000| Untracked 
| 199|0x0000000718e00000, 0x0000000719000000, 0x0000000719000000|100%| O|  |TAMS 0x0000000718e00000, 0x0000000718e00000| Untracked 
| 200|0x0000000719000000, 0x0000000719000000, 0x0000000719200000|  0%| F|  |TAMS 0x0000000719000000, 0x0000000719000000| Untracked 
| 201|0x0000000719200000, 0x0000000719200000, 0x0000000719400000|  0%| F|  |TAMS 0x0000000719200000, 0x0000000719200000| Untracked 
| 202|0x0000000719400000, 0x0000000719400000, 0x0000000719600000|  0%| F|  |TAMS 0x0000000719400000, 0x0000000719400000| Untracked 
| 203|0x0000000719600000, 0x0000000719600000, 0x0000000719800000|  0%| F|  |TAMS 0x0000000719600000, 0x0000000719600000| Untracked 
| 204|0x0000000719800000, 0x0000000719800000, 0x0000000719a00000|  0%| F|  |TAMS 0x0000000719800000, 0x0000000719800000| Untracked 
| 205|0x0000000719a00000, 0x0000000719a00000, 0x0000000719c00000|  0%| F|  |TAMS 0x0000000719a00000, 0x0000000719a00000| Untracked 
| 206|0x0000000719c00000, 0x0000000719c00000, 0x0000000719e00000|  0%| F|  |TAMS 0x0000000719c00000, 0x0000000719c00000| Untracked 
| 207|0x0000000719e00000, 0x0000000719e00000, 0x000000071a000000|  0%| F|  |TAMS 0x0000000719e00000, 0x0000000719e00000| Untracked 
| 208|0x000000071a000000, 0x000000071a000000, 0x000000071a200000|  0%| F|  |TAMS 0x000000071a000000, 0x000000071a000000| Untracked 
| 209|0x000000071a200000, 0x000000071a200000, 0x000000071a400000|  0%| F|  |TAMS 0x000000071a200000, 0x000000071a200000| Untracked 
| 210|0x000000071a400000, 0x000000071a400000, 0x000000071a600000|  0%| F|  |TAMS 0x000000071a400000, 0x000000071a400000| Untracked 
| 211|0x000000071a600000, 0x000000071a600000, 0x000000071a800000|  0%| F|  |TAMS 0x000000071a600000, 0x000000071a600000| Untracked 
| 212|0x000000071a800000, 0x000000071a800000, 0x000000071aa00000|  0%| F|  |TAMS 0x000000071a800000, 0x000000071a800000| Untracked 
| 213|0x000000071aa00000, 0x000000071aa00000, 0x000000071ac00000|  0%| F|  |TAMS 0x000000071aa00000, 0x000000071aa00000| Untracked 
| 214|0x000000071ac00000, 0x000000071ac00000, 0x000000071ae00000|  0%| F|  |TAMS 0x000000071ac00000, 0x000000071ac00000| Untracked 
| 215|0x000000071ae00000, 0x000000071ae00000, 0x000000071b000000|  0%| F|  |TAMS 0x000000071ae00000, 0x000000071ae00000| Untracked 
| 216|0x000000071b000000, 0x000000071b000000, 0x000000071b200000|  0%| F|  |TAMS 0x000000071b000000, 0x000000071b000000| Untracked 
| 217|0x000000071b200000, 0x000000071b200000, 0x000000071b400000|  0%| F|  |TAMS 0x000000071b200000, 0x000000071b200000| Untracked 
| 218|0x000000071b400000, 0x000000071b400000, 0x000000071b600000|  0%| F|  |TAMS 0x000000071b400000, 0x000000071b400000| Untracked 
| 219|0x000000071b600000, 0x000000071b600000, 0x000000071b800000|  0%| F|  |TAMS 0x000000071b600000, 0x000000071b600000| Untracked 
| 220|0x000000071b800000, 0x000000071b800000, 0x000000071ba00000|  0%| F|  |TAMS 0x000000071b800000, 0x000000071b800000| Untracked 
| 221|0x000000071ba00000, 0x000000071ba00000, 0x000000071bc00000|  0%| F|  |TAMS 0x000000071ba00000, 0x000000071ba00000| Untracked 
| 222|0x000000071bc00000, 0x000000071bc00000, 0x000000071be00000|  0%| F|  |TAMS 0x000000071bc00000, 0x000000071bc00000| Untracked 
| 223|0x000000071be00000, 0x000000071be00000, 0x000000071c000000|  0%| F|  |TAMS 0x000000071be00000, 0x000000071be00000| Untracked 
| 224|0x000000071c000000, 0x000000071c000000, 0x000000071c200000|  0%| F|  |TAMS 0x000000071c000000, 0x000000071c000000| Untracked 
| 225|0x000000071c200000, 0x000000071c200000, 0x000000071c400000|  0%| F|  |TAMS 0x000000071c200000, 0x000000071c200000| Untracked 
| 226|0x000000071c400000, 0x000000071c400000, 0x000000071c600000|  0%| F|  |TAMS 0x000000071c400000, 0x000000071c400000| Untracked 
| 227|0x000000071c600000, 0x000000071c600000, 0x000000071c800000|  0%| F|  |TAMS 0x000000071c600000, 0x000000071c600000| Untracked 
| 228|0x000000071c800000, 0x000000071c800000, 0x000000071ca00000|  0%| F|  |TAMS 0x000000071c800000, 0x000000071c800000| Untracked 
| 229|0x000000071ca00000, 0x000000071ca00000, 0x000000071cc00000|  0%| F|  |TAMS 0x000000071ca00000, 0x000000071ca00000| Untracked 
| 230|0x000000071cc00000, 0x000000071cc00000, 0x000000071ce00000|  0%| F|  |TAMS 0x000000071cc00000, 0x000000071cc00000| Untracked 
| 231|0x000000071ce00000, 0x000000071ce00000, 0x000000071d000000|  0%| F|  |TAMS 0x000000071ce00000, 0x000000071ce00000| Untracked 
| 232|0x000000071d000000, 0x000000071d000000, 0x000000071d200000|  0%| F|  |TAMS 0x000000071d000000, 0x000000071d000000| Untracked 
| 233|0x000000071d200000, 0x000000071d200000, 0x000000071d400000|  0%| F|  |TAMS 0x000000071d200000, 0x000000071d200000| Untracked 
| 234|0x000000071d400000, 0x000000071d400000, 0x000000071d600000|  0%| F|  |TAMS 0x000000071d400000, 0x000000071d400000| Untracked 
| 235|0x000000071d600000, 0x000000071d600000, 0x000000071d800000|  0%| F|  |TAMS 0x000000071d600000, 0x000000071d600000| Untracked 
| 236|0x000000071d800000, 0x000000071d800000, 0x000000071da00000|  0%| F|  |TAMS 0x000000071d800000, 0x000000071d800000| Untracked 
| 237|0x000000071da00000, 0x000000071da00000, 0x000000071dc00000|  0%| F|  |TAMS 0x000000071da00000, 0x000000071da00000| Untracked 
| 238|0x000000071dc00000, 0x000000071dc00000, 0x000000071de00000|  0%| F|  |TAMS 0x000000071dc00000, 0x000000071dc00000| Untracked 
| 239|0x000000071de00000, 0x000000071de00000, 0x000000071e000000|  0%| F|  |TAMS 0x000000071de00000, 0x000000071de00000| Untracked 
| 240|0x000000071e000000, 0x000000071e000000, 0x000000071e200000|  0%| F|  |TAMS 0x000000071e000000, 0x000000071e000000| Untracked 
| 241|0x000000071e200000, 0x000000071e200000, 0x000000071e400000|  0%| F|  |TAMS 0x000000071e200000, 0x000000071e200000| Untracked 
| 242|0x000000071e400000, 0x000000071e400000, 0x000000071e600000|  0%| F|  |TAMS 0x000000071e400000, 0x000000071e400000| Untracked 
| 243|0x000000071e600000, 0x000000071e600000, 0x000000071e800000|  0%| F|  |TAMS 0x000000071e600000, 0x000000071e600000| Untracked 
| 244|0x000000071e800000, 0x000000071e800000, 0x000000071ea00000|  0%| F|  |TAMS 0x000000071e800000, 0x000000071e800000| Untracked 
| 245|0x000000071ea00000, 0x000000071ea00000, 0x000000071ec00000|  0%| F|  |TAMS 0x000000071ea00000, 0x000000071ea00000| Untracked 
| 246|0x000000071ec00000, 0x000000071ec00000, 0x000000071ee00000|  0%| F|  |TAMS 0x000000071ec00000, 0x000000071ec00000| Untracked 
| 247|0x000000071ee00000, 0x000000071ee00000, 0x000000071f000000|  0%| F|  |TAMS 0x000000071ee00000, 0x000000071ee00000| Untracked 
| 248|0x000000071f000000, 0x000000071f000000, 0x000000071f200000|  0%| F|  |TAMS 0x000000071f000000, 0x000000071f000000| Untracked 
| 249|0x000000071f200000, 0x000000071f200000, 0x000000071f400000|  0%| F|  |TAMS 0x000000071f200000, 0x000000071f200000| Untracked 
| 250|0x000000071f400000, 0x000000071f400000, 0x000000071f600000|  0%| F|  |TAMS 0x000000071f400000, 0x000000071f400000| Untracked 
| 251|0x000000071f600000, 0x000000071f600000, 0x000000071f800000|  0%| F|  |TAMS 0x000000071f600000, 0x000000071f600000| Untracked 
| 252|0x000000071f800000, 0x000000071f800000, 0x000000071fa00000|  0%| F|  |TAMS 0x000000071f800000, 0x000000071f800000| Untracked 
| 253|0x000000071fa00000, 0x000000071fa00000, 0x000000071fc00000|  0%| F|  |TAMS 0x000000071fa00000, 0x000000071fa00000| Untracked 
| 254|0x000000071fc00000, 0x000000071fc00000, 0x000000071fe00000|  0%| F|  |TAMS 0x000000071fc00000, 0x000000071fc00000| Untracked 
| 255|0x000000071fe00000, 0x000000071fe00000, 0x0000000720000000|  0%| F|  |TAMS 0x000000071fe00000, 0x000000071fe00000| Untracked 
| 256|0x0000000720000000, 0x0000000720000000, 0x0000000720200000|  0%| F|  |TAMS 0x0000000720000000, 0x0000000720000000| Untracked 
| 257|0x0000000720200000, 0x0000000720200000, 0x0000000720400000|  0%| F|  |TAMS 0x0000000720200000, 0x0000000720200000| Untracked 
| 258|0x0000000720400000, 0x0000000720400000, 0x0000000720600000|  0%| F|  |TAMS 0x0000000720400000, 0x0000000720400000| Untracked 
| 259|0x0000000720600000, 0x0000000720600000, 0x0000000720800000|  0%| F|  |TAMS 0x0000000720600000, 0x0000000720600000| Untracked 
| 260|0x0000000720800000, 0x0000000720800000, 0x0000000720a00000|  0%| F|  |TAMS 0x0000000720800000, 0x0000000720800000| Untracked 
| 261|0x0000000720a00000, 0x0000000720a00000, 0x0000000720c00000|  0%| F|  |TAMS 0x0000000720a00000, 0x0000000720a00000| Untracked 
| 262|0x0000000720c00000, 0x0000000720c00000, 0x0000000720e00000|  0%| F|  |TAMS 0x0000000720c00000, 0x0000000720c00000| Untracked 
| 263|0x0000000720e00000, 0x0000000720e00000, 0x0000000721000000|  0%| F|  |TAMS 0x0000000720e00000, 0x0000000720e00000| Untracked 
| 264|0x0000000721000000, 0x0000000721000000, 0x0000000721200000|  0%| F|  |TAMS 0x0000000721000000, 0x0000000721000000| Untracked 
| 265|0x0000000721200000, 0x0000000721200000, 0x0000000721400000|  0%| F|  |TAMS 0x0000000721200000, 0x0000000721200000| Untracked 
| 266|0x0000000721400000, 0x0000000721400000, 0x0000000721600000|  0%| F|  |TAMS 0x0000000721400000, 0x0000000721400000| Untracked 
| 267|0x0000000721600000, 0x0000000721600000, 0x0000000721800000|  0%| F|  |TAMS 0x0000000721600000, 0x0000000721600000| Untracked 
| 268|0x0000000721800000, 0x0000000721800000, 0x0000000721a00000|  0%| F|  |TAMS 0x0000000721800000, 0x0000000721800000| Untracked 
| 269|0x0000000721a00000, 0x0000000721a00000, 0x0000000721c00000|  0%| F|  |TAMS 0x0000000721a00000, 0x0000000721a00000| Untracked 
| 270|0x0000000721c00000, 0x0000000721c00000, 0x0000000721e00000|  0%| F|  |TAMS 0x0000000721c00000, 0x0000000721c00000| Untracked 
| 271|0x0000000721e00000, 0x0000000721e00000, 0x0000000722000000|  0%| F|  |TAMS 0x0000000721e00000, 0x0000000721e00000| Untracked 
| 272|0x0000000722000000, 0x0000000722000000, 0x0000000722200000|  0%| F|  |TAMS 0x0000000722000000, 0x0000000722000000| Untracked 
| 273|0x0000000722200000, 0x0000000722200000, 0x0000000722400000|  0%| F|  |TAMS 0x0000000722200000, 0x0000000722200000| Untracked 
| 274|0x0000000722400000, 0x0000000722400000, 0x0000000722600000|  0%| F|  |TAMS 0x0000000722400000, 0x0000000722400000| Untracked 
| 275|0x0000000722600000, 0x0000000722600000, 0x0000000722800000|  0%| F|  |TAMS 0x0000000722600000, 0x0000000722600000| Untracked 
| 276|0x0000000722800000, 0x0000000722800000, 0x0000000722a00000|  0%| F|  |TAMS 0x0000000722800000, 0x0000000722800000| Untracked 
| 277|0x0000000722a00000, 0x0000000722a00000, 0x0000000722c00000|  0%| F|  |TAMS 0x0000000722a00000, 0x0000000722a00000| Untracked 
| 278|0x0000000722c00000, 0x0000000722c00000, 0x0000000722e00000|  0%| F|  |TAMS 0x0000000722c00000, 0x0000000722c00000| Untracked 
| 279|0x0000000722e00000, 0x0000000722e00000, 0x0000000723000000|  0%| F|  |TAMS 0x0000000722e00000, 0x0000000722e00000| Untracked 
| 280|0x0000000723000000, 0x0000000723000000, 0x0000000723200000|  0%| F|  |TAMS 0x0000000723000000, 0x0000000723000000| Untracked 
| 281|0x0000000723200000, 0x0000000723200000, 0x0000000723400000|  0%| F|  |TAMS 0x0000000723200000, 0x0000000723200000| Untracked 
| 282|0x0000000723400000, 0x0000000723400000, 0x0000000723600000|  0%| F|  |TAMS 0x0000000723400000, 0x0000000723400000| Untracked 
| 283|0x0000000723600000, 0x0000000723600000, 0x0000000723800000|  0%| F|  |TAMS 0x0000000723600000, 0x0000000723600000| Untracked 
| 284|0x0000000723800000, 0x0000000723800000, 0x0000000723a00000|  0%| F|  |TAMS 0x0000000723800000, 0x0000000723800000| Untracked 
| 285|0x0000000723a00000, 0x0000000723a00000, 0x0000000723c00000|  0%| F|  |TAMS 0x0000000723a00000, 0x0000000723a00000| Untracked 
| 286|0x0000000723c00000, 0x0000000723c00000, 0x0000000723e00000|  0%| F|  |TAMS 0x0000000723c00000, 0x0000000723c00000| Untracked 
| 287|0x0000000723e00000, 0x0000000723e00000, 0x0000000724000000|  0%| F|  |TAMS 0x0000000723e00000, 0x0000000723e00000| Untracked 
| 288|0x0000000724000000, 0x0000000724000000, 0x0000000724200000|  0%| F|  |TAMS 0x0000000724000000, 0x0000000724000000| Untracked 
| 289|0x0000000724200000, 0x0000000724200000, 0x0000000724400000|  0%| F|  |TAMS 0x0000000724200000, 0x0000000724200000| Untracked 
| 290|0x0000000724400000, 0x0000000724400000, 0x0000000724600000|  0%| F|  |TAMS 0x0000000724400000, 0x0000000724400000| Untracked 
| 291|0x0000000724600000, 0x0000000724600000, 0x0000000724800000|  0%| F|  |TAMS 0x0000000724600000, 0x0000000724600000| Untracked 
| 292|0x0000000724800000, 0x0000000724800000, 0x0000000724a00000|  0%| F|  |TAMS 0x0000000724800000, 0x0000000724800000| Untracked 
| 293|0x0000000724a00000, 0x0000000724a00000, 0x0000000724c00000|  0%| F|  |TAMS 0x0000000724a00000, 0x0000000724a00000| Untracked 
| 294|0x0000000724c00000, 0x0000000724c00000, 0x0000000724e00000|  0%| F|  |TAMS 0x0000000724c00000, 0x0000000724c00000| Untracked 
| 295|0x0000000724e00000, 0x0000000724e00000, 0x0000000725000000|  0%| F|  |TAMS 0x0000000724e00000, 0x0000000724e00000| Untracked 
| 296|0x0000000725000000, 0x0000000725200000, 0x0000000725200000|100%| S|CS|TAMS 0x0000000725000000, 0x0000000725000000| Complete 
| 297|0x0000000725200000, 0x0000000725400000, 0x0000000725400000|100%| S|CS|TAMS 0x0000000725200000, 0x0000000725200000| Complete 
| 298|0x0000000725400000, 0x0000000725400000, 0x0000000725600000|  0%| F|  |TAMS 0x0000000725400000, 0x0000000725400000| Untracked 
| 299|0x0000000725600000, 0x0000000725600000, 0x0000000725800000|  0%| F|  |TAMS 0x0000000725600000, 0x0000000725600000| Untracked 
| 300|0x0000000725800000, 0x0000000725800000, 0x0000000725a00000|  0%| F|  |TAMS 0x0000000725800000, 0x0000000725800000| Untracked 
| 301|0x0000000725a00000, 0x0000000725a00000, 0x0000000725c00000|  0%| F|  |TAMS 0x0000000725a00000, 0x0000000725a00000| Untracked 
| 302|0x0000000725c00000, 0x0000000725c00000, 0x0000000725e00000|  0%| F|  |TAMS 0x0000000725c00000, 0x0000000725c00000| Untracked 
| 303|0x0000000725e00000, 0x0000000725e00000, 0x0000000726000000|  0%| F|  |TAMS 0x0000000725e00000, 0x0000000725e00000| Untracked 
| 304|0x0000000726000000, 0x0000000726000000, 0x0000000726200000|  0%| F|  |TAMS 0x0000000726000000, 0x0000000726000000| Untracked 
| 305|0x0000000726200000, 0x0000000726200000, 0x0000000726400000|  0%| F|  |TAMS 0x0000000726200000, 0x0000000726200000| Untracked 
| 306|0x0000000726400000, 0x0000000726400000, 0x0000000726600000|  0%| F|  |TAMS 0x0000000726400000, 0x0000000726400000| Untracked 

Card table byte_map: [0x0000017197510000,0x0000017197d10000] _byte_map_base: 0x0000017193d10000

Marking Bits (Prev, Next): (CMBitMap*) 0x00000171848b3f80, (CMBitMap*) 0x00000171848b3fc0
 Prev Bits: [0x0000017198510000, 0x000001719c510000)
 Next Bits: [0x000001719c510000, 0x00000171a0510000)

Polling page: 0x0000017182780000

Metaspace:

Usage:
  Non-class:    118.20 MB used.
      Class:     18.21 MB used.
       Both:    136.41 MB used.

Virtual space:
  Non-class space:      120.00 MB reserved,     119.00 MB (>99%) committed,  15 nodes.
      Class space:        1.00 GB reserved,      18.88 MB (  2%) committed,  1 nodes.
             Both:        1.12 GB reserved,     137.88 MB ( 12%) committed. 

Chunk freelists:
   Non-Class:  942.00 KB
       Class:  1.17 MB
        Both:  2.09 MB

MaxMetaspaceSize: unlimited
CompressedClassSpaceSize: 1.00 GB
Initial GC threshold: 21.00 MB
Current GC threshold: 229.69 MB
CDS: off
MetaspaceReclaimPolicy: balanced
 - commit_granule_bytes: 65536.
 - commit_granule_words: 8192.
 - virtual_space_node_default_size: 1048576.
 - enlarge_chunks_in_place: 1.
 - new_chunks_are_fully_committed: 0.
 - uncommit_free_chunks: 1.
 - use_allocation_guard: 0.
 - handle_deallocations: 1.


Internal statistics:

num_allocs_failed_limit: 11.
num_arena_births: 1996.
num_arena_deaths: 2.
num_vsnodes_births: 16.
num_vsnodes_deaths: 0.
num_space_committed: 2206.
num_space_uncommitted: 0.
num_chunks_returned_to_freelist: 13.
num_chunks_taken_from_freelist: 7787.
num_chunk_merges: 3.
num_chunk_splits: 4956.
num_chunks_enlarged: 3088.
num_purges: 2.
num_inconsistent_stats: 0.

CodeHeap 'non-profiled nmethods': size=120000Kb used=17749Kb max_used=17749Kb free=102250Kb
 bounds [0x000001718f7e0000, 0x0000017190940000, 0x0000017196d10000]
CodeHeap 'profiled nmethods': size=120000Kb used=47132Kb max_used=47228Kb free=72867Kb
 bounds [0x0000017187d10000, 0x000001718ab40000, 0x000001718f240000]
CodeHeap 'non-nmethods': size=5760Kb used=2481Kb max_used=2550Kb free=3279Kb
 bounds [0x000001718f240000, 0x000001718f4d0000, 0x000001718f7e0000]
 total_blobs=23192 nmethods=22163 adapters=937
 compilation: enabled
              stopped_count=0, restarted_count=0
 full_count=0

Compilation events (20 events):
Event: 177.958 Thread 0x00000171a3449110 27875       3       com.android.tools.r8.code.y1::a (4129 bytes)
Event: 177.960 Thread 0x00000171a3448760 nmethod 27863 0x0000017190932110 code [0x00000171909322a0, 0x0000017190932378]
Event: 177.960 Thread 0x00000171a3448760 27872       4       com.android.tools.r8.dex.i::a (274 bytes)
Event: 178.000 Thread 0x00000171a3449110 nmethod 27875 0x000001718ab11c10 code [0x000001718ab13c80, 0x000001718ab29da8]
Event: 178.000 Thread 0x00000171a3449110 27870       3       com.android.tools.r8.graph.z::a (77 bytes)
Event: 178.001 Thread 0x00000171a3449110 nmethod 27870 0x000001718800d190 code [0x000001718800d340, 0x000001718800d518]
Event: 178.001 Thread 0x00000171a3449110 27873       3       com.android.tools.r8.code.i::<init> (7 bytes)
Event: 178.001 Thread 0x00000171a3449110 nmethod 27873 0x000001718800ce10 code [0x000001718800cfa0, 0x000001718800d0e8]
Event: 178.001 Thread 0x00000171a3449110 27874       3       com.android.tools.r8.graph.N2::a (19 bytes)
Event: 178.001 Thread 0x00000171a3449110 nmethod 27874 0x00000171887f8d10 code [0x00000171887f8ee0, 0x00000171887f9268]
Event: 178.001 Thread 0x00000171a3449110 27876       3       com.android.tools.r8.code.c4::<init> (7 bytes)
Event: 178.002 Thread 0x00000171a3449110 nmethod 27876 0x000001718800c910 code [0x000001718800caa0, 0x000001718800cbe8]
Event: 178.012 Thread 0x00000171b1b997c0 nmethod 27843 0x0000017190932490 code [0x0000017190932740, 0x0000017190934180]
Event: 178.012 Thread 0x00000171b1b997c0 27868       4       com.android.tools.r8.graph.o0$$Lambda$2273/0x00000008012cbb98::apply (11 bytes)
Event: 178.018 Thread 0x00000171b1b997c0 nmethod 27868 0x0000017190880910 code [0x0000017190880a80, 0x0000017190880b38]
Event: 178.018 Thread 0x00000171b1b997c0 27877       4       com.android.tools.r8.code.y1::a (4129 bytes)
Event: 178.044 Thread 0x00000171a3449110 27881       2       java.util.Collections$UnmodifiableList::get (11 bytes)
Event: 178.044 Thread 0x00000171a3449110 nmethod 27881 0x000001718a420290 code [0x000001718a420420, 0x000001718a420548]
Event: 178.049 Thread 0x00000171a3449110 27883       3       com.android.tools.r8.code.F3::hashCode (35 bytes)
Event: 178.049 Thread 0x00000171a3449110 nmethod 27883 0x000001718a426e90 code [0x000001718a427040, 0x000001718a4271f8]

GC Heap History (20 events):
Event: 151.712 GC heap after
{Heap after GC invocations=76 (full 0):
 garbage-first heap   total 571392K, used 317688K [0x0000000700000000, 0x0000000800000000)
  region size 2048K, 3 young (6144K), 3 survivors (6144K)
 Metaspace       used 123969K, committed 125376K, reserved 1163264K
  class space    used 16468K, committed 17088K, reserved 1048576K
}
Event: 152.397 GC heap before
{Heap before GC invocations=76 (full 0):
 garbage-first heap   total 571392K, used 336120K [0x0000000700000000, 0x0000000800000000)
  region size 2048K, 13 young (26624K), 3 survivors (6144K)
 Metaspace       used 124221K, committed 125632K, reserved 1163264K
  class space    used 16528K, committed 17152K, reserved 1048576K
}
Event: 152.410 GC heap after
{Heap after GC invocations=77 (full 0):
 garbage-first heap   total 571392K, used 261574K [0x0000000700000000, 0x0000000800000000)
  region size 2048K, 2 young (4096K), 2 survivors (4096K)
 Metaspace       used 124221K, committed 125632K, reserved 1163264K
  class space    used 16528K, committed 17152K, reserved 1048576K
}
Event: 152.960 GC heap before
{Heap before GC invocations=77 (full 0):
 garbage-first heap   total 571392K, used 292294K [0x0000000700000000, 0x0000000800000000)
  region size 2048K, 19 young (38912K), 2 survivors (4096K)
 Metaspace       used 124434K, committed 125824K, reserved 1163264K
  class space    used 16550K, committed 17152K, reserved 1048576K
}
Event: 152.969 GC heap after
{Heap after GC invocations=78 (full 0):
 garbage-first heap   total 571392K, used 262625K [0x0000000700000000, 0x0000000800000000)
  region size 2048K, 2 young (4096K), 2 survivors (4096K)
 Metaspace       used 124434K, committed 125824K, reserved 1163264K
  class space    used 16550K, committed 17152K, reserved 1048576K
}
Event: 163.965 GC heap before
{Heap before GC invocations=79 (full 0):
 garbage-first heap   total 571392K, used 446945K [0x0000000700000000, 0x0000000800000000)
  region size 2048K, 107 young (219136K), 2 survivors (4096K)
 Metaspace       used 136237K, committed 137664K, reserved 1171456K
  class space    used 18259K, committed 18880K, reserved 1048576K
}
Event: 164.004 GC heap after
{Heap after GC invocations=80 (full 0):
 garbage-first heap   total 571392K, used 266018K [0x0000000700000000, 0x0000000800000000)
  region size 2048K, 14 young (28672K), 14 survivors (28672K)
 Metaspace       used 136237K, committed 137664K, reserved 1171456K
  class space    used 18259K, committed 18880K, reserved 1048576K
}
Event: 164.056 GC heap before
{Heap before GC invocations=80 (full 0):
 garbage-first heap   total 571392K, used 270114K [0x0000000700000000, 0x0000000800000000)
  region size 2048K, 15 young (30720K), 14 survivors (28672K)
 Metaspace       used 136291K, committed 137728K, reserved 1171456K
  class space    used 18265K, committed 18880K, reserved 1048576K
}
Event: 164.081 GC heap after
{Heap after GC invocations=81 (full 0):
 garbage-first heap   total 571392K, used 264866K [0x0000000700000000, 0x0000000800000000)
  region size 2048K, 1 young (2048K), 1 survivors (2048K)
 Metaspace       used 136291K, committed 137728K, reserved 1171456K
  class space    used 18265K, committed 18880K, reserved 1048576K
}
Event: 164.092 GC heap before
{Heap before GC invocations=81 (full 0):
 garbage-first heap   total 571392K, used 264866K [0x0000000700000000, 0x0000000800000000)
  region size 2048K, 2 young (4096K), 1 survivors (2048K)
 Metaspace       used 136295K, committed 137728K, reserved 1171456K
  class space    used 18265K, committed 18880K, reserved 1048576K
}
Event: 164.095 GC heap after
{Heap after GC invocations=82 (full 0):
 garbage-first heap   total 571392K, used 264519K [0x0000000700000000, 0x0000000800000000)
  region size 2048K, 1 young (2048K), 1 survivors (2048K)
 Metaspace       used 136295K, committed 137728K, reserved 1171456K
  class space    used 18265K, committed 18880K, reserved 1048576K
}
Event: 169.915 GC heap before
{Heap before GC invocations=83 (full 0):
 garbage-first heap   total 571392K, used 452935K [0x0000000700000000, 0x0000000800000000)
  region size 2048K, 76 young (155648K), 1 survivors (2048K)
 Metaspace       used 138548K, committed 140032K, reserved 1171456K
  class space    used 18526K, committed 19200K, reserved 1048576K
}
Event: 170.030 GC heap after
{Heap after GC invocations=84 (full 0):
 garbage-first heap   total 571392K, used 331776K [0x0000000700000000, 0x0000000800000000)
  region size 2048K, 10 young (20480K), 10 survivors (20480K)
 Metaspace       used 138548K, committed 140032K, reserved 1171456K
  class space    used 18526K, committed 19200K, reserved 1048576K
}
Event: 170.581 GC heap before
{Heap before GC invocations=84 (full 0):
 garbage-first heap   total 571392K, used 337920K [0x0000000700000000, 0x0000000800000000)
  region size 2048K, 13 young (26624K), 10 survivors (20480K)
 Metaspace       used 138998K, committed 140480K, reserved 1171456K
  class space    used 18633K, committed 19264K, reserved 1048576K
}
Event: 170.647 GC heap after
{Heap after GC invocations=85 (full 0):
 garbage-first heap   total 571392K, used 329762K [0x0000000700000000, 0x0000000800000000)
  region size 2048K, 2 young (4096K), 2 survivors (4096K)
 Metaspace       used 138998K, committed 140480K, reserved 1171456K
  class space    used 18633K, committed 19264K, reserved 1048576K
}
Event: 175.486 GC heap before
{Heap before GC invocations=85 (full 0):
 garbage-first heap   total 571392K, used 436258K [0x0000000700000000, 0x0000000800000000)
  region size 2048K, 54 young (110592K), 2 survivors (4096K)
 Metaspace       used 139595K, committed 141120K, reserved 1171456K
  class space    used 18639K, committed 19328K, reserved 1048576K
}
Event: 175.555 GC heap after
{Heap after GC invocations=86 (full 0):
 garbage-first heap   total 571392K, used 364544K [0x0000000700000000, 0x0000000800000000)
  region size 2048K, 7 young (14336K), 7 survivors (14336K)
 Metaspace       used 139595K, committed 141120K, reserved 1171456K
  class space    used 18639K, committed 19328K, reserved 1048576K
}
Event: 177.852 GC heap before
{Heap before GC invocations=87 (full 0):
 garbage-first heap   total 628736K, used 440320K [0x0000000700000000, 0x0000000800000000)
  region size 2048K, 45 young (92160K), 7 survivors (14336K)
 Metaspace       used 139654K, committed 141120K, reserved 1171456K
  class space    used 18644K, committed 19328K, reserved 1048576K
}
Event: 177.936 GC heap after
{Heap after GC invocations=88 (full 0):
 garbage-first heap   total 628736K, used 398336K [0x0000000700000000, 0x0000000800000000)
  region size 2048K, 6 young (12288K), 6 survivors (12288K)
 Metaspace       used 139654K, committed 141120K, reserved 1171456K
  class space    used 18644K, committed 19328K, reserved 1048576K
}
Event: 178.173 GC heap before
{Heap before GC invocations=88 (full 0):
 garbage-first heap   total 628736K, used 414720K [0x0000000700000000, 0x0000000800000000)
  region size 2048K, 15 young (30720K), 6 survivors (12288K)
 Metaspace       used 139684K, committed 141184K, reserved 1171456K
  class space    used 18651K, committed 19328K, reserved 1048576K
}

Dll operation events (2 events):
Event: 0.020 Loaded shared library C:\Program Files\Android\Android Studio\jbr\bin\java.dll
Event: 1.800 Loaded shared library C:\Program Files\Android\Android Studio\jbr\bin\verify.dll

Deoptimization events (20 events):
Event: 178.032 Thread 0x00000171a4133a50 Uncommon trap: trap_request=0xffffffc6 fr.pc=0x00000171907c80cc relative=0x000000000000012c
Event: 178.032 Thread 0x00000171a4133a50 Uncommon trap: reason=bimorphic_or_optimized_type_check action=maybe_recompile pc=0x00000171907c80cc method=java.util.Collections$UnmodifiableList.get(I)Ljava/lang/Object; @ 5 c2
Event: 178.032 Thread 0x00000171a4133a50 DEOPT PACKING pc=0x00000171907c80cc sp=0x0000003a7e5f9700
Event: 178.032 Thread 0x00000171a4133a50 DEOPT UNPACKING pc=0x000001718f2969a3 sp=0x0000003a7e5f9688 mode 2
Event: 178.039 Thread 0x00000171a4133f20 Uncommon trap: trap_request=0xffffffbe fr.pc=0x00000171906b79a4 relative=0x00000000000008a4
Event: 178.040 Thread 0x00000171a4133f20 Uncommon trap: reason=profile_predicate action=maybe_recompile pc=0x00000171906b79a4 method=com.android.tools.r8.ir.regalloc.b.a(Lcom/android/tools/r8/internal/Vq;Lcom/android/tools/r8/ir/regalloc/a;)Z @ 73 c2
Event: 178.044 Thread 0x00000171a4133f20 DEOPT PACKING pc=0x00000171906b79a4 sp=0x0000003a7e6f9820
Event: 178.044 Thread 0x00000171a4133f20 DEOPT UNPACKING pc=0x000001718f2969a3 sp=0x0000003a7e6f97d8 mode 2
Event: 178.046 Thread 0x00000171a4133a50 Uncommon trap: trap_request=0xffffffc6 fr.pc=0x000001718fc11080 relative=0x00000000000038a0
Event: 178.046 Thread 0x00000171a4133a50 Uncommon trap: reason=bimorphic_or_optimized_type_check action=maybe_recompile pc=0x000001718fc11080 method=java.util.Collections$UnmodifiableList.get(I)Ljava/lang/Object; @ 5 c2
Event: 178.046 Thread 0x00000171a4133a50 DEOPT PACKING pc=0x000001718fc11080 sp=0x0000003a7e5f9280
Event: 178.046 Thread 0x00000171a4133a50 DEOPT UNPACKING pc=0x000001718f2969a3 sp=0x0000003a7e5f92a0 mode 2
Event: 178.047 Thread 0x00000171a4133a50 Uncommon trap: trap_request=0xffffffc6 fr.pc=0x00000171907cf174 relative=0x0000000000001fd4
Event: 178.047 Thread 0x00000171a4133a50 Uncommon trap: reason=bimorphic_or_optimized_type_check action=maybe_recompile pc=0x00000171907cf174 method=java.util.Collections$UnmodifiableList.get(I)Ljava/lang/Object; @ 5 c2
Event: 178.047 Thread 0x00000171a4133a50 DEOPT PACKING pc=0x00000171907cf174 sp=0x0000003a7e5f9110
Event: 178.047 Thread 0x00000171a4133a50 DEOPT UNPACKING pc=0x000001718f2969a3 sp=0x0000003a7e5f90a0 mode 2
Event: 178.047 Thread 0x00000171a4133a50 Uncommon trap: trap_request=0xffffffde fr.pc=0x00000171903da6cc relative=0x0000000000000cac
Event: 178.047 Thread 0x00000171a4133a50 Uncommon trap: reason=class_check action=maybe_recompile pc=0x00000171903da6cc method=com.android.tools.r8.synthesis.s.a(Lcom/android/tools/r8/graph/b1;Ljava/util/function/Function;)Lcom/android/tools/r8/internal/Va; @ 15 c2
Event: 178.047 Thread 0x00000171a4133a50 DEOPT PACKING pc=0x00000171903da6cc sp=0x0000003a7e5f9490
Event: 178.047 Thread 0x00000171a4133a50 DEOPT UNPACKING pc=0x000001718f2969a3 sp=0x0000003a7e5f9370 mode 2

Classes unloaded (1 events):
Event: 164.749 Thread 0x00000171a2a1e640 Unloading class 0x00000008011cc400 'java/lang/invoke/LambdaForm$DMH+0x00000008011cc400'

Classes redefined (0 events):
No events

Internal exceptions (20 events):
Event: 161.619 Thread 0x00000171a4133f20 Exception <a 'java/lang/NoSuchMethodError'{0x0000000718ba53a0}: 'int java.lang.invoke.DirectMethodHandle$Holder.invokeSpecial(java.lang.Object, java.lang.Object, java.lang.Object, int)'> (0x0000000718ba53a0) 
thrown [s\src\hotspot\share\interpreter\linkResolver.cpp, line 771]
Event: 162.919 Thread 0x00000171a4133f20 Exception <a 'java/lang/NoSuchMethodError'{0x0000000717090220}: 'java.lang.Object java.lang.invoke.DirectMethodHandle$Holder.invokeSpecial(java.lang.Object, java.lang.Object, java.lang.Object, java.lang.Object, java.lang.Object, java.lang.Object, java.lang.Object, java.lang.Object, java.lang.Object, java.lang.Object, java.lang.Object)'> (0x0000000717090220) 
thrown [s\src\hotspot\share\interpreter\linkResolver.cpp, line 771]
Event: 162.920 Thread 0x00000171a4133f20 Exception <a 'java/lang/NoSuchMethodError'{0x000000071709c3a0}: 'java.lang.Object java.lang.invoke.DirectMethodHandle$Holder.newInvokeSpecial(java.lang.Object, java.lang.Object, java.lang.Object, java.lang.Object, java.lang.Object, java.lang.Object, java.lang.Object, java.lang.Object, java.lang.Object, java.lang.Object)'> (0x000000071709c3a0) 
thrown [s\src\hotspot\share\interpreter\linkResolver.cpp, line 771]
Event: 162.920 Thread 0x00000171a4133f20 Exception <a 'java/lang/NoSuchMethodError'{0x00000007170a1ce8}: 'java.lang.Object java.lang.invoke.Invokers$Holder.linkToTargetMethod(java.lang.Object, java.lang.Object, java.lang.Object, java.lang.Object, java.lang.Object, java.lang.Object, java.lang.Object, java.lang.Object, java.lang.Object, java.lang.Object)'> (0x00000007170a1ce8) 
thrown [s\src\hotspot\share\interpreter\linkResolver.cpp, line 771]
Event: 162.922 Thread 0x00000171a4133f20 Exception <a 'java/lang/NoSuchMethodError'{0x00000007170aad20}: 'int java.lang.invoke.DirectMethodHandle$Holder.invokeSpecial(java.lang.Object, java.lang.Object, int)'> (0x00000007170aad20) 
thrown [s\src\hotspot\share\interpreter\linkResolver.cpp, line 771]
Event: 162.953 Thread 0x00000171a4133f20 Exception <a 'java/lang/IncompatibleClassChangeError'{0x000000071711dd38}: Found class java.lang.Object, but interface was expected> (0x000000071711dd38) 
thrown [s\src\hotspot\share\interpreter\linkResolver.cpp, line 838]
Event: 163.711 Thread 0x00000171aad27480 Exception <a 'sun/nio/fs/WindowsException'{0x0000000715fc6d30}> (0x0000000715fc6d30) 
thrown [s\src\hotspot\share\prims\jni.cpp, line 517]
Event: 168.073 Thread 0x00000171aa0933b0 Exception <a 'java/lang/NoSuchMethodError'{0x000000071ca6d5a0}: static Lorg/jetbrains/kotlin/daemon/common/LoopbackNetworkInterface$AbstractClientLoopbackSocketFactory;.<clinit>()V> (0x000000071ca6d5a0) 
thrown [s\src\hotspot\share\prims\jni.cpp, line 1108]
Event: 168.077 Thread 0x00000171aa0933b0 Exception <a 'java/lang/NoSuchMethodError'{0x000000071ca78a50}: static Lorg/jetbrains/kotlin/daemon/common/LoopbackNetworkInterface$ClientLoopbackSocketFactory;.<clinit>()V> (0x000000071ca78a50) 
thrown [s\src\hotspot\share\prims\jni.cpp, line 1108]
Event: 169.019 Thread 0x00000171aa0933b0 Exception <a 'java/lang/NoSuchMethodError'{0x000000071cac2fc8}: static [Ljava/rmi/server/ObjID;.<clinit>()V> (0x000000071cac2fc8) 
thrown [s\src\hotspot\share\prims\jni.cpp, line 1108]
Event: 169.127 Thread 0x00000171aa0933b0 Exception <a 'java/lang/NoSuchMethodError'{0x000000071ae86660}: static [B.<clinit>()V> (0x000000071ae86660) 
thrown [s\src\hotspot\share\prims\jni.cpp, line 1108]
Event: 169.143 Thread 0x00000171aad24e00 Exception <a 'java/lang/InterruptedException'{0x000000071af79d90}> (0x000000071af79d90) 
thrown [s\src\hotspot\share\runtime\objectMonitor.cpp, line 1648]
Event: 169.148 Thread 0x00000171aad24e00 Exception <a 'java/lang/NoSuchMethodError'{0x000000071af82318}: 'java.lang.Object java.lang.invoke.DirectMethodHandle$Holder.newInvokeSpecial(java.lang.Object, java.lang.Object, int, java.lang.Object, long)'> (0x000000071af82318) 
thrown [s\src\hotspot\share\interpreter\linkResolver.cpp, line 771]
Event: 169.637 Thread 0x00000171aa0933b0 Exception <a 'java/lang/NoSuchMethodError'{0x00000007198b2f50}: static Lorg/jetbrains/kotlin/daemon/common/CompileService$CallResult;.<clinit>()V> (0x00000007198b2f50) 
thrown [s\src\hotspot\share\prims\jni.cpp, line 1108]
Event: 169.638 Thread 0x00000171aa0933b0 Exception <a 'java/lang/NoSuchMethodError'{0x000000071992e7b0}: static Lorg/jetbrains/kotlin/daemon/common/CompileService$CallResult$Good;.<clinit>()V> (0x000000071992e7b0) 
thrown [s\src\hotspot\share\prims\jni.cpp, line 1108]
Event: 169.641 Thread 0x00000171aa0933b0 Exception <a 'java/lang/NoSuchMethodError'{0x000000071993b3d0}: static Lorg/jetbrains/kotlin/daemon/common/DaemonJVMOptions;.<clinit>()V> (0x000000071993b3d0) 
thrown [s\src\hotspot\share\prims\jni.cpp, line 1108]
Event: 169.651 Thread 0x00000171aa0933b0 Exception <a 'java/lang/NoSuchMethodError'{0x0000000719953148}: static Lorg/jetbrains/kotlin/daemon/common/CompileService$CallResult$Ok;.<clinit>()V> (0x0000000719953148) 
thrown [s\src\hotspot\share\prims\jni.cpp, line 1108]
Event: 169.696 Thread 0x00000171aa0933b0 Exception <a 'java/lang/NoSuchMethodError'{0x0000000719632698}: static [Ljava/lang/Integer;.<clinit>()V> (0x0000000719632698) 
thrown [s\src\hotspot\share\prims\jni.cpp, line 1108]
Event: 170.130 Thread 0x00000171b1ad3570 Exception <a 'java/lang/NoSuchMethodError'{0x0000000722b1c460}: 'long java.lang.invoke.DirectMethodHandle$Holder.invokeStatic(java.lang.Object, java.lang.Object, java.lang.Object)'> (0x0000000722b1c460) 
thrown [s\src\hotspot\share\interpreter\linkResolver.cpp, line 771]
Event: 177.999 Thread 0x00000171a4133a50 Exception <a 'java/lang/NoSuchMethodError'{0x0000000726479f80}: 'void java.lang.invoke.DirectMethodHandle$Holder.invokeSpecialIFC(java.lang.Object, java.lang.Object, java.lang.Object, java.lang.Object)'> (0x0000000726479f80) 
thrown [s\src\hotspot\share\interpreter\linkResolver.cpp, line 771]

VM Operations (20 events):
Event: 174.401 Executing VM operation: HandshakeAllThreads done
Event: 174.401 Executing VM operation: Cleanup
Event: 174.639 Executing VM operation: Cleanup done
Event: 175.421 Executing VM operation: ICBufferFull
Event: 175.473 Executing VM operation: ICBufferFull done
Event: 175.486 Executing VM operation: G1CollectForAllocation
Event: 175.563 Executing VM operation: G1CollectForAllocation done
Event: 176.425 Executing VM operation: G1Concurrent
Event: 176.447 Executing VM operation: G1Concurrent done
Event: 176.665 Executing VM operation: HandshakeAllThreads
Event: 176.965 Executing VM operation: HandshakeAllThreads done
Event: 176.965 Executing VM operation: G1Concurrent
Event: 176.977 Executing VM operation: G1Concurrent done
Event: 177.852 Executing VM operation: G1CollectForAllocation
Event: 177.943 Executing VM operation: G1CollectForAllocation done
Event: 177.953 Executing VM operation: HandshakeAllThreads
Event: 177.957 Executing VM operation: HandshakeAllThreads done
Event: 178.014 Executing VM operation: HandshakeAllThreads
Event: 178.017 Executing VM operation: HandshakeAllThreads done
Event: 178.051 Executing VM operation: G1CollectForAllocation

Events (20 events):
Event: 174.603 Thread 0x00000171a34b8370 flushing nmethod 0x000001718a6cee10
Event: 174.603 Thread 0x00000171a34b8370 flushing nmethod 0x000001718a6dba10
Event: 174.603 Thread 0x00000171a34b8370 flushing nmethod 0x000001718a6eb210
Event: 177.974 Thread 0x00000171a34b8370 flushing nmethod 0x0000017190880910
Event: 177.979 Thread 0x00000171a34b8370 flushing nmethod 0x000001718800c910
Event: 177.987 Thread 0x00000171a34b8370 flushing nmethod 0x00000171887f8290
Event: 178.010 Thread 0x00000171a34b8370 flushing nmethod 0x0000017189a8ae10
Event: 178.024 Thread 0x00000171a34b8370 flushing nmethod 0x000001718a416910
Event: 178.024 Thread 0x00000171a34b8370 flushing nmethod 0x000001718a420290
Event: 178.024 Thread 0x00000171a34b8370 flushing nmethod 0x000001718a426e90
Event: 178.024 Thread 0x00000171a34b8370 flushing nmethod 0x000001718a43f410
Event: 178.025 Thread 0x00000171a34b8370 flushing nmethod 0x000001718a46ae90
Event: 178.025 Thread 0x00000171a34b8370 flushing nmethod 0x000001718a47af10
Event: 178.025 Thread 0x00000171a34b8370 flushing nmethod 0x000001718a47d290
Event: 178.027 Thread 0x00000171a34b8370 flushing nmethod 0x000001718a619910
Event: 178.027 Thread 0x00000171a34b8370 flushing nmethod 0x000001718a62aa10
Event: 178.027 Thread 0x00000171a34b8370 flushing nmethod 0x000001718a639110
Event: 178.029 Thread 0x00000171a34b8370 flushing nmethod 0x000001718a67cb10
Event: 178.029 Thread 0x00000171a34b8370 flushing nmethod 0x000001718a684d10
Event: 178.029 Thread 0x00000171a34b8370 flushing nmethod 0x000001718a693110


Dynamic libraries:
0x00007ff67a2b0000 - 0x00007ff67a2ba000 	C:\Program Files\Android\Android Studio\jbr\bin\java.exe
0x00007ff9a6d50000 - 0x00007ff9a6f48000 	C:\Windows\SYSTEM32\ntdll.dll
0x00007ff9a6c40000 - 0x00007ff9a6d02000 	C:\Windows\System32\KERNEL32.DLL
0x00007ff9a4830000 - 0x00007ff9a4b2f000 	C:\Windows\System32\KERNELBASE.dll
0x00007ff9a4730000 - 0x00007ff9a4830000 	C:\Windows\System32\ucrtbase.dll
0x00007ff981b50000 - 0x00007ff981b67000 	C:\Program Files\Android\Android Studio\jbr\bin\jli.dll
0x00007ff9a6aa0000 - 0x00007ff9a6c3d000 	C:\Windows\System32\USER32.dll
0x00007ff9a44f0000 - 0x00007ff9a4512000 	C:\Windows\System32\win32u.dll
0x00007ff9a5cc0000 - 0x00007ff9a5ceb000 	C:\Windows\System32\GDI32.dll
0x00007ff9a4610000 - 0x00007ff9a472a000 	C:\Windows\System32\gdi32full.dll
0x00007ff9a4520000 - 0x00007ff9a45bd000 	C:\Windows\System32\msvcp_win.dll
0x00007ff98c1a0000 - 0x00007ff98c1bb000 	C:\Program Files\Android\Android Studio\jbr\bin\VCRUNTIME140.dll
0x00007ff998e60000 - 0x00007ff9990fa000 	C:\Windows\WinSxS\amd64_microsoft.windows.common-controls_6595b64144ccf1df_6.0.19041.4355_none_60b8b9eb71f62e16\COMCTL32.dll
0x00007ff9a5d50000 - 0x00007ff9a5dee000 	C:\Windows\System32\msvcrt.dll
0x00007ff9a5df0000 - 0x00007ff9a5e1f000 	C:\Windows\System32\IMM32.DLL
0x00007ff9928c0000 - 0x00007ff9928cc000 	C:\Program Files\Android\Android Studio\jbr\bin\vcruntime140_1.dll
0x00007ff9505a0000 - 0x00007ff95062d000 	C:\Program Files\Android\Android Studio\jbr\bin\msvcp140.dll
0x00007ff94e740000 - 0x00007ff94f3ae000 	C:\Program Files\Android\Android Studio\jbr\bin\server\jvm.dll
0x00007ff9a5a90000 - 0x00007ff9a5b3f000 	C:\Windows\System32\ADVAPI32.dll
0x00007ff9a5760000 - 0x00007ff9a57ff000 	C:\Windows\System32\sechost.dll
0x00007ff9a4d90000 - 0x00007ff9a4eb3000 	C:\Windows\System32\RPCRT4.dll
0x00007ff9a4c90000 - 0x00007ff9a4cb7000 	C:\Windows\System32\bcrypt.dll
0x00007ff98c280000 - 0x00007ff98c289000 	C:\Windows\SYSTEM32\WSOCK32.dll
0x00007ff9a5890000 - 0x00007ff9a58fb000 	C:\Windows\System32\WS2_32.dll
0x00007ff98e6e0000 - 0x00007ff98e707000 	C:\Windows\SYSTEM32\WINMM.dll
0x00007ff999eb0000 - 0x00007ff999eba000 	C:\Windows\SYSTEM32\VERSION.dll
0x00007ff9a2bd0000 - 0x00007ff9a2be2000 	C:\Windows\SYSTEM32\kernel.appcore.dll
0x00007ff989b60000 - 0x00007ff989b6a000 	C:\Program Files\Android\Android Studio\jbr\bin\jimage.dll
0x00007ff99c260000 - 0x00007ff99c444000 	C:\Windows\SYSTEM32\DBGHELP.DLL
0x00007ff99bf90000 - 0x00007ff99bfc4000 	C:\Windows\SYSTEM32\dbgcore.DLL
0x00007ff9a4460000 - 0x00007ff9a44e2000 	C:\Windows\System32\bcryptPrimitives.dll
0x00007ff97bdd0000 - 0x00007ff97bdf5000 	C:\Program Files\Android\Android Studio\jbr\bin\java.dll
0x00007ff981b30000 - 0x00007ff981b48000 	C:\Program Files\Android\Android Studio\jbr\bin\zip.dll
0x00007ff9a5e20000 - 0x00007ff9a658d000 	C:\Windows\System32\SHELL32.dll
0x00007ff9a2410000 - 0x00007ff9a2bb4000 	C:\Windows\SYSTEM32\windows.storage.dll
0x00007ff9a5220000 - 0x00007ff9a5575000 	C:\Windows\System32\combase.dll
0x00007ff9a3c70000 - 0x00007ff9a3c9b000 	C:\Windows\SYSTEM32\Wldp.dll
0x00007ff9a4ec0000 - 0x00007ff9a4f8d000 	C:\Windows\System32\OLEAUT32.dll
0x00007ff9a56b0000 - 0x00007ff9a575d000 	C:\Windows\System32\SHCORE.dll
0x00007ff9a5900000 - 0x00007ff9a5955000 	C:\Windows\System32\shlwapi.dll
0x00007ff9a4320000 - 0x00007ff9a4345000 	C:\Windows\SYSTEM32\profapi.dll
0x00007ff97bdb0000 - 0x00007ff97bdc9000 	C:\Program Files\Android\Android Studio\jbr\bin\net.dll
0x00007ff99db90000 - 0x00007ff99dc9a000 	C:\Windows\SYSTEM32\WINHTTP.dll
0x00007ff9a3a50000 - 0x00007ff9a3abc000 	C:\Windows\system32\mswsock.dll
0x00007ff97b330000 - 0x00007ff97b346000 	C:\Program Files\Android\Android Studio\jbr\bin\nio.dll
0x00007ff989980000 - 0x00007ff989990000 	C:\Program Files\Android\Android Studio\jbr\bin\verify.dll
0x00007ff97b240000 - 0x00007ff97b267000 	C:\Users\ALI_S\.gradle\native\e1d6ef7f7dcc3fd88c89a11ec53ec762bb8ba0a96d01ffa2cd45eb1d1d8dd5c5\windows-amd64\native-platform.dll
0x00007ff950450000 - 0x00007ff950594000 	C:\Users\ALI_S\.gradle\native\0d407fdbe67a94daf76414ababcb853783967236a71b16ec16e742cd7a986fd3\windows-amd64\native-platform-file-events.dll
0x00007ff9896d0000 - 0x00007ff9896d9000 	C:\Program Files\Android\Android Studio\jbr\bin\management.dll
0x00007ff986e30000 - 0x00007ff986e3b000 	C:\Program Files\Android\Android Studio\jbr\bin\management_ext.dll
0x00007ff9a4d70000 - 0x00007ff9a4d78000 	C:\Windows\System32\PSAPI.DLL
0x00007ff9a4010000 - 0x00007ff9a4028000 	C:\Windows\SYSTEM32\CRYPTSP.dll
0x00007ff9a3390000 - 0x00007ff9a33c8000 	C:\Windows\system32\rsaenh.dll
0x00007ff9a42a0000 - 0x00007ff9a42ce000 	C:\Windows\SYSTEM32\USERENV.dll
0x00007ff9a3be0000 - 0x00007ff9a3bec000 	C:\Windows\SYSTEM32\CRYPTBASE.dll
0x00007ff9a3750000 - 0x00007ff9a378b000 	C:\Windows\SYSTEM32\IPHLPAPI.DLL
0x00007ff9a4d80000 - 0x00007ff9a4d88000 	C:\Windows\System32\NSI.dll
0x00007ff99e3a0000 - 0x00007ff99e3b7000 	C:\Windows\SYSTEM32\dhcpcsvc6.DLL
0x00007ff99e370000 - 0x00007ff99e38d000 	C:\Windows\SYSTEM32\dhcpcsvc.DLL
0x00007ff9a3790000 - 0x00007ff9a385a000 	C:\Windows\SYSTEM32\DNSAPI.dll
0x00007ff986520000 - 0x00007ff986527000 	C:\Windows\system32\wshunix.dll
0x00007ff99ee00000 - 0x00007ff99ee1e000 	C:\Users\ALI_S\AppData\Local\Temp\native-platform11782551071210900516dir\native-platform.dll
0x00007ff99f390000 - 0x00007ff99f397000 	C:\Program Files\Android\Android Studio\jbr\bin\rmi.dll

dbghelp: loaded successfully - version: 4.0.5 - missing functions: none
symbol engine: initialized successfully - sym options: 0x614 - pdb path: .;C:\Program Files\Android\Android Studio\jbr\bin;C:\Windows\SYSTEM32;C:\Windows\WinSxS\amd64_microsoft.windows.common-controls_6595b64144ccf1df_6.0.19041.4355_none_60b8b9eb71f62e16;C:\Program Files\Android\Android Studio\jbr\bin\server;C:\Users\ALI_S\.gradle\native\e1d6ef7f7dcc3fd88c89a11ec53ec762bb8ba0a96d01ffa2cd45eb1d1d8dd5c5\windows-amd64;C:\Users\ALI_S\.gradle\native\0d407fdbe67a94daf76414ababcb853783967236a71b16ec16e742cd7a986fd3\windows-amd64;C:\Users\ALI_S\AppData\Local\Temp\native-platform11782551071210900516dir

VM Arguments:
jvm_args: --add-opens=java.base/java.util=ALL-UNNAMED --add-opens=java.base/java.lang=ALL-UNNAMED --add-opens=java.base/java.lang.invoke=ALL-UNNAMED --add-opens=java.base/java.util=ALL-UNNAMED --add-opens=java.prefs/java.util.prefs=ALL-UNNAMED --add-opens=java.prefs/java.util.prefs=ALL-UNNAMED --add-opens=java.base/java.nio.charset=ALL-UNNAMED --add-opens=java.base/java.net=ALL-UNNAMED --add-opens=java.base/java.util.concurrent.atomic=ALL-UNNAMED -Xmx4G -Dfile.encoding=windows-1252 -Duser.country=US -Duser.language=en -Duser.variant 
java_command: org.gradle.launcher.daemon.bootstrap.GradleDaemon 7.5
java_class_path (initial): C:\Users\ALI_S\.gradle\wrapper\dists\gradle-7.5-all\6qsw290k5lz422uaf8jf6m7co\gradle-7.5\lib\gradle-launcher-7.5.jar
Launcher Type: SUN_STANDARD

[Global flags]
     intx CICompilerCount                          = 3                                         {product} {ergonomic}
     uint ConcGCThreads                            = 1                                         {product} {ergonomic}
     uint G1ConcRefinementThreads                  = 4                                         {product} {ergonomic}
   size_t G1HeapRegionSize                         = 2097152                                   {product} {ergonomic}
    uintx GCDrainStackTargetSize                   = 64                                        {product} {ergonomic}
   size_t InitialHeapSize                          = 134217728                                 {product} {ergonomic}
   size_t MarkStackSize                            = 4194304                                   {product} {ergonomic}
   size_t MaxHeapSize                              = 4294967296                                {product} {command line}
   size_t MaxNewSize                               = 2575302656                                {product} {ergonomic}
   size_t MinHeapDeltaBytes                        = 2097152                                   {product} {ergonomic}
   size_t MinHeapSize                              = 8388608                                   {product} {ergonomic}
    uintx NonNMethodCodeHeapSize                   = 5832780                                {pd product} {ergonomic}
    uintx NonProfiledCodeHeapSize                  = 122912730                              {pd product} {ergonomic}
    uintx ProfiledCodeHeapSize                     = 122912730                              {pd product} {ergonomic}
    uintx ReservedCodeCacheSize                    = 251658240                              {pd product} {ergonomic}
     bool SegmentedCodeCache                       = true                                      {product} {ergonomic}
   size_t SoftMaxHeapSize                          = 4294967296                             {manageable} {ergonomic}
     bool UseCompressedClassPointers               = true                           {product lp64_product} {ergonomic}
     bool UseCompressedOops                        = true                           {product lp64_product} {ergonomic}
     bool UseG1GC                                  = true                                      {product} {ergonomic}
     bool UseLargePagesIndividualAllocation        = false                                  {pd product} {ergonomic}

Logging:
Log output configuration:
 #0: stdout all=warning uptime,level,tags
 #1: stderr all=off uptime,level,tags

Environment Variables:
JAVA_HOME=C:\Program Files\Android\Android Studio\jbr
CLASSPATH=C:\development\flutter_app\mukawwin_3\android\\gradle\wrapper\gradle-wrapper.jar
PATH=C:\Program Files\Android\Android Studio\jbr\bin;C:\Users\ALI_S\AppData\Local\Pub\Cache\bin;C:\Windows;C:\Windows\System32\Wbem;C:\Windows\System32\WindowsPowerShell\v1.0\;C:\Windows\System32\OpenSSH\;C:\Program Files\Git\cmd;C:\Program Files\MATLAB\R2017a\runtime\win64;C:\Program Files\MATLAB\R2017a\bin;C:\Program Files\Microsoft SQL Server\110\Tools\Binn\;c:\Program Files (x86)\Microsoft SQL Server\90\Tools\binn\;C:\Visual8\Common7\IDE;C:\Visual8\VC\bin;C:\Visual8\Common7\Tools;C:\Visual8\Common7\Tools\Bin;C:\Visual8\VC\PlatformSDK\Bin;C:\Visual8\SDK\v2.0\Bin;C:\Windows\Microsoft.NET\Framework\v2.0.50727;C:\Visual8\VC\vcpackages;C:\Opnet\14.5.A\bin;C:\Program Files\Java\jdk-17\bin;C:\Program Files\Common Files\Oracle\Java\javapath;C:\development\flutter\bin;C:\Users\ALI_S\AppData\Roaming\npm\node_modules;node_modules\npm\lib;%NVM_HOME%;%NVM_SYMLINK%;C:\Users\ALI_S\AppData\Local\Pub\Cache\bin;C:\Users\ALI_S\AppData\Local\nvm;C:\nvm4w\nodejs;C:\development\flutter\bin\mingit\cmd;C:\development\flutter\bin\mingit\cmd
USERNAME=ALI_S
LIBPATH=C:\Windows\Microsoft.NET\Framework\v2.0.50727;C:\Visual8\VC\ATLMFC\LIB;
OS=Windows_NT
PROCESSOR_IDENTIFIER=Intel64 Family 6 Model 58 Stepping 9, GenuineIntel
TMP=C:\Users\ALI_S\AppData\Local\Temp
TEMP=C:\Users\ALI_S\AppData\Local\Temp


JNI global refs:
JNI global refs: 26, weak refs: 6

JNI global refs memory usage: 843, weak refs: 841


---------------  S Y S T E M  ---------------

OS:
 Windows 10 , 64 bit Build 19041 (10.0.19041.5438)
OS uptime: 1 days 23:04 hours
Hyper-V role detected

CPU: total 4 (initial active 4) (2 cores per cpu, 2 threads per core) family 6 model 58 stepping 9 microcode 0x21, cx8, cmov, fxsr, ht, mmx, sse, sse2, sse3, ssse3, sse4.1, sse4.2, popcnt, tsc, tscinvbit, avx, aes, erms, clmul, vzeroupper, clflush, hv

Memory: 4k page, system-wide physical 8094M (405M free)
TotalPageFile size 11711M (AvailPageFile size 333M)
current process WorkingSet (physical memory assigned to process): 1002M, peak: 1006M
current process commit charge ("private bytes"): 1101M, peak: 1715M

vm_info: OpenJDK 64-Bit Server VM (17.0.6+0-b2043.56-10027231) for windows-amd64 JRE (17.0.6+0-b2043.56-10027231), built on Apr 28 2023 00:43:19 by "androidbuild" with MS VC++ 16.10 / 16.11 (VS2019)

END.
