#
# There is insufficient memory for the Java Runtime Environment to continue.
# Native memory allocation (malloc) failed to allocate 1053456 bytes for Chunk::new
# Possible reasons:
#   The system is out of physical RAM or swap space
#   The process is running with CompressedOops enabled, and the Java Heap may be blocking the growth of the native heap
# Possible solutions:
#   Reduce memory load on the system
#   Increase physical memory or swap space
#   Check if swap backing store is full
#   Decrease Java heap size (-Xmx/-Xms)
#   Decrease number of Java threads
#   Decrease Java thread stack sizes (-Xss)
#   Set larger code cache with -XX:ReservedCodeCacheSize=
#   JVM is running with Zero Based Compressed Oops mode in which the Java heap is
#     placed in the first 32GB address space. The Java Heap base address is the
#     maximum limit for the native heap growth. Please use -XX:HeapBaseMinAddress
#     to set the Java Heap base and to place the Java Heap above 32GB virtual address.
# This output file may be truncated or incomplete.
#
#  Out of Memory Error (arena.cpp:189), pid=10496, tid=9320
#
# JRE version: OpenJDK Runtime Environment (17.0.6) (build 17.0.6+0-b2043.56-10027231)
# Java VM: OpenJDK 64-Bit Server VM (17.0.6+0-b2043.56-10027231, mixed mode, tiered, compressed oops, compressed class ptrs, g1 gc, windows-amd64)
# No core dump will be written. Minidumps are not enabled by default on client versions of Windows
#

---------------  S U M M A R Y ------------

Command Line: --add-opens=java.base/java.util=ALL-UNNAMED --add-opens=java.base/java.lang=ALL-UNNAMED --add-opens=java.base/java.lang.invoke=ALL-UNNAMED --add-opens=java.base/java.util=ALL-UNNAMED --add-opens=java.prefs/java.util.prefs=ALL-UNNAMED --add-opens=java.prefs/java.util.prefs=ALL-UNNAMED --add-opens=java.base/java.nio.charset=ALL-UNNAMED --add-opens=java.base/java.net=ALL-UNNAMED --add-opens=java.base/java.util.concurrent.atomic=ALL-UNNAMED -Xmx4G -Dfile.encoding=windows-1252 -Duser.country=US -Duser.language=en -Duser.variant org.gradle.launcher.daemon.bootstrap.GradleDaemon 7.5

Host: Intel(R) Core(TM) i5-3380M CPU @ 2.90GHz, 4 cores, 7G,  Windows 10 , 64 bit Build 19041 (10.0.19041.3636)
Time: Thu Jan 16 16:25:15 2025 Syria Standard Time elapsed time: 186.358430 seconds (0d 0h 3m 6s)

---------------  T H R E A D  ---------------

Current thread (0x00000265e0c616f0):  JavaThread "C2 CompilerThread0" daemon [_thread_in_native, id=9320, stack(0x0000007fb3900000,0x0000007fb3a00000)]


Current CompileTask:
C2: 186358 34993   !   4       sun.reflect.annotation.AnnotationParser::parseAnnotation2 (271 bytes)

Stack: [0x0000007fb3900000,0x0000007fb3a00000]
Native frames: (J=compiled Java code, j=interpreted, Vv=VM code, C=native code)
V  [jvm.dll+0x683c9a]
V  [jvm.dll+0x8427a4]
V  [jvm.dll+0x843f9e]
V  [jvm.dll+0x844603]
V  [jvm.dll+0x249b75]
V  [jvm.dll+0xabcac]
V  [jvm.dll+0xac27c]
V  [jvm.dll+0x368802]
V  [jvm.dll+0x332f31]
V  [jvm.dll+0x3323da]
V  [jvm.dll+0x21c201]
V  [jvm.dll+0x21b621]
V  [jvm.dll+0x1a4fdd]
V  [jvm.dll+0x22b098]
V  [jvm.dll+0x229159]
V  [jvm.dll+0x7f81ec]
V  [jvm.dll+0x7f274a]
V  [jvm.dll+0x682ad5]
C  [ucrtbase.dll+0x21bb2]
C  [KERNEL32.DLL+0x17344]
C  [ntdll.dll+0x526b1]


---------------  P R O C E S S  ---------------

Threads class SMR info:
_java_thread_list=0x00000265ee5f8f80, length=106, elements={
0x00000265bffbd7d0, 0x00000265e0c15270, 0x00000265e0c15ff0, 0x00000265e0c58350,
0x00000265e0c5cc30, 0x00000265e0c5d4f0, 0x00000265e0c5fdc0, 0x00000265e0c616f0,
0x00000265e0c6df20, 0x00000265e0c7ad70, 0x00000265e0dd3330, 0x00000265e0dddec0,
0x00000265e23a10c0, 0x00000265e18c4b10, 0x00000265e1afac10, 0x00000265e3000890,
0x00000265e2354030, 0x00000265e24ae220, 0x00000265e24ac540, 0x00000265e24af090,
0x00000265e24acee0, 0x00000265e24ac070, 0x00000265e24aebc0, 0x00000265e24afa30,
0x00000265e24ae6f0, 0x00000265e24ad880, 0x00000265e24aca10, 0x00000265e24af560,
0x00000265e24ad3b0, 0x00000265e24add50, 0x00000265e5e80ab0, 0x00000265e5e81450,
0x00000265e5e81920, 0x00000265e5e88300, 0x00000265e5e81df0, 0x00000265e5e852e0,
0x00000265e5e85c80, 0x00000265e5e822c0, 0x00000265e5e84470, 0x00000265e5e82790,
0x00000265e5e83600, 0x00000265e5e87960, 0x00000265e5e87e30, 0x00000265e773d6e0,
0x00000265e7740700, 0x00000265e773c870, 0x00000265e77423e0, 0x00000265e773eef0,
0x00000265e773ba00, 0x00000265e773f890, 0x00000265e773cd40, 0x00000265e773f3c0,
0x00000265e7741f10, 0x00000265e773fd60, 0x00000265e773d210, 0x00000265e7740230,
0x00000265e773e080, 0x00000265e7741570, 0x00000265e77428b0, 0x00000265e773c3a0,
0x00000265e773e550, 0x00000265e773ea20, 0x00000265e7741a40, 0x00000265e773b060,
0x00000265e773bed0, 0x00000265e773b530, 0x00000265e3080850, 0x00000265e3081b90,
0x00000265e307e1d0, 0x00000265e307c020, 0x00000265e307bb50, 0x00000265e3080d20,
0x00000265e307c4f0, 0x00000265e307b680, 0x00000265e307dd00, 0x00000265e307c9c0,
0x00000265e307ce90, 0x00000265e307d830, 0x00000265e3082060, 0x00000265e3080380,
0x00000265e307ace0, 0x00000265e307d360, 0x00000265e307e6a0, 0x00000265e307f9e0,
0x00000265e307a810, 0x00000265e307b1b0, 0x00000265e30811f0, 0x00000265e931ee90,
0x00000265ece62bf0, 0x00000265ece63f30, 0x00000265ebb19430, 0x00000265ed1d11f0,
0x00000265ed1d16c0, 0x00000265ed1d0380, 0x00000265ed1d0850, 0x00000265e5e83fa0,
0x00000265ee44b190, 0x00000265ee44a320, 0x00000265ee44a7f0, 0x00000265e90cdc60,
0x00000265ece63a60, 0x00000265e00baca0, 0x00000265e9321eb0, 0x00000265ee449980,
0x00000265ee44c000, 0x00000265e931db50
}

Java Threads: ( => current thread )
  0x00000265bffbd7d0 JavaThread "main" [_thread_blocked, id=2768, stack(0x0000007fb2c00000,0x0000007fb2d00000)]
  0x00000265e0c15270 JavaThread "Reference Handler" daemon [_thread_blocked, id=10524, stack(0x0000007fb3300000,0x0000007fb3400000)]
  0x00000265e0c15ff0 JavaThread "Finalizer" daemon [_thread_blocked, id=1012, stack(0x0000007fb3400000,0x0000007fb3500000)]
  0x00000265e0c58350 JavaThread "Signal Dispatcher" daemon [_thread_blocked, id=9528, stack(0x0000007fb3500000,0x0000007fb3600000)]
  0x00000265e0c5cc30 JavaThread "Attach Listener" daemon [_thread_blocked, id=1220, stack(0x0000007fb3600000,0x0000007fb3700000)]
  0x00000265e0c5d4f0 JavaThread "Service Thread" daemon [_thread_blocked, id=11200, stack(0x0000007fb3700000,0x0000007fb3800000)]
  0x00000265e0c5fdc0 JavaThread "Monitor Deflation Thread" daemon [_thread_blocked, id=4432, stack(0x0000007fb3800000,0x0000007fb3900000)]
=>0x00000265e0c616f0 JavaThread "C2 CompilerThread0" daemon [_thread_in_native, id=9320, stack(0x0000007fb3900000,0x0000007fb3a00000)]
  0x00000265e0c6df20 JavaThread "C1 CompilerThread0" daemon [_thread_blocked, id=11532, stack(0x0000007fb3a00000,0x0000007fb3b00000)]
  0x00000265e0c7ad70 JavaThread "Sweeper thread" daemon [_thread_blocked, id=2448, stack(0x0000007fb3b00000,0x0000007fb3c00000)]
  0x00000265e0dd3330 JavaThread "Common-Cleaner" daemon [_thread_blocked, id=3192, stack(0x0000007fb3c00000,0x0000007fb3d00000)]
  0x00000265e0dddec0 JavaThread "Notification Thread" daemon [_thread_blocked, id=4188, stack(0x0000007fb3d00000,0x0000007fb3e00000)]
  0x00000265e23a10c0 JavaThread "Daemon health stats" [_thread_blocked, id=9532, stack(0x0000007fb4200000,0x0000007fb4300000)]
  0x00000265e18c4b10 JavaThread "Incoming local TCP Connector on port 53929" [_thread_in_native, id=5272, stack(0x0000007fb4300000,0x0000007fb4400000)]
  0x00000265e1afac10 JavaThread "Daemon periodic checks" [_thread_blocked, id=11568, stack(0x0000007fb4400000,0x0000007fb4500000)]
  0x00000265e3000890 JavaThread "Daemon" [_thread_blocked, id=5736, stack(0x0000007fb4500000,0x0000007fb4600000)]
  0x00000265e2354030 JavaThread "Handler for socket connection from /127.0.0.1:53929 to /127.0.0.1:53930" [_thread_in_native, id=9592, stack(0x0000007fb4600000,0x0000007fb4700000)]
  0x00000265e24ae220 JavaThread "Cancel handler" [_thread_blocked, id=8540, stack(0x0000007fb4700000,0x0000007fb4800000)]
  0x00000265e24ac540 JavaThread "Daemon worker" [_thread_blocked, id=8176, stack(0x0000007fb4800000,0x0000007fb4900000)]
  0x00000265e24af090 JavaThread "Asynchronous log dispatcher for DefaultDaemonConnection: socket connection from /127.0.0.1:53929 to /127.0.0.1:53930" [_thread_blocked, id=8308, stack(0x0000007fb4900000,0x0000007fb4a00000)]
  0x00000265e24acee0 JavaThread "Stdin handler" [_thread_blocked, id=7760, stack(0x0000007fb4a00000,0x0000007fb4b00000)]
  0x00000265e24ac070 JavaThread "Daemon client event forwarder" [_thread_blocked, id=8764, stack(0x0000007fb4b00000,0x0000007fb4c00000)]
  0x00000265e24aebc0 JavaThread "Cache worker for journal cache (C:\Users\ALI_S\.gradle\caches\journal-1)" [_thread_blocked, id=4608, stack(0x0000007fb4c00000,0x0000007fb4d00000)]
  0x00000265e24afa30 JavaThread "File lock request listener" [_thread_in_native, id=1624, stack(0x0000007fb4d00000,0x0000007fb4e00000)]
  0x00000265e24ae6f0 JavaThread "Cache worker for file hash cache (C:\Users\ALI_S\.gradle\caches\7.5\fileHashes)" [_thread_blocked, id=9364, stack(0x0000007fb4e00000,0x0000007fb4f00000)]
  0x00000265e24ad880 JavaThread "File watcher server" daemon [_thread_in_native, id=11408, stack(0x0000007fb4f00000,0x0000007fb5000000)]
  0x00000265e24aca10 JavaThread "File watcher consumer" daemon [_thread_blocked, id=4540, stack(0x0000007fb5000000,0x0000007fb5100000)]
  0x00000265e24af560 JavaThread "Cache worker for checksums cache (C:\development\flutter_app\mukawwin_3\android\.gradle\7.5\checksums)" [_thread_blocked, id=1648, stack(0x0000007fb5100000,0x0000007fb5200000)]
  0x00000265e24ad3b0 JavaThread "Cache worker for cache directory md-rule (C:\Users\ALI_S\.gradle\caches\7.5\md-rule)" [_thread_blocked, id=2980, stack(0x0000007fb5200000,0x0000007fb5300000)]
  0x00000265e24add50 JavaThread "Cache worker for file content cache (C:\Users\ALI_S\.gradle\caches\7.5\fileContent)" [_thread_blocked, id=12044, stack(0x0000007fb5300000,0x0000007fb5400000)]
  0x00000265e5e80ab0 JavaThread "Cache worker for file hash cache (C:\development\flutter_app\mukawwin_3\android\.gradle\7.5\fileHashes)" [_thread_blocked, id=1896, stack(0x0000007fb5500000,0x0000007fb5600000)]
  0x00000265e5e81450 JavaThread "Cache worker for cache directory md-supplier (C:\Users\ALI_S\.gradle\caches\7.5\md-supplier)" [_thread_blocked, id=7580, stack(0x0000007fb5600000,0x0000007fb5700000)]
  0x00000265e5e81920 JavaThread "Cache worker for execution history cache (C:\Users\ALI_S\.gradle\caches\7.5\executionHistory)" [_thread_blocked, id=12140, stack(0x0000007fb5700000,0x0000007fb5800000)]
  0x00000265e5e88300 JavaThread "jar transforms" [_thread_blocked, id=1488, stack(0x0000007fb5900000,0x0000007fb5a00000)]
  0x00000265e5e81df0 JavaThread "Cache worker for kotlin-dsl (C:\Users\ALI_S\.gradle\caches\7.5\kotlin-dsl)" [_thread_blocked, id=11760, stack(0x0000007fb5a00000,0x0000007fb5b00000)]
  0x00000265e5e852e0 JavaThread "jar transforms Thread 2" [_thread_blocked, id=5944, stack(0x0000007fb5400000,0x0000007fb5500000)]
  0x00000265e5e85c80 JavaThread "Cache worker for dependencies-accessors (C:\development\flutter_app\mukawwin_3\android\.gradle\7.5\dependencies-accessors)" [_thread_blocked, id=11292, stack(0x0000007fb5b00000,0x0000007fb5c00000)]
  0x00000265e5e822c0 JavaThread "Cache worker for Build Output Cleanup Cache (C:\development\flutter\packages\flutter_tools\gradle\.gradle\buildOutputCleanup)" [_thread_blocked, id=7276, stack(0x0000007fb5d00000,0x0000007fb5e00000)]
  0x00000265e5e84470 JavaThread "jar transforms Thread 3" [_thread_blocked, id=11420, stack(0x0000007fb5e00000,0x0000007fb5f00000)]
  0x00000265e5e82790 JavaThread "Memory manager" [_thread_blocked, id=11340, stack(0x0000007fb5f00000,0x0000007fb6000000)]
  0x00000265e5e83600 JavaThread "jar transforms Thread 4" [_thread_blocked, id=10108, stack(0x0000007fb6000000,0x0000007fb6100000)]
  0x00000265e5e87960 JavaThread "included builds" [_thread_blocked, id=8120, stack(0x0000007fb6100000,0x0000007fb6200000)]
  0x00000265e5e87e30 JavaThread "Execution worker" [_thread_blocked, id=6776, stack(0x0000007fb6200000,0x0000007fb6300000)]
  0x00000265e773d6e0 JavaThread "Execution worker Thread 2" [_thread_blocked, id=8188, stack(0x0000007fb6300000,0x0000007fb6400000)]
  0x00000265e7740700 JavaThread "Execution worker Thread 3" [_thread_blocked, id=6704, stack(0x0000007fb6400000,0x0000007fb6500000)]
  0x00000265e773c870 JavaThread "Cache worker for execution history cache (C:\development\flutter\packages\flutter_tools\gradle\.gradle\7.5\executionHistory)" [_thread_blocked, id=12144, stack(0x0000007fb6500000,0x0000007fb6600000)]
  0x00000265e77423e0 JavaThread "Unconstrained build operations" [_thread_blocked, id=2912, stack(0x0000007fb6600000,0x0000007fb6700000)]
  0x00000265e773eef0 JavaThread "Unconstrained build operations Thread 2" [_thread_blocked, id=9604, stack(0x0000007fb6700000,0x0000007fb6800000)]
  0x00000265e773ba00 JavaThread "Unconstrained build operations Thread 3" [_thread_blocked, id=10612, stack(0x0000007fb6800000,0x0000007fb6900000)]
  0x00000265e773f890 JavaThread "Unconstrained build operations Thread 4" [_thread_blocked, id=7240, stack(0x0000007fb6900000,0x0000007fb6a00000)]
  0x00000265e773cd40 JavaThread "Unconstrained build operations Thread 5" [_thread_blocked, id=9772, stack(0x0000007fb6a00000,0x0000007fb6b00000)]
  0x00000265e773f3c0 JavaThread "Unconstrained build operations Thread 6" [_thread_blocked, id=5464, stack(0x0000007fb6b00000,0x0000007fb6c00000)]
  0x00000265e7741f10 JavaThread "Unconstrained build operations Thread 7" [_thread_blocked, id=7548, stack(0x0000007fb6c00000,0x0000007fb6d00000)]
  0x00000265e773fd60 JavaThread "Unconstrained build operations Thread 8" [_thread_blocked, id=232, stack(0x0000007fb6d00000,0x0000007fb6e00000)]
  0x00000265e773d210 JavaThread "Unconstrained build operations Thread 9" [_thread_blocked, id=9040, stack(0x0000007fb6e00000,0x0000007fb6f00000)]
  0x00000265e7740230 JavaThread "Unconstrained build operations Thread 10" [_thread_blocked, id=10404, stack(0x0000007fb6f00000,0x0000007fb7000000)]
  0x00000265e773e080 JavaThread "Unconstrained build operations Thread 11" [_thread_blocked, id=6724, stack(0x0000007fb5c00000,0x0000007fb5d00000)]
  0x00000265e7741570 JavaThread "Unconstrained build operations Thread 12" [_thread_blocked, id=2272, stack(0x0000007fb7100000,0x0000007fb7200000)]
  0x00000265e77428b0 JavaThread "Unconstrained build operations Thread 13" [_thread_blocked, id=8524, stack(0x0000007fb7200000,0x0000007fb7300000)]
  0x00000265e773c3a0 JavaThread "Unconstrained build operations Thread 14" [_thread_blocked, id=11380, stack(0x0000007fb7300000,0x0000007fb7400000)]
  0x00000265e773e550 JavaThread "Unconstrained build operations Thread 15" [_thread_blocked, id=9816, stack(0x0000007fb7400000,0x0000007fb7500000)]
  0x00000265e773ea20 JavaThread "Unconstrained build operations Thread 16" [_thread_blocked, id=1556, stack(0x0000007fb7500000,0x0000007fb7600000)]
  0x00000265e7741a40 JavaThread "Unconstrained build operations Thread 17" [_thread_blocked, id=8684, stack(0x0000007fb7600000,0x0000007fb7700000)]
  0x00000265e773b060 JavaThread "Unconstrained build operations Thread 18" [_thread_blocked, id=4340, stack(0x0000007fb7700000,0x0000007fb7800000)]
  0x00000265e773bed0 JavaThread "Unconstrained build operations Thread 19" [_thread_blocked, id=5124, stack(0x0000007fb7800000,0x0000007fb7900000)]
  0x00000265e773b530 JavaThread "Unconstrained build operations Thread 20" [_thread_blocked, id=10528, stack(0x0000007fb7900000,0x0000007fb7a00000)]
  0x00000265e3080850 JavaThread "Unconstrained build operations Thread 21" [_thread_blocked, id=9196, stack(0x0000007fb7a00000,0x0000007fb7b00000)]
  0x00000265e3081b90 JavaThread "Unconstrained build operations Thread 22" [_thread_blocked, id=5504, stack(0x0000007fb7b00000,0x0000007fb7c00000)]
  0x00000265e307e1d0 JavaThread "Unconstrained build operations Thread 23" [_thread_blocked, id=4772, stack(0x0000007fb7c00000,0x0000007fb7d00000)]
  0x00000265e307c020 JavaThread "Unconstrained build operations Thread 24" [_thread_blocked, id=10992, stack(0x0000007fb7d00000,0x0000007fb7e00000)]
  0x00000265e307bb50 JavaThread "Unconstrained build operations Thread 25" [_thread_blocked, id=7476, stack(0x0000007fb7e00000,0x0000007fb7f00000)]
  0x00000265e3080d20 JavaThread "Unconstrained build operations Thread 26" [_thread_blocked, id=6676, stack(0x0000007fb7f00000,0x0000007fb8000000)]
  0x00000265e307c4f0 JavaThread "Unconstrained build operations Thread 27" [_thread_blocked, id=10228, stack(0x0000007fb8000000,0x0000007fb8100000)]
  0x00000265e307b680 JavaThread "Unconstrained build operations Thread 28" [_thread_blocked, id=9536, stack(0x0000007fb8100000,0x0000007fb8200000)]
  0x00000265e307dd00 JavaThread "Unconstrained build operations Thread 29" [_thread_blocked, id=3256, stack(0x0000007fb8200000,0x0000007fb8300000)]
  0x00000265e307c9c0 JavaThread "Unconstrained build operations Thread 30" [_thread_blocked, id=10304, stack(0x0000007fb8300000,0x0000007fb8400000)]
  0x00000265e307ce90 JavaThread "Unconstrained build operations Thread 31" [_thread_blocked, id=11284, stack(0x0000007fb8400000,0x0000007fb8500000)]
  0x00000265e307d830 JavaThread "Unconstrained build operations Thread 32" [_thread_blocked, id=9852, stack(0x0000007fb8500000,0x0000007fb8600000)]
  0x00000265e3082060 JavaThread "Unconstrained build operations Thread 33" [_thread_blocked, id=10720, stack(0x0000007fb8600000,0x0000007fb8700000)]
  0x00000265e3080380 JavaThread "Unconstrained build operations Thread 34" [_thread_blocked, id=11660, stack(0x0000007fb8700000,0x0000007fb8800000)]
  0x00000265e307ace0 JavaThread "Unconstrained build operations Thread 35" [_thread_blocked, id=1164, stack(0x0000007fb8800000,0x0000007fb8900000)]
  0x00000265e307d360 JavaThread "Unconstrained build operations Thread 36" [_thread_blocked, id=3396, stack(0x0000007fb8900000,0x0000007fb8a00000)]
  0x00000265e307e6a0 JavaThread "Unconstrained build operations Thread 37" [_thread_blocked, id=5204, stack(0x0000007fb8a00000,0x0000007fb8b00000)]
  0x00000265e307f9e0 JavaThread "Unconstrained build operations Thread 38" [_thread_blocked, id=7672, stack(0x0000007fb8b00000,0x0000007fb8c00000)]
  0x00000265e307a810 JavaThread "Unconstrained build operations Thread 39" [_thread_blocked, id=7220, stack(0x0000007fb8c00000,0x0000007fb8d00000)]
  0x00000265e307b1b0 JavaThread "Unconstrained build operations Thread 40" [_thread_blocked, id=9240, stack(0x0000007fb8d00000,0x0000007fb8e00000)]
  0x00000265e30811f0 JavaThread "Cache worker for Build Output Cleanup Cache (C:\development\flutter_app\mukawwin_3\android\.gradle\buildOutputCleanup)" [_thread_blocked, id=5220, stack(0x0000007fb8f00000,0x0000007fb9000000)]
  0x00000265e931ee90 JavaThread "Cache worker for execution history cache (C:\development\flutter_app\mukawwin_3\android\.gradle\7.5\executionHistory)" [_thread_blocked, id=9864, stack(0x0000007fb9200000,0x0000007fb9300000)]
  0x00000265ece62bf0 JavaThread "WorkerExecutor Queue Thread 2" [_thread_blocked, id=11364, stack(0x0000007fb2b00000,0x0000007fb2c00000)]
  0x00000265ece63f30 JavaThread "WorkerExecutor Queue Thread 4" [_thread_blocked, id=3200, stack(0x0000007fb9600000,0x0000007fb9700000)]
  0x00000265ebb19430 JavaThread "WorkerExecutor Queue Thread 6" [_thread_in_native, id=4468, stack(0x0000007fb9800000,0x0000007fb9900000)]
  0x00000265ed1d11f0 JavaThread "pool-3-thread-1" [_thread_blocked, id=6248, stack(0x0000007fb8e00000,0x0000007fb8f00000)]
  0x00000265ed1d16c0 JavaThread "stderr" [_thread_in_native, id=7308, stack(0x0000007fb9900000,0x0000007fb9a00000)]
  0x00000265ed1d0380 JavaThread "stdout" [_thread_in_native, id=9764, stack(0x0000007fb9a00000,0x0000007fb9b00000)]
  0x00000265ed1d0850 JavaThread "Cache worker for Java compile cache (C:\Users\ALI_S\.gradle\caches\7.5\javaCompile)" [_thread_blocked, id=5056, stack(0x0000007fb9b00000,0x0000007fb9c00000)]
  0x00000265e5e83fa0 JavaThread "Build operations" [_thread_blocked, id=6016, stack(0x0000007fb9c00000,0x0000007fb9d00000)]
  0x00000265ee44b190 JavaThread "Build operations Thread 2" [_thread_blocked, id=8840, stack(0x0000007fb9d00000,0x0000007fb9e00000)]
  0x00000265ee44a320 JavaThread "Build operations Thread 3" [_thread_blocked, id=4812, stack(0x0000007fb9e00000,0x0000007fb9f00000)]
  0x00000265ee44a7f0 JavaThread "Build operations Thread 4" [_thread_blocked, id=4312, stack(0x0000007fb9f00000,0x0000007fba000000)]
  0x00000265e90cdc60 JavaThread "RMI Scheduler(0)" daemon [_thread_blocked, id=11656, stack(0x0000007fb9100000,0x0000007fb9200000)]
  0x00000265ece63a60 JavaThread "RMI RenewClean-[127.0.0.1:17794,org.jetbrains.kotlin.daemon.common.LoopbackNetworkInterface$ClientLoopbackSocketFactory@4db7942d]" daemon [_thread_blocked, id=4656, stack(0x0000007fba000000,0x0000007fba100000)]
  0x00000265e00baca0 JavaThread "RMI GC Daemon" daemon [_thread_blocked, id=5644, stack(0x0000007fba100000,0x0000007fba200000)]
  0x00000265e9321eb0 JavaThread "RMI TCP Accept-0" daemon [_thread_in_native, id=9832, stack(0x0000007fba200000,0x0000007fba300000)]
  0x00000265ee449980 JavaThread "RMI Reaper" [_thread_blocked, id=6464, stack(0x0000007fba300000,0x0000007fba400000)]
  0x00000265ee44c000 JavaThread "RMI TCP Connection(idle)" daemon [_thread_blocked, id=11480, stack(0x0000007fb9700000,0x0000007fb9800000)]
  0x00000265e931db50 JavaThread "WorkerExecutor Queue Thread 8" [_thread_in_native, id=9956, stack(0x0000007fb2a00000,0x0000007fb2b00000)]

Other Threads:
  0x00000265e0211c20 VMThread "VM Thread" [stack: 0x0000007fb3200000,0x0000007fb3300000] [id=2652]
  0x00000265e0dd3800 WatcherThread [stack: 0x0000007fb3e00000,0x0000007fb3f00000] [id=10692]
  0x00000265c0141b30 GCTaskThread "GC Thread#0" [stack: 0x0000007fb2d00000,0x0000007fb2e00000] [id=11456]
  0x00000265e138d900 GCTaskThread "GC Thread#1" [stack: 0x0000007fb3f00000,0x0000007fb4000000] [id=7664]
  0x00000265e138dbb0 GCTaskThread "GC Thread#2" [stack: 0x0000007fb4000000,0x0000007fb4100000] [id=7600]
  0x00000265e18e4f00 GCTaskThread "GC Thread#3" [stack: 0x0000007fb4100000,0x0000007fb4200000] [id=4604]
  0x00000265c0152980 ConcurrentGCThread "G1 Main Marker" [stack: 0x0000007fb2e00000,0x0000007fb2f00000] [id=6992]
  0x00000265c0153a40 ConcurrentGCThread "G1 Conc#0" [stack: 0x0000007fb2f00000,0x0000007fb3000000] [id=7248]
  0x00000265c01902d0 ConcurrentGCThread "G1 Refine#0" [stack: 0x0000007fb3000000,0x0000007fb3100000] [id=2640]
  0x00000265e56f7c20 ConcurrentGCThread "G1 Refine#1" [stack: 0x0000007fb5800000,0x0000007fb5900000] [id=3372]
  0x00000265eeb669f0 ConcurrentGCThread "G1 Refine#2" [stack: 0x0000007fba400000,0x0000007fba500000] [id=1784]
  0x00000265eeb66150 ConcurrentGCThread "G1 Refine#3" [stack: 0x0000007fb9300000,0x0000007fb9400000] [id=11840]
  0x00000265c0191210 ConcurrentGCThread "G1 Service" [stack: 0x0000007fb3100000,0x0000007fb3200000] [id=2148]

Threads with active compile tasks:
C2 CompilerThread0   186418 34993   !   4       sun.reflect.annotation.AnnotationParser::parseAnnotation2 (271 bytes)

VM state: not at safepoint (normal execution)

VM Mutex/Monitor currently owned by a thread: None

Heap address: 0x0000000700000000, size: 4096 MB, Compressed Oops mode: Zero based, Oop shift amount: 3

CDS archive(s) not mapped
Compressed class space mapped at: 0x0000000800000000-0x0000000840000000, reserved size: 1073741824
Narrow klass base: 0x0000000800000000, Narrow klass shift: 0, Narrow klass range: 0x40000000

GC Precious Log:
 CPUs: 4 total, 4 available
 Memory: 8094M
 Large Page Support: Disabled
 NUMA Support: Disabled
 Compressed Oops: Enabled (Zero based)
 Heap Region Size: 2M
 Heap Min Capacity: 8M
 Heap Initial Capacity: 128M
 Heap Max Capacity: 4G
 Pre-touch: Disabled
 Parallel Workers: 4
 Concurrent Workers: 1
 Concurrent Refinement Workers: 4
 Periodic GC: Disabled

Heap:
 garbage-first heap   total 1691648K, used 687741K [0x0000000700000000, 0x0000000800000000)
  region size 2048K, 81 young (165888K), 2 survivors (4096K)
 Metaspace       used 181321K, committed 182912K, reserved 1212416K
  class space    used 23727K, committed 24448K, reserved 1048576K

Heap Regions: E=young(eden), S=young(survivor), O=old, HS=humongous(starts), HC=humongous(continues), CS=collection set, F=free, OA=open archive, CA=closed archive, TAMS=top-at-mark-start (previous, next)
|   0|0x0000000700000000, 0x0000000700200000, 0x0000000700200000|100%|HS|  |TAMS 0x0000000700200000, 0x0000000700000000| Complete 
|   1|0x0000000700200000, 0x0000000700400000, 0x0000000700400000|100%|HC|  |TAMS 0x0000000700400000, 0x0000000700200000| Complete 
|   2|0x0000000700400000, 0x0000000700600000, 0x0000000700600000|100%| O|  |TAMS 0x0000000700600000, 0x0000000700400000| Untracked 
|   3|0x0000000700600000, 0x00000007007d7400, 0x0000000700800000| 92%| O|  |TAMS 0x00000007007d7400, 0x0000000700600000| Untracked 
|   4|0x0000000700800000, 0x0000000700a00000, 0x0000000700a00000|100%| O|  |TAMS 0x0000000700a00000, 0x0000000700800000| Untracked 
|   5|0x0000000700a00000, 0x0000000700c00000, 0x0000000700c00000|100%| O|  |TAMS 0x0000000700c00000, 0x0000000700a00000| Untracked 
|   6|0x0000000700c00000, 0x0000000700e00000, 0x0000000700e00000|100%| O|  |TAMS 0x0000000700e00000, 0x0000000700c00000| Untracked 
|   7|0x0000000700e00000, 0x0000000701000000, 0x0000000701000000|100%| O|  |TAMS 0x0000000701000000, 0x0000000700e00000| Untracked 
|   8|0x0000000701000000, 0x0000000701200000, 0x0000000701200000|100%| O|  |TAMS 0x0000000701200000, 0x0000000701000000| Untracked 
|   9|0x0000000701200000, 0x0000000701400000, 0x0000000701400000|100%| O|  |TAMS 0x0000000701400000, 0x0000000701200000| Untracked 
|  10|0x0000000701400000, 0x0000000701600000, 0x0000000701600000|100%| O|  |TAMS 0x0000000701600000, 0x0000000701400000| Untracked 
|  11|0x0000000701600000, 0x0000000701800000, 0x0000000701800000|100%| O|  |TAMS 0x0000000701800000, 0x0000000701600000| Untracked 
|  12|0x0000000701800000, 0x0000000701a00000, 0x0000000701a00000|100%| O|  |TAMS 0x0000000701a00000, 0x0000000701800000| Untracked 
|  13|0x0000000701a00000, 0x0000000701c00000, 0x0000000701c00000|100%| O|  |TAMS 0x0000000701c00000, 0x0000000701a00000| Untracked 
|  14|0x0000000701c00000, 0x0000000701e00000, 0x0000000701e00000|100%| O|  |TAMS 0x0000000701e00000, 0x0000000701c00000| Untracked 
|  15|0x0000000701e00000, 0x0000000702000000, 0x0000000702000000|100%| O|  |TAMS 0x0000000702000000, 0x0000000701e00000| Untracked 
|  16|0x0000000702000000, 0x0000000702200000, 0x0000000702200000|100%| O|  |TAMS 0x0000000702200000, 0x0000000702000000| Untracked 
|  17|0x0000000702200000, 0x0000000702400000, 0x0000000702400000|100%| O|  |TAMS 0x0000000702400000, 0x0000000702200000| Untracked 
|  18|0x0000000702400000, 0x0000000702600000, 0x0000000702600000|100%| O|  |TAMS 0x0000000702600000, 0x0000000702400000| Untracked 
|  19|0x0000000702600000, 0x0000000702800000, 0x0000000702800000|100%| O|  |TAMS 0x0000000702800000, 0x0000000702600000| Untracked 
|  20|0x0000000702800000, 0x0000000702a00000, 0x0000000702a00000|100%| O|  |TAMS 0x0000000702a00000, 0x0000000702800000| Untracked 
|  21|0x0000000702a00000, 0x0000000702c00000, 0x0000000702c00000|100%| O|  |TAMS 0x0000000702c00000, 0x0000000702a00000| Untracked 
|  22|0x0000000702c00000, 0x0000000702e00000, 0x0000000702e00000|100%| O|  |TAMS 0x0000000702e00000, 0x0000000702c00000| Untracked 
|  23|0x0000000702e00000, 0x0000000703000000, 0x0000000703000000|100%| O|  |TAMS 0x0000000703000000, 0x0000000702e00000| Untracked 
|  24|0x0000000703000000, 0x0000000703200000, 0x0000000703200000|100%|HS|  |TAMS 0x0000000703200000, 0x0000000703000000| Complete 
|  25|0x0000000703200000, 0x0000000703400000, 0x0000000703400000|100%| O|  |TAMS 0x0000000703400000, 0x0000000703200000| Untracked 
|  26|0x0000000703400000, 0x0000000703600000, 0x0000000703600000|100%| O|  |TAMS 0x0000000703600000, 0x0000000703400000| Untracked 
|  27|0x0000000703600000, 0x0000000703800000, 0x0000000703800000|100%|HS|  |TAMS 0x0000000703800000, 0x0000000703600000| Complete 
|  28|0x0000000703800000, 0x0000000703a00000, 0x0000000703a00000|100%|HC|  |TAMS 0x0000000703a00000, 0x0000000703800000| Complete 
|  29|0x0000000703a00000, 0x0000000703c00000, 0x0000000703c00000|100%| O|  |TAMS 0x0000000703c00000, 0x0000000703a00000| Untracked 
|  30|0x0000000703c00000, 0x0000000703e00000, 0x0000000703e00000|100%| O|  |TAMS 0x0000000703e00000, 0x0000000703c00000| Untracked 
|  31|0x0000000703e00000, 0x0000000704000000, 0x0000000704000000|100%| O|  |TAMS 0x0000000704000000, 0x0000000703e00000| Untracked 
|  32|0x0000000704000000, 0x0000000704200000, 0x0000000704200000|100%| O|  |TAMS 0x0000000704200000, 0x0000000704000000| Untracked 
|  33|0x0000000704200000, 0x0000000704400000, 0x0000000704400000|100%| O|  |TAMS 0x0000000704400000, 0x0000000704200000| Untracked 
|  34|0x0000000704400000, 0x0000000704600000, 0x0000000704600000|100%| O|  |TAMS 0x0000000704600000, 0x0000000704400000| Untracked 
|  35|0x0000000704600000, 0x0000000704800000, 0x0000000704800000|100%| O|  |TAMS 0x0000000704800000, 0x0000000704600000| Untracked 
|  36|0x0000000704800000, 0x0000000704a00000, 0x0000000704a00000|100%| O|  |TAMS 0x0000000704a00000, 0x0000000704800000| Untracked 
|  37|0x0000000704a00000, 0x0000000704c00000, 0x0000000704c00000|100%| O|  |TAMS 0x0000000704c00000, 0x0000000704a00000| Untracked 
|  38|0x0000000704c00000, 0x0000000704e00000, 0x0000000704e00000|100%| O|  |TAMS 0x0000000704e00000, 0x0000000704c00000| Untracked 
|  39|0x0000000704e00000, 0x0000000705000000, 0x0000000705000000|100%| O|  |TAMS 0x0000000705000000, 0x0000000704e00000| Untracked 
|  40|0x0000000705000000, 0x0000000705200000, 0x0000000705200000|100%| O|  |TAMS 0x0000000705200000, 0x0000000705000000| Untracked 
|  41|0x0000000705200000, 0x0000000705400000, 0x0000000705400000|100%| O|  |TAMS 0x0000000705400000, 0x0000000705200000| Untracked 
|  42|0x0000000705400000, 0x0000000705600000, 0x0000000705600000|100%| O|  |TAMS 0x0000000705600000, 0x0000000705400000| Untracked 
|  43|0x0000000705600000, 0x0000000705800000, 0x0000000705800000|100%| O|  |TAMS 0x0000000705800000, 0x0000000705600000| Untracked 
|  44|0x0000000705800000, 0x0000000705a00000, 0x0000000705a00000|100%| O|  |TAMS 0x0000000705a00000, 0x0000000705800000| Untracked 
|  45|0x0000000705a00000, 0x0000000705c00000, 0x0000000705c00000|100%| O|  |TAMS 0x0000000705c00000, 0x0000000705a00000| Untracked 
|  46|0x0000000705c00000, 0x0000000705e00000, 0x0000000705e00000|100%| O|  |TAMS 0x0000000705e00000, 0x0000000705c00000| Untracked 
|  47|0x0000000705e00000, 0x0000000706000000, 0x0000000706000000|100%| O|  |TAMS 0x0000000706000000, 0x0000000705e00000| Untracked 
|  48|0x0000000706000000, 0x0000000706200000, 0x0000000706200000|100%| O|  |TAMS 0x0000000706200000, 0x0000000706000000| Untracked 
|  49|0x0000000706200000, 0x0000000706400000, 0x0000000706400000|100%| O|  |TAMS 0x0000000706400000, 0x0000000706200000| Untracked 
|  50|0x0000000706400000, 0x0000000706600000, 0x0000000706600000|100%| O|  |TAMS 0x0000000706600000, 0x0000000706400000| Untracked 
|  51|0x0000000706600000, 0x0000000706800000, 0x0000000706800000|100%| O|  |TAMS 0x0000000706800000, 0x0000000706600000| Untracked 
|  52|0x0000000706800000, 0x0000000706a00000, 0x0000000706a00000|100%| O|  |TAMS 0x0000000706a00000, 0x0000000706800000| Untracked 
|  53|0x0000000706a00000, 0x0000000706c00000, 0x0000000706c00000|100%| O|  |TAMS 0x0000000706c00000, 0x0000000706a00000| Untracked 
|  54|0x0000000706c00000, 0x0000000706e00000, 0x0000000706e00000|100%| O|  |TAMS 0x0000000706e00000, 0x0000000706c00000| Untracked 
|  55|0x0000000706e00000, 0x0000000707000000, 0x0000000707000000|100%| O|  |TAMS 0x0000000707000000, 0x0000000706e00000| Untracked 
|  56|0x0000000707000000, 0x0000000707200000, 0x0000000707200000|100%|HS|  |TAMS 0x0000000707000000, 0x0000000707000000| Complete 
|  57|0x0000000707200000, 0x0000000707400000, 0x0000000707400000|100%| O|  |TAMS 0x0000000707400000, 0x0000000707200000| Untracked 
|  58|0x0000000707400000, 0x0000000707600000, 0x0000000707600000|100%| O|  |TAMS 0x0000000707600000, 0x0000000707400000| Untracked 
|  59|0x0000000707600000, 0x0000000707800000, 0x0000000707800000|100%| O|  |TAMS 0x0000000707800000, 0x0000000707600000| Untracked 
|  60|0x0000000707800000, 0x0000000707a00000, 0x0000000707a00000|100%| O|  |TAMS 0x0000000707a00000, 0x0000000707800000| Untracked 
|  61|0x0000000707a00000, 0x0000000707c00000, 0x0000000707c00000|100%| O|  |TAMS 0x0000000707c00000, 0x0000000707a00000| Untracked 
|  62|0x0000000707c00000, 0x0000000707e00000, 0x0000000707e00000|100%| O|  |TAMS 0x0000000707e00000, 0x0000000707c00000| Untracked 
|  63|0x0000000707e00000, 0x0000000708000000, 0x0000000708000000|100%| O|  |TAMS 0x0000000708000000, 0x0000000707e00000| Untracked 
|  64|0x0000000708000000, 0x0000000708200000, 0x0000000708200000|100%| O|  |TAMS 0x0000000708200000, 0x0000000708000000| Untracked 
|  65|0x0000000708200000, 0x0000000708400000, 0x0000000708400000|100%| O|  |TAMS 0x0000000708400000, 0x0000000708200000| Untracked 
|  66|0x0000000708400000, 0x0000000708600000, 0x0000000708600000|100%| O|  |TAMS 0x0000000708600000, 0x0000000708400000| Untracked 
|  67|0x0000000708600000, 0x0000000708800000, 0x0000000708800000|100%| O|  |TAMS 0x0000000708800000, 0x0000000708600000| Untracked 
|  68|0x0000000708800000, 0x0000000708a00000, 0x0000000708a00000|100%| O|  |TAMS 0x0000000708a00000, 0x0000000708800000| Untracked 
|  69|0x0000000708a00000, 0x0000000708c00000, 0x0000000708c00000|100%| O|  |TAMS 0x0000000708c00000, 0x0000000708a00000| Untracked 
|  70|0x0000000708c00000, 0x0000000708e00000, 0x0000000708e00000|100%| O|  |TAMS 0x0000000708e00000, 0x0000000708c00000| Untracked 
|  71|0x0000000708e00000, 0x0000000709000000, 0x0000000709000000|100%| O|  |TAMS 0x0000000709000000, 0x0000000708e00000| Untracked 
|  72|0x0000000709000000, 0x0000000709200000, 0x0000000709200000|100%| O|  |TAMS 0x0000000709200000, 0x0000000709000000| Untracked 
|  73|0x0000000709200000, 0x0000000709400000, 0x0000000709400000|100%| O|  |TAMS 0x0000000709400000, 0x0000000709200000| Untracked 
|  74|0x0000000709400000, 0x0000000709600000, 0x0000000709600000|100%| O|  |TAMS 0x0000000709600000, 0x0000000709400000| Untracked 
|  75|0x0000000709600000, 0x0000000709800000, 0x0000000709800000|100%| O|  |TAMS 0x0000000709800000, 0x0000000709600000| Untracked 
|  76|0x0000000709800000, 0x0000000709a00000, 0x0000000709a00000|100%| O|  |TAMS 0x0000000709a00000, 0x0000000709800000| Untracked 
|  77|0x0000000709a00000, 0x0000000709c00000, 0x0000000709c00000|100%| O|  |TAMS 0x0000000709c00000, 0x0000000709a00000| Untracked 
|  78|0x0000000709c00000, 0x0000000709e00000, 0x0000000709e00000|100%| O|  |TAMS 0x0000000709e00000, 0x0000000709c00000| Untracked 
|  79|0x0000000709e00000, 0x000000070a000000, 0x000000070a000000|100%| O|  |TAMS 0x000000070a000000, 0x0000000709e00000| Untracked 
|  80|0x000000070a000000, 0x000000070a200000, 0x000000070a200000|100%| O|  |TAMS 0x000000070a200000, 0x000000070a000000| Untracked 
|  81|0x000000070a200000, 0x000000070a400000, 0x000000070a400000|100%| O|  |TAMS 0x000000070a400000, 0x000000070a200000| Untracked 
|  82|0x000000070a400000, 0x000000070a600000, 0x000000070a600000|100%|HS|  |TAMS 0x000000070a600000, 0x000000070a400000| Complete 
|  83|0x000000070a600000, 0x000000070a800000, 0x000000070a800000|100%| O|  |TAMS 0x000000070a800000, 0x000000070a600000| Untracked 
|  84|0x000000070a800000, 0x000000070aa00000, 0x000000070aa00000|100%| O|  |TAMS 0x000000070aa00000, 0x000000070a800000| Untracked 
|  85|0x000000070aa00000, 0x000000070ac00000, 0x000000070ac00000|100%| O|  |TAMS 0x000000070ac00000, 0x000000070aa00000| Untracked 
|  86|0x000000070ac00000, 0x000000070ae00000, 0x000000070ae00000|100%| O|  |TAMS 0x000000070ae00000, 0x000000070ac00000| Untracked 
|  87|0x000000070ae00000, 0x000000070b000000, 0x000000070b000000|100%| O|  |TAMS 0x000000070b000000, 0x000000070ae00000| Untracked 
|  88|0x000000070b000000, 0x000000070b200000, 0x000000070b200000|100%|HS|  |TAMS 0x000000070b200000, 0x000000070b000000| Complete 
|  89|0x000000070b200000, 0x000000070b400000, 0x000000070b400000|100%| O|  |TAMS 0x000000070b400000, 0x000000070b200000| Untracked 
|  90|0x000000070b400000, 0x000000070b600000, 0x000000070b600000|100%| O|  |TAMS 0x000000070b600000, 0x000000070b400000| Untracked 
|  91|0x000000070b600000, 0x000000070b800000, 0x000000070b800000|100%| O|  |TAMS 0x000000070b800000, 0x000000070b600000| Untracked 
|  92|0x000000070b800000, 0x000000070ba00000, 0x000000070ba00000|100%| O|  |TAMS 0x000000070ba00000, 0x000000070b800000| Untracked 
|  93|0x000000070ba00000, 0x000000070bc00000, 0x000000070bc00000|100%| O|  |TAMS 0x000000070bc00000, 0x000000070ba00000| Untracked 
|  94|0x000000070bc00000, 0x000000070be00000, 0x000000070be00000|100%|HS|  |TAMS 0x000000070be00000, 0x000000070bc00000| Complete 
|  95|0x000000070be00000, 0x000000070c000000, 0x000000070c000000|100%|HS|  |TAMS 0x000000070c000000, 0x000000070be00000| Complete 
|  96|0x000000070c000000, 0x000000070c200000, 0x000000070c200000|100%| O|  |TAMS 0x000000070c200000, 0x000000070c000000| Untracked 
|  97|0x000000070c200000, 0x000000070c400000, 0x000000070c400000|100%| O|  |TAMS 0x000000070c400000, 0x000000070c200000| Untracked 
|  98|0x000000070c400000, 0x000000070c600000, 0x000000070c600000|100%| O|  |TAMS 0x000000070c600000, 0x000000070c400000| Untracked 
|  99|0x000000070c600000, 0x000000070c800000, 0x000000070c800000|100%|HS|  |TAMS 0x000000070c800000, 0x000000070c600000| Complete 
| 100|0x000000070c800000, 0x000000070ca00000, 0x000000070ca00000|100%|HS|  |TAMS 0x000000070ca00000, 0x000000070c800000| Complete 
| 101|0x000000070ca00000, 0x000000070cc00000, 0x000000070cc00000|100%|HS|  |TAMS 0x000000070cc00000, 0x000000070ca00000| Complete 
| 102|0x000000070cc00000, 0x000000070ce00000, 0x000000070ce00000|100%|HC|  |TAMS 0x000000070ce00000, 0x000000070cc00000| Complete 
| 103|0x000000070ce00000, 0x000000070d000000, 0x000000070d000000|100%| O|  |TAMS 0x000000070d000000, 0x000000070ce00000| Untracked 
| 104|0x000000070d000000, 0x000000070d200000, 0x000000070d200000|100%| O|  |TAMS 0x000000070d200000, 0x000000070d000000| Untracked 
| 105|0x000000070d200000, 0x000000070d400000, 0x000000070d400000|100%| O|  |TAMS 0x000000070d400000, 0x000000070d200000| Untracked 
| 106|0x000000070d400000, 0x000000070d600000, 0x000000070d600000|100%| O|  |TAMS 0x000000070d600000, 0x000000070d400000| Untracked 
| 107|0x000000070d600000, 0x000000070d800000, 0x000000070d800000|100%| O|  |TAMS 0x000000070d800000, 0x000000070d600000| Untracked 
| 108|0x000000070d800000, 0x000000070da00000, 0x000000070da00000|100%| O|  |TAMS 0x000000070da00000, 0x000000070d800000| Untracked 
| 109|0x000000070da00000, 0x000000070dc00000, 0x000000070dc00000|100%| O|  |TAMS 0x000000070dc00000, 0x000000070da00000| Untracked 
| 110|0x000000070dc00000, 0x000000070de00000, 0x000000070de00000|100%|HS|  |TAMS 0x000000070de00000, 0x000000070dc00000| Complete 
| 111|0x000000070de00000, 0x000000070e000000, 0x000000070e000000|100%|HC|  |TAMS 0x000000070e000000, 0x000000070de00000| Complete 
| 112|0x000000070e000000, 0x000000070e200000, 0x000000070e200000|100%|HS|  |TAMS 0x000000070e000000, 0x000000070e000000| Complete 
| 113|0x000000070e200000, 0x000000070e400000, 0x000000070e400000|100%| O|  |TAMS 0x000000070e400000, 0x000000070e200000| Untracked 
| 114|0x000000070e400000, 0x000000070e600000, 0x000000070e600000|100%| O|  |TAMS 0x000000070e400000, 0x000000070e400000| Untracked 
| 115|0x000000070e600000, 0x000000070e800000, 0x000000070e800000|100%| O|  |TAMS 0x000000070e800000, 0x000000070e600000| Untracked 
| 116|0x000000070e800000, 0x000000070ea00000, 0x000000070ea00000|100%|HS|  |TAMS 0x000000070ea00000, 0x000000070e800000| Complete 
| 117|0x000000070ea00000, 0x000000070ec00000, 0x000000070ec00000|100%|HS|  |TAMS 0x000000070ea00000, 0x000000070ea00000| Complete 
| 118|0x000000070ec00000, 0x000000070ee00000, 0x000000070ee00000|100%| O|  |TAMS 0x000000070ee00000, 0x000000070ec00000| Untracked 
| 119|0x000000070ee00000, 0x000000070f000000, 0x000000070f000000|100%|HS|  |TAMS 0x000000070ee00000, 0x000000070ee00000| Complete 
| 120|0x000000070f000000, 0x000000070f200000, 0x000000070f200000|100%| O|  |TAMS 0x000000070f200000, 0x000000070f000000| Untracked 
| 121|0x000000070f200000, 0x000000070f400000, 0x000000070f400000|100%| O|  |TAMS 0x000000070f400000, 0x000000070f200000| Untracked 
| 122|0x000000070f400000, 0x000000070f600000, 0x000000070f600000|100%| O|  |TAMS 0x000000070f600000, 0x000000070f400000| Untracked 
| 123|0x000000070f600000, 0x000000070f800000, 0x000000070f800000|100%| O|  |TAMS 0x000000070f600000, 0x000000070f600000| Untracked 
| 124|0x000000070f800000, 0x000000070fa00000, 0x000000070fa00000|100%| O|  |TAMS 0x000000070f800000, 0x000000070f800000| Untracked 
| 125|0x000000070fa00000, 0x000000070fc00000, 0x000000070fc00000|100%| O|  |TAMS 0x000000070fc00000, 0x000000070fa00000| Untracked 
| 126|0x000000070fc00000, 0x000000070fe00000, 0x000000070fe00000|100%| O|  |TAMS 0x000000070fe00000, 0x000000070fc00000| Untracked 
| 127|0x000000070fe00000, 0x0000000710000000, 0x0000000710000000|100%| O|  |TAMS 0x0000000710000000, 0x000000070fe00000| Untracked 
| 128|0x0000000710000000, 0x0000000710200000, 0x0000000710200000|100%|HS|  |TAMS 0x0000000710000000, 0x0000000710000000| Complete 
| 129|0x0000000710200000, 0x0000000710400000, 0x0000000710400000|100%|HS|  |TAMS 0x0000000710200000, 0x0000000710200000| Complete 
| 130|0x0000000710400000, 0x0000000710600000, 0x0000000710600000|100%|HS|  |TAMS 0x0000000710600000, 0x0000000710400000| Complete 
| 131|0x0000000710600000, 0x0000000710800000, 0x0000000710800000|100%|HS|  |TAMS 0x0000000710800000, 0x0000000710600000| Complete 
| 132|0x0000000710800000, 0x0000000710a00000, 0x0000000710a00000|100%|HS|  |TAMS 0x0000000710800000, 0x0000000710800000| Complete 
| 133|0x0000000710a00000, 0x0000000710c00000, 0x0000000710c00000|100%| O|  |TAMS 0x0000000710c00000, 0x0000000710a00000| Untracked 
| 134|0x0000000710c00000, 0x0000000710e00000, 0x0000000710e00000|100%| O|  |TAMS 0x0000000710e00000, 0x0000000710c00000| Untracked 
| 135|0x0000000710e00000, 0x0000000711000000, 0x0000000711000000|100%| O|  |TAMS 0x0000000711000000, 0x0000000710e00000| Untracked 
| 136|0x0000000711000000, 0x0000000711200000, 0x0000000711200000|100%| O|  |TAMS 0x0000000711200000, 0x0000000711000000| Untracked 
| 137|0x0000000711200000, 0x0000000711400000, 0x0000000711400000|100%|HS|  |TAMS 0x0000000711200000, 0x0000000711200000| Complete 
| 138|0x0000000711400000, 0x0000000711600000, 0x0000000711600000|100%|HC|  |TAMS 0x0000000711400000, 0x0000000711400000| Complete 
| 139|0x0000000711600000, 0x0000000711800000, 0x0000000711800000|100%| O|  |TAMS 0x0000000711800000, 0x0000000711600000| Untracked 
| 140|0x0000000711800000, 0x0000000711a00000, 0x0000000711a00000|100%| O|  |TAMS 0x0000000711a00000, 0x0000000711800000| Untracked 
| 141|0x0000000711a00000, 0x0000000711c00000, 0x0000000711c00000|100%| O|  |TAMS 0x0000000711c00000, 0x0000000711a00000| Untracked 
| 142|0x0000000711c00000, 0x0000000711e00000, 0x0000000711e00000|100%| O|  |TAMS 0x0000000711e00000, 0x0000000711c00000| Untracked 
| 143|0x0000000711e00000, 0x0000000712000000, 0x0000000712000000|100%| O|  |TAMS 0x0000000712000000, 0x0000000711e00000| Untracked 
| 144|0x0000000712000000, 0x0000000712200000, 0x0000000712200000|100%| O|  |TAMS 0x0000000712200000, 0x0000000712000000| Untracked 
| 145|0x0000000712200000, 0x0000000712400000, 0x0000000712400000|100%| O|  |TAMS 0x0000000712400000, 0x0000000712200000| Untracked 
| 146|0x0000000712400000, 0x0000000712600000, 0x0000000712600000|100%| O|  |TAMS 0x0000000712600000, 0x0000000712400000| Untracked 
| 147|0x0000000712600000, 0x0000000712800000, 0x0000000712800000|100%| O|  |TAMS 0x0000000712800000, 0x0000000712600000| Untracked 
| 148|0x0000000712800000, 0x0000000712a00000, 0x0000000712a00000|100%| O|  |TAMS 0x0000000712a00000, 0x0000000712800000| Untracked 
| 149|0x0000000712a00000, 0x0000000712c00000, 0x0000000712c00000|100%|HS|  |TAMS 0x0000000712a00000, 0x0000000712a00000| Complete 
| 150|0x0000000712c00000, 0x0000000712e00000, 0x0000000712e00000|100%|HS|  |TAMS 0x0000000712c00000, 0x0000000712c00000| Complete 
| 151|0x0000000712e00000, 0x0000000713000000, 0x0000000713000000|100%|HS|  |TAMS 0x0000000712e00000, 0x0000000712e00000| Complete 
| 152|0x0000000713000000, 0x0000000713000000, 0x0000000713200000|  0%| F|  |TAMS 0x0000000713000000, 0x0000000713000000| Untracked 
| 153|0x0000000713200000, 0x0000000713200000, 0x0000000713400000|  0%| F|  |TAMS 0x0000000713200000, 0x0000000713200000| Untracked 
| 154|0x0000000713400000, 0x0000000713400000, 0x0000000713600000|  0%| F|  |TAMS 0x0000000713400000, 0x0000000713400000| Untracked 
| 155|0x0000000713600000, 0x0000000713800000, 0x0000000713800000|100%| O|  |TAMS 0x0000000713800000, 0x0000000713600000| Untracked 
| 156|0x0000000713800000, 0x0000000713a00000, 0x0000000713a00000|100%| O|  |TAMS 0x0000000713a00000, 0x0000000713800000| Untracked 
| 157|0x0000000713a00000, 0x0000000713c00000, 0x0000000713c00000|100%| O|  |TAMS 0x0000000713c00000, 0x0000000713a00000| Untracked 
| 158|0x0000000713c00000, 0x0000000713e00000, 0x0000000713e00000|100%| O|  |TAMS 0x0000000713e00000, 0x0000000713c00000| Untracked 
| 159|0x0000000713e00000, 0x0000000714000000, 0x0000000714000000|100%| O|  |TAMS 0x0000000714000000, 0x0000000713e00000| Untracked 
| 160|0x0000000714000000, 0x0000000714200000, 0x0000000714200000|100%| O|  |TAMS 0x0000000714200000, 0x0000000714000000| Untracked 
| 161|0x0000000714200000, 0x0000000714400000, 0x0000000714400000|100%| O|  |TAMS 0x0000000714400000, 0x0000000714200000| Untracked 
| 162|0x0000000714400000, 0x0000000714600000, 0x0000000714600000|100%| O|  |TAMS 0x0000000714600000, 0x0000000714400000| Untracked 
| 163|0x0000000714600000, 0x0000000714800000, 0x0000000714800000|100%| O|  |TAMS 0x0000000714800000, 0x0000000714600000| Untracked 
| 164|0x0000000714800000, 0x0000000714a00000, 0x0000000714a00000|100%| O|  |TAMS 0x0000000714a00000, 0x0000000714800000| Untracked 
| 165|0x0000000714a00000, 0x0000000714c00000, 0x0000000714c00000|100%| O|  |TAMS 0x0000000714c00000, 0x0000000714a00000| Untracked 
| 166|0x0000000714c00000, 0x0000000714e00000, 0x0000000714e00000|100%| O|  |TAMS 0x0000000714e00000, 0x0000000714c00000| Untracked 
| 167|0x0000000714e00000, 0x0000000715000000, 0x0000000715000000|100%| O|  |TAMS 0x0000000715000000, 0x0000000714e00000| Untracked 
| 168|0x0000000715000000, 0x0000000715200000, 0x0000000715200000|100%| O|  |TAMS 0x0000000715200000, 0x0000000715000000| Untracked 
| 169|0x0000000715200000, 0x0000000715400000, 0x0000000715400000|100%| O|  |TAMS 0x0000000715400000, 0x0000000715200000| Untracked 
| 170|0x0000000715400000, 0x0000000715600000, 0x0000000715600000|100%| O|  |TAMS 0x0000000715600000, 0x0000000715400000| Untracked 
| 171|0x0000000715600000, 0x0000000715800000, 0x0000000715800000|100%| O|  |TAMS 0x0000000715800000, 0x0000000715600000| Untracked 
| 172|0x0000000715800000, 0x0000000715a00000, 0x0000000715a00000|100%| O|  |TAMS 0x0000000715a00000, 0x0000000715800000| Untracked 
| 173|0x0000000715a00000, 0x0000000715c00000, 0x0000000715c00000|100%| O|  |TAMS 0x0000000715c00000, 0x0000000715a00000| Untracked 
| 174|0x0000000715c00000, 0x0000000715e00000, 0x0000000715e00000|100%| O|  |TAMS 0x0000000715e00000, 0x0000000715c00000| Untracked 
| 175|0x0000000715e00000, 0x0000000716000000, 0x0000000716000000|100%| O|  |TAMS 0x0000000716000000, 0x0000000715e00000| Untracked 
| 176|0x0000000716000000, 0x0000000716200000, 0x0000000716200000|100%| O|  |TAMS 0x0000000716200000, 0x0000000716000000| Untracked 
| 177|0x0000000716200000, 0x0000000716400000, 0x0000000716400000|100%| O|  |TAMS 0x0000000716400000, 0x0000000716200000| Untracked 
| 178|0x0000000716400000, 0x0000000716600000, 0x0000000716600000|100%| O|  |TAMS 0x0000000716600000, 0x0000000716400000| Untracked 
| 179|0x0000000716600000, 0x0000000716800000, 0x0000000716800000|100%| O|  |TAMS 0x0000000716800000, 0x0000000716600000| Untracked 
| 180|0x0000000716800000, 0x0000000716a00000, 0x0000000716a00000|100%| O|  |TAMS 0x0000000716a00000, 0x0000000716800000| Untracked 
| 181|0x0000000716a00000, 0x0000000716c00000, 0x0000000716c00000|100%| O|  |TAMS 0x0000000716c00000, 0x0000000716a00000| Untracked 
| 182|0x0000000716c00000, 0x0000000716e00000, 0x0000000716e00000|100%| O|  |TAMS 0x0000000716e00000, 0x0000000716c00000| Untracked 
| 183|0x0000000716e00000, 0x0000000717000000, 0x0000000717000000|100%| O|  |TAMS 0x0000000717000000, 0x0000000716e00000| Untracked 
| 184|0x0000000717000000, 0x0000000717200000, 0x0000000717200000|100%| O|  |TAMS 0x0000000717200000, 0x0000000717000000| Untracked 
| 185|0x0000000717200000, 0x0000000717200000, 0x0000000717400000|  0%| F|  |TAMS 0x0000000717200000, 0x0000000717200000| Untracked 
| 186|0x0000000717400000, 0x0000000717600000, 0x0000000717600000|100%| O|  |TAMS 0x0000000717600000, 0x0000000717400000| Untracked 
| 187|0x0000000717600000, 0x0000000717800000, 0x0000000717800000|100%| O|  |TAMS 0x0000000717800000, 0x0000000717600000| Untracked 
| 188|0x0000000717800000, 0x0000000717a00000, 0x0000000717a00000|100%| O|  |TAMS 0x0000000717a00000, 0x0000000717800000| Untracked 
| 189|0x0000000717a00000, 0x0000000717c00000, 0x0000000717c00000|100%| O|  |TAMS 0x0000000717c00000, 0x0000000717a00000| Untracked 
| 190|0x0000000717c00000, 0x0000000717e00000, 0x0000000717e00000|100%| O|  |TAMS 0x0000000717e00000, 0x0000000717c00000| Untracked 
| 191|0x0000000717e00000, 0x0000000718000000, 0x0000000718000000|100%| O|  |TAMS 0x0000000718000000, 0x0000000717e00000| Untracked 
| 192|0x0000000718000000, 0x0000000718200000, 0x0000000718200000|100%| O|  |TAMS 0x0000000718200000, 0x0000000718000000| Untracked 
| 193|0x0000000718200000, 0x0000000718400000, 0x0000000718400000|100%| O|  |TAMS 0x0000000718400000, 0x0000000718200000| Untracked 
| 194|0x0000000718400000, 0x0000000718600000, 0x0000000718600000|100%| O|  |TAMS 0x0000000718600000, 0x0000000718400000| Untracked 
| 195|0x0000000718600000, 0x0000000718800000, 0x0000000718800000|100%| O|  |TAMS 0x0000000718800000, 0x0000000718600000| Untracked 
| 196|0x0000000718800000, 0x0000000718a00000, 0x0000000718a00000|100%| O|  |TAMS 0x0000000718a00000, 0x0000000718800000| Untracked 
| 197|0x0000000718a00000, 0x0000000718c00000, 0x0000000718c00000|100%|HS|  |TAMS 0x0000000718c00000, 0x0000000718a00000| Complete 
| 198|0x0000000718c00000, 0x0000000718e00000, 0x0000000718e00000|100%| O|  |TAMS 0x0000000718e00000, 0x0000000718c00000| Untracked 
| 199|0x0000000718e00000, 0x0000000719000000, 0x0000000719000000|100%| O|  |TAMS 0x0000000719000000, 0x0000000718e00000| Untracked 
| 200|0x0000000719000000, 0x0000000719200000, 0x0000000719200000|100%| O|  |TAMS 0x0000000719200000, 0x0000000719000000| Untracked 
| 201|0x0000000719200000, 0x0000000719400000, 0x0000000719400000|100%| O|  |TAMS 0x0000000719400000, 0x0000000719200000| Untracked 
| 202|0x0000000719400000, 0x0000000719600000, 0x0000000719600000|100%| O|  |TAMS 0x0000000719600000, 0x0000000719400000| Untracked 
| 203|0x0000000719600000, 0x0000000719800000, 0x0000000719800000|100%| O|  |TAMS 0x0000000719800000, 0x0000000719600000| Untracked 
| 204|0x0000000719800000, 0x0000000719a00000, 0x0000000719a00000|100%| O|  |TAMS 0x0000000719a00000, 0x0000000719800000| Untracked 
| 205|0x0000000719a00000, 0x0000000719c00000, 0x0000000719c00000|100%| O|  |TAMS 0x0000000719c00000, 0x0000000719a00000| Untracked 
| 206|0x0000000719c00000, 0x0000000719e00000, 0x0000000719e00000|100%| O|  |TAMS 0x0000000719e00000, 0x0000000719c00000| Untracked 
| 207|0x0000000719e00000, 0x000000071a000000, 0x000000071a000000|100%| O|  |TAMS 0x000000071a000000, 0x0000000719e00000| Untracked 
| 208|0x000000071a000000, 0x000000071a200000, 0x000000071a200000|100%| O|  |TAMS 0x000000071a200000, 0x000000071a000000| Untracked 
| 209|0x000000071a200000, 0x000000071a400000, 0x000000071a400000|100%| O|  |TAMS 0x000000071a400000, 0x000000071a200000| Untracked 
| 210|0x000000071a400000, 0x000000071a600000, 0x000000071a600000|100%| O|  |TAMS 0x000000071a600000, 0x000000071a400000| Untracked 
| 211|0x000000071a600000, 0x000000071a800000, 0x000000071a800000|100%| O|  |TAMS 0x000000071a800000, 0x000000071a600000| Untracked 
| 212|0x000000071a800000, 0x000000071aa00000, 0x000000071aa00000|100%| O|  |TAMS 0x000000071aa00000, 0x000000071a800000| Untracked 
| 213|0x000000071aa00000, 0x000000071ac00000, 0x000000071ac00000|100%| O|  |TAMS 0x000000071ac00000, 0x000000071aa00000| Untracked 
| 214|0x000000071ac00000, 0x000000071ae00000, 0x000000071ae00000|100%| O|  |TAMS 0x000000071ae00000, 0x000000071ac00000| Untracked 
| 215|0x000000071ae00000, 0x000000071b000000, 0x000000071b000000|100%| O|  |TAMS 0x000000071b000000, 0x000000071ae00000| Untracked 
| 216|0x000000071b000000, 0x000000071b200000, 0x000000071b200000|100%| O|  |TAMS 0x000000071b200000, 0x000000071b000000| Untracked 
| 217|0x000000071b200000, 0x000000071b400000, 0x000000071b400000|100%| O|  |TAMS 0x000000071b400000, 0x000000071b200000| Untracked 
| 218|0x000000071b400000, 0x000000071b600000, 0x000000071b600000|100%| O|  |TAMS 0x000000071b600000, 0x000000071b400000| Untracked 
| 219|0x000000071b600000, 0x000000071b800000, 0x000000071b800000|100%| O|  |TAMS 0x000000071b800000, 0x000000071b600000| Untracked 
| 220|0x000000071b800000, 0x000000071ba00000, 0x000000071ba00000|100%| O|  |TAMS 0x000000071ba00000, 0x000000071b800000| Untracked 
| 221|0x000000071ba00000, 0x000000071bc00000, 0x000000071bc00000|100%| O|  |TAMS 0x000000071bad5600, 0x000000071ba00000| Untracked 
| 222|0x000000071bc00000, 0x000000071be00000, 0x000000071be00000|100%|HS|  |TAMS 0x000000071bc00000, 0x000000071bc00000| Complete 
| 223|0x000000071be00000, 0x000000071c000000, 0x000000071c000000|100%|HS|  |TAMS 0x000000071be00000, 0x000000071be00000| Complete 
| 224|0x000000071c000000, 0x000000071c200000, 0x000000071c200000|100%|HS|  |TAMS 0x000000071c000000, 0x000000071c000000| Complete 
| 225|0x000000071c200000, 0x000000071c400000, 0x000000071c400000|100%| O|  |TAMS 0x000000071c200000, 0x000000071c200000| Untracked 
| 226|0x000000071c400000, 0x000000071c600000, 0x000000071c600000|100%| O|  |TAMS 0x000000071c400000, 0x000000071c400000| Untracked 
| 227|0x000000071c600000, 0x000000071c800000, 0x000000071c800000|100%|HS|  |TAMS 0x000000071c600000, 0x000000071c600000| Complete 
| 228|0x000000071c800000, 0x000000071ca00000, 0x000000071ca00000|100%|HS|  |TAMS 0x000000071c800000, 0x000000071c800000| Complete 
| 229|0x000000071ca00000, 0x000000071cc00000, 0x000000071cc00000|100%| O|  |TAMS 0x000000071ca00000, 0x000000071ca00000| Untracked 
| 230|0x000000071cc00000, 0x000000071ce00000, 0x000000071ce00000|100%|HS|  |TAMS 0x000000071cc00000, 0x000000071cc00000| Complete 
| 231|0x000000071ce00000, 0x000000071d000000, 0x000000071d000000|100%|HC|  |TAMS 0x000000071ce00000, 0x000000071ce00000| Complete 
| 232|0x000000071d000000, 0x000000071d200000, 0x000000071d200000|100%|HC|  |TAMS 0x000000071d000000, 0x000000071d000000| Complete 
| 233|0x000000071d200000, 0x000000071d400000, 0x000000071d400000|100%|HC|  |TAMS 0x000000071d200000, 0x000000071d200000| Complete 
| 234|0x000000071d400000, 0x000000071d600000, 0x000000071d600000|100%|HC|  |TAMS 0x000000071d400000, 0x000000071d400000| Complete 
| 235|0x000000071d600000, 0x000000071d800000, 0x000000071d800000|100%|HS|  |TAMS 0x000000071d600000, 0x000000071d600000| Complete 
| 236|0x000000071d800000, 0x000000071da00000, 0x000000071da00000|100%|HC|  |TAMS 0x000000071d800000, 0x000000071d800000| Complete 
| 237|0x000000071da00000, 0x000000071dc00000, 0x000000071dc00000|100%|HC|  |TAMS 0x000000071da00000, 0x000000071da00000| Complete 
| 238|0x000000071dc00000, 0x000000071de00000, 0x000000071de00000|100%|HC|  |TAMS 0x000000071dc00000, 0x000000071dc00000| Complete 
| 239|0x000000071de00000, 0x000000071e000000, 0x000000071e000000|100%|HC|  |TAMS 0x000000071de00000, 0x000000071de00000| Complete 
| 240|0x000000071e000000, 0x000000071e200000, 0x000000071e200000|100%| O|  |TAMS 0x000000071e000000, 0x000000071e000000| Untracked 
| 241|0x000000071e200000, 0x000000071e400000, 0x000000071e400000|100%| O|  |TAMS 0x000000071e200000, 0x000000071e200000| Untracked 
| 242|0x000000071e400000, 0x000000071e600000, 0x000000071e600000|100%| O|  |TAMS 0x000000071e400000, 0x000000071e400000| Untracked 
| 243|0x000000071e600000, 0x000000071e800000, 0x000000071e800000|100%| O|  |TAMS 0x000000071e600000, 0x000000071e600000| Untracked 
| 244|0x000000071e800000, 0x000000071ea00000, 0x000000071ea00000|100%| O|  |TAMS 0x000000071e800000, 0x000000071e800000| Untracked 
| 245|0x000000071ea00000, 0x000000071ec00000, 0x000000071ec00000|100%| O|  |TAMS 0x000000071ea00000, 0x000000071ea00000| Untracked 
| 246|0x000000071ec00000, 0x000000071ee00000, 0x000000071ee00000|100%| O|  |TAMS 0x000000071ec00000, 0x000000071ec00000| Untracked 
| 247|0x000000071ee00000, 0x000000071f000000, 0x000000071f000000|100%| O|  |TAMS 0x000000071ee00000, 0x000000071ee00000| Untracked 
| 248|0x000000071f000000, 0x000000071f200000, 0x000000071f200000|100%| O|  |TAMS 0x000000071f000000, 0x000000071f000000| Untracked 
| 249|0x000000071f200000, 0x000000071f400000, 0x000000071f400000|100%| O|  |TAMS 0x000000071f200000, 0x000000071f200000| Untracked 
| 250|0x000000071f400000, 0x000000071f600000, 0x000000071f600000|100%| O|  |TAMS 0x000000071f400000, 0x000000071f400000| Untracked 
| 251|0x000000071f600000, 0x000000071f800000, 0x000000071f800000|100%| O|  |TAMS 0x000000071f600000, 0x000000071f600000| Untracked 
| 252|0x000000071f800000, 0x000000071fa00000, 0x000000071fa00000|100%| O|  |TAMS 0x000000071f800000, 0x000000071f800000| Untracked 
| 253|0x000000071fa00000, 0x000000071fc00000, 0x000000071fc00000|100%| O|  |TAMS 0x000000071fa00000, 0x000000071fa00000| Untracked 
| 254|0x000000071fc00000, 0x000000071fe00000, 0x000000071fe00000|100%| O|  |TAMS 0x000000071fc00000, 0x000000071fc00000| Untracked 
| 255|0x000000071fe00000, 0x0000000720000000, 0x0000000720000000|100%| O|  |TAMS 0x000000071fe00000, 0x000000071fe00000| Untracked 
| 256|0x0000000720000000, 0x0000000720200000, 0x0000000720200000|100%| O|  |TAMS 0x0000000720000000, 0x0000000720000000| Untracked 
| 257|0x0000000720200000, 0x0000000720400000, 0x0000000720400000|100%| O|  |TAMS 0x0000000720200000, 0x0000000720200000| Untracked 
| 258|0x0000000720400000, 0x0000000720600000, 0x0000000720600000|100%| O|  |TAMS 0x0000000720400000, 0x0000000720400000| Untracked 
| 259|0x0000000720600000, 0x0000000720800000, 0x0000000720800000|100%| O|  |TAMS 0x0000000720600000, 0x0000000720600000| Untracked 
| 260|0x0000000720800000, 0x00000007209c8200, 0x0000000720a00000| 89%| O|  |TAMS 0x0000000720800000, 0x0000000720800000| Untracked 
| 261|0x0000000720a00000, 0x0000000720a00000, 0x0000000720c00000|  0%| F|  |TAMS 0x0000000720a00000, 0x0000000720a00000| Untracked 
| 262|0x0000000720c00000, 0x0000000720c00000, 0x0000000720e00000|  0%| F|  |TAMS 0x0000000720c00000, 0x0000000720c00000| Untracked 
| 263|0x0000000720e00000, 0x0000000720e00000, 0x0000000721000000|  0%| F|  |TAMS 0x0000000720e00000, 0x0000000720e00000| Untracked 
| 264|0x0000000721000000, 0x0000000721000000, 0x0000000721200000|  0%| F|  |TAMS 0x0000000721000000, 0x0000000721000000| Untracked 
| 265|0x0000000721200000, 0x0000000721200000, 0x0000000721400000|  0%| F|  |TAMS 0x0000000721200000, 0x0000000721200000| Untracked 
| 266|0x0000000721400000, 0x0000000721400000, 0x0000000721600000|  0%| F|  |TAMS 0x0000000721400000, 0x0000000721400000| Untracked 
| 267|0x0000000721600000, 0x0000000721600000, 0x0000000721800000|  0%| F|  |TAMS 0x0000000721600000, 0x0000000721600000| Untracked 
| 268|0x0000000721800000, 0x0000000721800000, 0x0000000721a00000|  0%| F|  |TAMS 0x0000000721800000, 0x0000000721800000| Untracked 
| 269|0x0000000721a00000, 0x0000000721a00000, 0x0000000721c00000|  0%| F|  |TAMS 0x0000000721a00000, 0x0000000721a00000| Untracked 
| 270|0x0000000721c00000, 0x0000000721c00000, 0x0000000721e00000|  0%| F|  |TAMS 0x0000000721c00000, 0x0000000721c00000| Untracked 
| 271|0x0000000721e00000, 0x0000000721e00000, 0x0000000722000000|  0%| F|  |TAMS 0x0000000721e00000, 0x0000000721e00000| Untracked 
| 272|0x0000000722000000, 0x0000000722000000, 0x0000000722200000|  0%| F|  |TAMS 0x0000000722000000, 0x0000000722000000| Untracked 
| 273|0x0000000722200000, 0x0000000722200000, 0x0000000722400000|  0%| F|  |TAMS 0x0000000722200000, 0x0000000722200000| Untracked 
| 274|0x0000000722400000, 0x0000000722400000, 0x0000000722600000|  0%| F|  |TAMS 0x0000000722400000, 0x0000000722400000| Untracked 
| 275|0x0000000722600000, 0x0000000722600000, 0x0000000722800000|  0%| F|  |TAMS 0x0000000722600000, 0x0000000722600000| Untracked 
| 276|0x0000000722800000, 0x0000000722800000, 0x0000000722a00000|  0%| F|  |TAMS 0x0000000722800000, 0x0000000722800000| Untracked 
| 277|0x0000000722a00000, 0x0000000722a00000, 0x0000000722c00000|  0%| F|  |TAMS 0x0000000722a00000, 0x0000000722a00000| Untracked 
| 278|0x0000000722c00000, 0x0000000722c00000, 0x0000000722e00000|  0%| F|  |TAMS 0x0000000722c00000, 0x0000000722c00000| Untracked 
| 279|0x0000000722e00000, 0x0000000722e00000, 0x0000000723000000|  0%| F|  |TAMS 0x0000000722e00000, 0x0000000722e00000| Untracked 
| 280|0x0000000723000000, 0x0000000723000000, 0x0000000723200000|  0%| F|  |TAMS 0x0000000723000000, 0x0000000723000000| Untracked 
| 281|0x0000000723200000, 0x0000000723200000, 0x0000000723400000|  0%| F|  |TAMS 0x0000000723200000, 0x0000000723200000| Untracked 
| 282|0x0000000723400000, 0x0000000723400000, 0x0000000723600000|  0%| F|  |TAMS 0x0000000723400000, 0x0000000723400000| Untracked 
| 283|0x0000000723600000, 0x0000000723600000, 0x0000000723800000|  0%| F|  |TAMS 0x0000000723600000, 0x0000000723600000| Untracked 
| 284|0x0000000723800000, 0x0000000723800000, 0x0000000723a00000|  0%| F|  |TAMS 0x0000000723800000, 0x0000000723800000| Untracked 
| 285|0x0000000723a00000, 0x0000000723a00000, 0x0000000723c00000|  0%| F|  |TAMS 0x0000000723a00000, 0x0000000723a00000| Untracked 
| 286|0x0000000723c00000, 0x0000000723c00000, 0x0000000723e00000|  0%| F|  |TAMS 0x0000000723c00000, 0x0000000723c00000| Untracked 
| 287|0x0000000723e00000, 0x0000000723e00000, 0x0000000724000000|  0%| F|  |TAMS 0x0000000723e00000, 0x0000000723e00000| Untracked 
| 288|0x0000000724000000, 0x0000000724000000, 0x0000000724200000|  0%| F|  |TAMS 0x0000000724000000, 0x0000000724000000| Untracked 
| 289|0x0000000724200000, 0x0000000724200000, 0x0000000724400000|  0%| F|  |TAMS 0x0000000724200000, 0x0000000724200000| Untracked 
| 290|0x0000000724400000, 0x0000000724400000, 0x0000000724600000|  0%| F|  |TAMS 0x0000000724400000, 0x0000000724400000| Untracked 
| 291|0x0000000724600000, 0x0000000724600000, 0x0000000724800000|  0%| F|  |TAMS 0x0000000724600000, 0x0000000724600000| Untracked 
| 292|0x0000000724800000, 0x0000000724800000, 0x0000000724a00000|  0%| F|  |TAMS 0x0000000724800000, 0x0000000724800000| Untracked 
| 293|0x0000000724a00000, 0x0000000724a00000, 0x0000000724c00000|  0%| F|  |TAMS 0x0000000724a00000, 0x0000000724a00000| Untracked 
| 294|0x0000000724c00000, 0x0000000724c00000, 0x0000000724e00000|  0%| F|  |TAMS 0x0000000724c00000, 0x0000000724c00000| Untracked 
| 295|0x0000000724e00000, 0x0000000724e00000, 0x0000000725000000|  0%| F|  |TAMS 0x0000000724e00000, 0x0000000724e00000| Untracked 
| 296|0x0000000725000000, 0x0000000725000000, 0x0000000725200000|  0%| F|  |TAMS 0x0000000725000000, 0x0000000725000000| Untracked 
| 297|0x0000000725200000, 0x0000000725200000, 0x0000000725400000|  0%| F|  |TAMS 0x0000000725200000, 0x0000000725200000| Untracked 
| 298|0x0000000725400000, 0x0000000725400000, 0x0000000725600000|  0%| F|  |TAMS 0x0000000725400000, 0x0000000725400000| Untracked 
| 299|0x0000000725600000, 0x0000000725600000, 0x0000000725800000|  0%| F|  |TAMS 0x0000000725600000, 0x0000000725600000| Untracked 
| 300|0x0000000725800000, 0x0000000725800000, 0x0000000725a00000|  0%| F|  |TAMS 0x0000000725800000, 0x0000000725800000| Untracked 
| 301|0x0000000725a00000, 0x0000000725a00000, 0x0000000725c00000|  0%| F|  |TAMS 0x0000000725a00000, 0x0000000725a00000| Untracked 
| 302|0x0000000725c00000, 0x0000000725c00000, 0x0000000725e00000|  0%| F|  |TAMS 0x0000000725c00000, 0x0000000725c00000| Untracked 
| 303|0x0000000725e00000, 0x0000000725e00000, 0x0000000726000000|  0%| F|  |TAMS 0x0000000725e00000, 0x0000000725e00000| Untracked 
| 304|0x0000000726000000, 0x0000000726000000, 0x0000000726200000|  0%| F|  |TAMS 0x0000000726000000, 0x0000000726000000| Untracked 
| 305|0x0000000726200000, 0x0000000726200000, 0x0000000726400000|  0%| F|  |TAMS 0x0000000726200000, 0x0000000726200000| Untracked 
| 306|0x0000000726400000, 0x0000000726400000, 0x0000000726600000|  0%| F|  |TAMS 0x0000000726400000, 0x0000000726400000| Untracked 
| 307|0x0000000726600000, 0x0000000726600000, 0x0000000726800000|  0%| F|  |TAMS 0x0000000726600000, 0x0000000726600000| Untracked 
| 308|0x0000000726800000, 0x0000000726800000, 0x0000000726a00000|  0%| F|  |TAMS 0x0000000726800000, 0x0000000726800000| Untracked 
| 309|0x0000000726a00000, 0x0000000726a00000, 0x0000000726c00000|  0%| F|  |TAMS 0x0000000726a00000, 0x0000000726a00000| Untracked 
| 310|0x0000000726c00000, 0x0000000726c00000, 0x0000000726e00000|  0%| F|  |TAMS 0x0000000726c00000, 0x0000000726c00000| Untracked 
| 311|0x0000000726e00000, 0x0000000726e00000, 0x0000000727000000|  0%| F|  |TAMS 0x0000000726e00000, 0x0000000726e00000| Untracked 
| 312|0x0000000727000000, 0x0000000727000000, 0x0000000727200000|  0%| F|  |TAMS 0x0000000727000000, 0x0000000727000000| Untracked 
| 313|0x0000000727200000, 0x0000000727200000, 0x0000000727400000|  0%| F|  |TAMS 0x0000000727200000, 0x0000000727200000| Untracked 
| 314|0x0000000727400000, 0x0000000727400000, 0x0000000727600000|  0%| F|  |TAMS 0x0000000727400000, 0x0000000727400000| Untracked 
| 315|0x0000000727600000, 0x0000000727600000, 0x0000000727800000|  0%| F|  |TAMS 0x0000000727600000, 0x0000000727600000| Untracked 
| 316|0x0000000727800000, 0x0000000727800000, 0x0000000727a00000|  0%| F|  |TAMS 0x0000000727800000, 0x0000000727800000| Untracked 
| 317|0x0000000727a00000, 0x0000000727a00000, 0x0000000727c00000|  0%| F|  |TAMS 0x0000000727a00000, 0x0000000727a00000| Untracked 
| 318|0x0000000727c00000, 0x0000000727c00000, 0x0000000727e00000|  0%| F|  |TAMS 0x0000000727c00000, 0x0000000727c00000| Untracked 
| 319|0x0000000727e00000, 0x0000000727e00000, 0x0000000728000000|  0%| F|  |TAMS 0x0000000727e00000, 0x0000000727e00000| Untracked 
| 320|0x0000000728000000, 0x0000000728000000, 0x0000000728200000|  0%| F|  |TAMS 0x0000000728000000, 0x0000000728000000| Untracked 
| 321|0x0000000728200000, 0x0000000728200000, 0x0000000728400000|  0%| F|  |TAMS 0x0000000728200000, 0x0000000728200000| Untracked 
| 322|0x0000000728400000, 0x0000000728400000, 0x0000000728600000|  0%| F|  |TAMS 0x0000000728400000, 0x0000000728400000| Untracked 
| 323|0x0000000728600000, 0x0000000728600000, 0x0000000728800000|  0%| F|  |TAMS 0x0000000728600000, 0x0000000728600000| Untracked 
| 324|0x0000000728800000, 0x0000000728800000, 0x0000000728a00000|  0%| F|  |TAMS 0x0000000728800000, 0x0000000728800000| Untracked 
| 325|0x0000000728a00000, 0x0000000728a00000, 0x0000000728c00000|  0%| F|  |TAMS 0x0000000728a00000, 0x0000000728a00000| Untracked 
| 326|0x0000000728c00000, 0x0000000728c00000, 0x0000000728e00000|  0%| F|  |TAMS 0x0000000728c00000, 0x0000000728c00000| Untracked 
| 327|0x0000000728e00000, 0x0000000728e00000, 0x0000000729000000|  0%| F|  |TAMS 0x0000000728e00000, 0x0000000728e00000| Untracked 
| 328|0x0000000729000000, 0x0000000729000000, 0x0000000729200000|  0%| F|  |TAMS 0x0000000729000000, 0x0000000729000000| Untracked 
| 329|0x0000000729200000, 0x0000000729200000, 0x0000000729400000|  0%| F|  |TAMS 0x0000000729200000, 0x0000000729200000| Untracked 
| 330|0x0000000729400000, 0x0000000729400000, 0x0000000729600000|  0%| F|  |TAMS 0x0000000729400000, 0x0000000729400000| Untracked 
| 331|0x0000000729600000, 0x0000000729600000, 0x0000000729800000|  0%| F|  |TAMS 0x0000000729600000, 0x0000000729600000| Untracked 
| 332|0x0000000729800000, 0x0000000729800000, 0x0000000729a00000|  0%| F|  |TAMS 0x0000000729800000, 0x0000000729800000| Untracked 
| 333|0x0000000729a00000, 0x0000000729a00000, 0x0000000729c00000|  0%| F|  |TAMS 0x0000000729a00000, 0x0000000729a00000| Untracked 
| 334|0x0000000729c00000, 0x0000000729c00000, 0x0000000729e00000|  0%| F|  |TAMS 0x0000000729c00000, 0x0000000729c00000| Untracked 
| 335|0x0000000729e00000, 0x0000000729e00000, 0x000000072a000000|  0%| F|  |TAMS 0x0000000729e00000, 0x0000000729e00000| Untracked 
| 336|0x000000072a000000, 0x000000072a000000, 0x000000072a200000|  0%| F|  |TAMS 0x000000072a000000, 0x000000072a000000| Untracked 
| 337|0x000000072a200000, 0x000000072a200000, 0x000000072a400000|  0%| F|  |TAMS 0x000000072a200000, 0x000000072a200000| Untracked 
| 338|0x000000072a400000, 0x000000072a400000, 0x000000072a600000|  0%| F|  |TAMS 0x000000072a400000, 0x000000072a400000| Untracked 
| 339|0x000000072a600000, 0x000000072a600000, 0x000000072a800000|  0%| F|  |TAMS 0x000000072a600000, 0x000000072a600000| Untracked 
| 340|0x000000072a800000, 0x000000072a800000, 0x000000072aa00000|  0%| F|  |TAMS 0x000000072a800000, 0x000000072a800000| Untracked 
| 341|0x000000072aa00000, 0x000000072aa00000, 0x000000072ac00000|  0%| F|  |TAMS 0x000000072aa00000, 0x000000072aa00000| Untracked 
| 342|0x000000072ac00000, 0x000000072ac00000, 0x000000072ae00000|  0%| F|  |TAMS 0x000000072ac00000, 0x000000072ac00000| Untracked 
| 343|0x000000072ae00000, 0x000000072ae00000, 0x000000072b000000|  0%| F|  |TAMS 0x000000072ae00000, 0x000000072ae00000| Untracked 
| 344|0x000000072b000000, 0x000000072b000000, 0x000000072b200000|  0%| F|  |TAMS 0x000000072b000000, 0x000000072b000000| Untracked 
| 345|0x000000072b200000, 0x000000072b200000, 0x000000072b400000|  0%| F|  |TAMS 0x000000072b200000, 0x000000072b200000| Untracked 
| 346|0x000000072b400000, 0x000000072b400000, 0x000000072b600000|  0%| F|  |TAMS 0x000000072b400000, 0x000000072b400000| Untracked 
| 347|0x000000072b600000, 0x000000072b600000, 0x000000072b800000|  0%| F|  |TAMS 0x000000072b600000, 0x000000072b600000| Untracked 
| 348|0x000000072b800000, 0x000000072b800000, 0x000000072ba00000|  0%| F|  |TAMS 0x000000072b800000, 0x000000072b800000| Untracked 
| 349|0x000000072ba00000, 0x000000072ba00000, 0x000000072bc00000|  0%| F|  |TAMS 0x000000072ba00000, 0x000000072ba00000| Untracked 
| 350|0x000000072bc00000, 0x000000072bc00000, 0x000000072be00000|  0%| F|  |TAMS 0x000000072bc00000, 0x000000072bc00000| Untracked 
| 351|0x000000072be00000, 0x000000072be00000, 0x000000072c000000|  0%| F|  |TAMS 0x000000072be00000, 0x000000072be00000| Untracked 
| 352|0x000000072c000000, 0x000000072c000000, 0x000000072c200000|  0%| F|  |TAMS 0x000000072c000000, 0x000000072c000000| Untracked 
| 353|0x000000072c200000, 0x000000072c200000, 0x000000072c400000|  0%| F|  |TAMS 0x000000072c200000, 0x000000072c200000| Untracked 
| 354|0x000000072c400000, 0x000000072c400000, 0x000000072c600000|  0%| F|  |TAMS 0x000000072c400000, 0x000000072c400000| Untracked 
| 355|0x000000072c600000, 0x000000072c600000, 0x000000072c800000|  0%| F|  |TAMS 0x000000072c600000, 0x000000072c600000| Untracked 
| 356|0x000000072c800000, 0x000000072c800000, 0x000000072ca00000|  0%| F|  |TAMS 0x000000072c800000, 0x000000072c800000| Untracked 
| 357|0x000000072ca00000, 0x000000072ca00000, 0x000000072cc00000|  0%| F|  |TAMS 0x000000072ca00000, 0x000000072ca00000| Untracked 
| 358|0x000000072cc00000, 0x000000072cc00000, 0x000000072ce00000|  0%| F|  |TAMS 0x000000072cc00000, 0x000000072cc00000| Untracked 
| 359|0x000000072ce00000, 0x000000072ce00000, 0x000000072d000000|  0%| F|  |TAMS 0x000000072ce00000, 0x000000072ce00000| Untracked 
| 360|0x000000072d000000, 0x000000072d000000, 0x000000072d200000|  0%| F|  |TAMS 0x000000072d000000, 0x000000072d000000| Untracked 
| 361|0x000000072d200000, 0x000000072d200000, 0x000000072d400000|  0%| F|  |TAMS 0x000000072d200000, 0x000000072d200000| Untracked 
| 362|0x000000072d400000, 0x000000072d400000, 0x000000072d600000|  0%| F|  |TAMS 0x000000072d400000, 0x000000072d400000| Untracked 
| 363|0x000000072d600000, 0x000000072d600000, 0x000000072d800000|  0%| F|  |TAMS 0x000000072d600000, 0x000000072d600000| Untracked 
| 364|0x000000072d800000, 0x000000072d800000, 0x000000072da00000|  0%| F|  |TAMS 0x000000072d800000, 0x000000072d800000| Untracked 
| 365|0x000000072da00000, 0x000000072da00000, 0x000000072dc00000|  0%| F|  |TAMS 0x000000072da00000, 0x000000072da00000| Untracked 
| 366|0x000000072dc00000, 0x000000072dc00000, 0x000000072de00000|  0%| F|  |TAMS 0x000000072dc00000, 0x000000072dc00000| Untracked 
| 367|0x000000072de00000, 0x000000072de00000, 0x000000072e000000|  0%| F|  |TAMS 0x000000072de00000, 0x000000072de00000| Untracked 
| 368|0x000000072e000000, 0x000000072e000000, 0x000000072e200000|  0%| F|  |TAMS 0x000000072e000000, 0x000000072e000000| Untracked 
| 369|0x000000072e200000, 0x000000072e200000, 0x000000072e400000|  0%| F|  |TAMS 0x000000072e200000, 0x000000072e200000| Untracked 
| 370|0x000000072e400000, 0x000000072e400000, 0x000000072e600000|  0%| F|  |TAMS 0x000000072e400000, 0x000000072e400000| Untracked 
| 371|0x000000072e600000, 0x000000072e600000, 0x000000072e800000|  0%| F|  |TAMS 0x000000072e600000, 0x000000072e600000| Untracked 
| 372|0x000000072e800000, 0x000000072e800000, 0x000000072ea00000|  0%| F|  |TAMS 0x000000072e800000, 0x000000072e800000| Untracked 
| 373|0x000000072ea00000, 0x000000072ea00000, 0x000000072ec00000|  0%| F|  |TAMS 0x000000072ea00000, 0x000000072ea00000| Untracked 
| 374|0x000000072ec00000, 0x000000072ec00000, 0x000000072ee00000|  0%| F|  |TAMS 0x000000072ec00000, 0x000000072ec00000| Untracked 
| 375|0x000000072ee00000, 0x000000072ee00000, 0x000000072f000000|  0%| F|  |TAMS 0x000000072ee00000, 0x000000072ee00000| Untracked 
| 376|0x000000072f000000, 0x000000072f000000, 0x000000072f200000|  0%| F|  |TAMS 0x000000072f000000, 0x000000072f000000| Untracked 
| 377|0x000000072f200000, 0x000000072f200000, 0x000000072f400000|  0%| F|  |TAMS 0x000000072f200000, 0x000000072f200000| Untracked 
| 378|0x000000072f400000, 0x000000072f400000, 0x000000072f600000|  0%| F|  |TAMS 0x000000072f400000, 0x000000072f400000| Untracked 
| 379|0x000000072f600000, 0x000000072f600000, 0x000000072f800000|  0%| F|  |TAMS 0x000000072f600000, 0x000000072f600000| Untracked 
| 380|0x000000072f800000, 0x000000072f800000, 0x000000072fa00000|  0%| F|  |TAMS 0x000000072f800000, 0x000000072f800000| Untracked 
| 381|0x000000072fa00000, 0x000000072fa00000, 0x000000072fc00000|  0%| F|  |TAMS 0x000000072fa00000, 0x000000072fa00000| Untracked 
| 382|0x000000072fc00000, 0x000000072fc00000, 0x000000072fe00000|  0%| F|  |TAMS 0x000000072fc00000, 0x000000072fc00000| Untracked 
| 383|0x000000072fe00000, 0x000000072fe00000, 0x0000000730000000|  0%| F|  |TAMS 0x000000072fe00000, 0x000000072fe00000| Untracked 
| 384|0x0000000730000000, 0x0000000730000000, 0x0000000730200000|  0%| F|  |TAMS 0x0000000730000000, 0x0000000730000000| Untracked 
| 385|0x0000000730200000, 0x0000000730200000, 0x0000000730400000|  0%| F|  |TAMS 0x0000000730200000, 0x0000000730200000| Untracked 
| 386|0x0000000730400000, 0x0000000730400000, 0x0000000730600000|  0%| F|  |TAMS 0x0000000730400000, 0x0000000730400000| Untracked 
| 387|0x0000000730600000, 0x0000000730600000, 0x0000000730800000|  0%| F|  |TAMS 0x0000000730600000, 0x0000000730600000| Untracked 
| 388|0x0000000730800000, 0x0000000730800000, 0x0000000730a00000|  0%| F|  |TAMS 0x0000000730800000, 0x0000000730800000| Untracked 
| 389|0x0000000730a00000, 0x0000000730a00000, 0x0000000730c00000|  0%| F|  |TAMS 0x0000000730a00000, 0x0000000730a00000| Untracked 
| 390|0x0000000730c00000, 0x0000000730c00000, 0x0000000730e00000|  0%| F|  |TAMS 0x0000000730c00000, 0x0000000730c00000| Untracked 
| 391|0x0000000730e00000, 0x0000000730e00000, 0x0000000731000000|  0%| F|  |TAMS 0x0000000730e00000, 0x0000000730e00000| Untracked 
| 392|0x0000000731000000, 0x0000000731000000, 0x0000000731200000|  0%| F|  |TAMS 0x0000000731000000, 0x0000000731000000| Untracked 
| 393|0x0000000731200000, 0x0000000731200000, 0x0000000731400000|  0%| F|  |TAMS 0x0000000731200000, 0x0000000731200000| Untracked 
| 394|0x0000000731400000, 0x0000000731400000, 0x0000000731600000|  0%| F|  |TAMS 0x0000000731400000, 0x0000000731400000| Untracked 
| 395|0x0000000731600000, 0x0000000731600000, 0x0000000731800000|  0%| F|  |TAMS 0x0000000731600000, 0x0000000731600000| Untracked 
| 396|0x0000000731800000, 0x0000000731800000, 0x0000000731a00000|  0%| F|  |TAMS 0x0000000731800000, 0x0000000731800000| Untracked 
| 397|0x0000000731a00000, 0x0000000731a00000, 0x0000000731c00000|  0%| F|  |TAMS 0x0000000731a00000, 0x0000000731a00000| Untracked 
| 398|0x0000000731c00000, 0x0000000731c00000, 0x0000000731e00000|  0%| F|  |TAMS 0x0000000731c00000, 0x0000000731c00000| Untracked 
| 399|0x0000000731e00000, 0x0000000731e00000, 0x0000000732000000|  0%| F|  |TAMS 0x0000000731e00000, 0x0000000731e00000| Untracked 
| 400|0x0000000732000000, 0x0000000732000000, 0x0000000732200000|  0%| F|  |TAMS 0x0000000732000000, 0x0000000732000000| Untracked 
| 401|0x0000000732200000, 0x0000000732200000, 0x0000000732400000|  0%| F|  |TAMS 0x0000000732200000, 0x0000000732200000| Untracked 
| 402|0x0000000732400000, 0x0000000732400000, 0x0000000732600000|  0%| F|  |TAMS 0x0000000732400000, 0x0000000732400000| Untracked 
| 403|0x0000000732600000, 0x0000000732600000, 0x0000000732800000|  0%| F|  |TAMS 0x0000000732600000, 0x0000000732600000| Untracked 
| 404|0x0000000732800000, 0x0000000732800000, 0x0000000732a00000|  0%| F|  |TAMS 0x0000000732800000, 0x0000000732800000| Untracked 
| 405|0x0000000732a00000, 0x0000000732a00000, 0x0000000732c00000|  0%| F|  |TAMS 0x0000000732a00000, 0x0000000732a00000| Untracked 
| 406|0x0000000732c00000, 0x0000000732c00000, 0x0000000732e00000|  0%| F|  |TAMS 0x0000000732c00000, 0x0000000732c00000| Untracked 
| 407|0x0000000732e00000, 0x0000000732e00000, 0x0000000733000000|  0%| F|  |TAMS 0x0000000732e00000, 0x0000000732e00000| Untracked 
| 408|0x0000000733000000, 0x0000000733000000, 0x0000000733200000|  0%| F|  |TAMS 0x0000000733000000, 0x0000000733000000| Untracked 
| 409|0x0000000733200000, 0x0000000733200000, 0x0000000733400000|  0%| F|  |TAMS 0x0000000733200000, 0x0000000733200000| Untracked 
| 410|0x0000000733400000, 0x0000000733400000, 0x0000000733600000|  0%| F|  |TAMS 0x0000000733400000, 0x0000000733400000| Untracked 
| 411|0x0000000733600000, 0x0000000733600000, 0x0000000733800000|  0%| F|  |TAMS 0x0000000733600000, 0x0000000733600000| Untracked 
| 412|0x0000000733800000, 0x0000000733800000, 0x0000000733a00000|  0%| F|  |TAMS 0x0000000733800000, 0x0000000733800000| Untracked 
| 413|0x0000000733a00000, 0x0000000733a00000, 0x0000000733c00000|  0%| F|  |TAMS 0x0000000733a00000, 0x0000000733a00000| Untracked 
| 414|0x0000000733c00000, 0x0000000733c00000, 0x0000000733e00000|  0%| F|  |TAMS 0x0000000733c00000, 0x0000000733c00000| Untracked 
| 415|0x0000000733e00000, 0x0000000733e00000, 0x0000000734000000|  0%| F|  |TAMS 0x0000000733e00000, 0x0000000733e00000| Untracked 
| 416|0x0000000734000000, 0x0000000734000000, 0x0000000734200000|  0%| F|  |TAMS 0x0000000734000000, 0x0000000734000000| Untracked 
| 417|0x0000000734200000, 0x0000000734200000, 0x0000000734400000|  0%| F|  |TAMS 0x0000000734200000, 0x0000000734200000| Untracked 
| 418|0x0000000734400000, 0x0000000734400000, 0x0000000734600000|  0%| F|  |TAMS 0x0000000734400000, 0x0000000734400000| Untracked 
| 419|0x0000000734600000, 0x0000000734600000, 0x0000000734800000|  0%| F|  |TAMS 0x0000000734600000, 0x0000000734600000| Untracked 
| 420|0x0000000734800000, 0x0000000734800000, 0x0000000734a00000|  0%| F|  |TAMS 0x0000000734800000, 0x0000000734800000| Untracked 
| 421|0x0000000734a00000, 0x0000000734a00000, 0x0000000734c00000|  0%| F|  |TAMS 0x0000000734a00000, 0x0000000734a00000| Untracked 
| 422|0x0000000734c00000, 0x0000000734c00000, 0x0000000734e00000|  0%| F|  |TAMS 0x0000000734c00000, 0x0000000734c00000| Untracked 
| 423|0x0000000734e00000, 0x0000000734e00000, 0x0000000735000000|  0%| F|  |TAMS 0x0000000734e00000, 0x0000000734e00000| Untracked 
| 424|0x0000000735000000, 0x0000000735000000, 0x0000000735200000|  0%| F|  |TAMS 0x0000000735000000, 0x0000000735000000| Untracked 
| 425|0x0000000735200000, 0x0000000735200000, 0x0000000735400000|  0%| F|  |TAMS 0x0000000735200000, 0x0000000735200000| Untracked 
| 426|0x0000000735400000, 0x0000000735400000, 0x0000000735600000|  0%| F|  |TAMS 0x0000000735400000, 0x0000000735400000| Untracked 
| 427|0x0000000735600000, 0x0000000735600000, 0x0000000735800000|  0%| F|  |TAMS 0x0000000735600000, 0x0000000735600000| Untracked 
| 428|0x0000000735800000, 0x0000000735800000, 0x0000000735a00000|  0%| F|  |TAMS 0x0000000735800000, 0x0000000735800000| Untracked 
| 429|0x0000000735a00000, 0x0000000735a00000, 0x0000000735c00000|  0%| F|  |TAMS 0x0000000735a00000, 0x0000000735a00000| Untracked 
| 430|0x0000000735c00000, 0x0000000735c00000, 0x0000000735e00000|  0%| F|  |TAMS 0x0000000735c00000, 0x0000000735c00000| Untracked 
| 431|0x0000000735e00000, 0x0000000735e00000, 0x0000000736000000|  0%| F|  |TAMS 0x0000000735e00000, 0x0000000735e00000| Untracked 
| 432|0x0000000736000000, 0x0000000736000000, 0x0000000736200000|  0%| F|  |TAMS 0x0000000736000000, 0x0000000736000000| Untracked 
| 433|0x0000000736200000, 0x0000000736200000, 0x0000000736400000|  0%| F|  |TAMS 0x0000000736200000, 0x0000000736200000| Untracked 
| 434|0x0000000736400000, 0x0000000736400000, 0x0000000736600000|  0%| F|  |TAMS 0x0000000736400000, 0x0000000736400000| Untracked 
| 435|0x0000000736600000, 0x0000000736600000, 0x0000000736800000|  0%| F|  |TAMS 0x0000000736600000, 0x0000000736600000| Untracked 
| 436|0x0000000736800000, 0x0000000736800000, 0x0000000736a00000|  0%| F|  |TAMS 0x0000000736800000, 0x0000000736800000| Untracked 
| 437|0x0000000736a00000, 0x0000000736a00000, 0x0000000736c00000|  0%| F|  |TAMS 0x0000000736a00000, 0x0000000736a00000| Untracked 
| 438|0x0000000736c00000, 0x0000000736c00000, 0x0000000736e00000|  0%| F|  |TAMS 0x0000000736c00000, 0x0000000736c00000| Untracked 
| 439|0x0000000736e00000, 0x0000000736e00000, 0x0000000737000000|  0%| F|  |TAMS 0x0000000736e00000, 0x0000000736e00000| Untracked 
| 440|0x0000000737000000, 0x0000000737000000, 0x0000000737200000|  0%| F|  |TAMS 0x0000000737000000, 0x0000000737000000| Untracked 
| 441|0x0000000737200000, 0x0000000737200000, 0x0000000737400000|  0%| F|  |TAMS 0x0000000737200000, 0x0000000737200000| Untracked 
| 442|0x0000000737400000, 0x0000000737400000, 0x0000000737600000|  0%| F|  |TAMS 0x0000000737400000, 0x0000000737400000| Untracked 
| 443|0x0000000737600000, 0x0000000737600000, 0x0000000737800000|  0%| F|  |TAMS 0x0000000737600000, 0x0000000737600000| Untracked 
| 444|0x0000000737800000, 0x0000000737800000, 0x0000000737a00000|  0%| F|  |TAMS 0x0000000737800000, 0x0000000737800000| Untracked 
| 445|0x0000000737a00000, 0x0000000737a00000, 0x0000000737c00000|  0%| F|  |TAMS 0x0000000737a00000, 0x0000000737a00000| Untracked 
| 446|0x0000000737c00000, 0x0000000737c00000, 0x0000000737e00000|  0%| F|  |TAMS 0x0000000737c00000, 0x0000000737c00000| Untracked 
| 447|0x0000000737e00000, 0x0000000737e00000, 0x0000000738000000|  0%| F|  |TAMS 0x0000000737e00000, 0x0000000737e00000| Untracked 
| 448|0x0000000738000000, 0x0000000738000000, 0x0000000738200000|  0%| F|  |TAMS 0x0000000738000000, 0x0000000738000000| Untracked 
| 449|0x0000000738200000, 0x0000000738200000, 0x0000000738400000|  0%| F|  |TAMS 0x0000000738200000, 0x0000000738200000| Untracked 
| 450|0x0000000738400000, 0x0000000738400000, 0x0000000738600000|  0%| F|  |TAMS 0x0000000738400000, 0x0000000738400000| Untracked 
| 451|0x0000000738600000, 0x0000000738600000, 0x0000000738800000|  0%| F|  |TAMS 0x0000000738600000, 0x0000000738600000| Untracked 
| 452|0x0000000738800000, 0x0000000738800000, 0x0000000738a00000|  0%| F|  |TAMS 0x0000000738800000, 0x0000000738800000| Untracked 
| 453|0x0000000738a00000, 0x0000000738a00000, 0x0000000738c00000|  0%| F|  |TAMS 0x0000000738a00000, 0x0000000738a00000| Untracked 
| 454|0x0000000738c00000, 0x0000000738c00000, 0x0000000738e00000|  0%| F|  |TAMS 0x0000000738c00000, 0x0000000738c00000| Untracked 
| 455|0x0000000738e00000, 0x0000000738e00000, 0x0000000739000000|  0%| F|  |TAMS 0x0000000738e00000, 0x0000000738e00000| Untracked 
| 456|0x0000000739000000, 0x0000000739000000, 0x0000000739200000|  0%| F|  |TAMS 0x0000000739000000, 0x0000000739000000| Untracked 
| 457|0x0000000739200000, 0x0000000739200000, 0x0000000739400000|  0%| F|  |TAMS 0x0000000739200000, 0x0000000739200000| Untracked 
| 458|0x0000000739400000, 0x0000000739400000, 0x0000000739600000|  0%| F|  |TAMS 0x0000000739400000, 0x0000000739400000| Untracked 
| 459|0x0000000739600000, 0x0000000739600000, 0x0000000739800000|  0%| F|  |TAMS 0x0000000739600000, 0x0000000739600000| Untracked 
| 460|0x0000000739800000, 0x0000000739800000, 0x0000000739a00000|  0%| F|  |TAMS 0x0000000739800000, 0x0000000739800000| Untracked 
| 461|0x0000000739a00000, 0x0000000739a00000, 0x0000000739c00000|  0%| F|  |TAMS 0x0000000739a00000, 0x0000000739a00000| Untracked 
| 462|0x0000000739c00000, 0x0000000739c00000, 0x0000000739e00000|  0%| F|  |TAMS 0x0000000739c00000, 0x0000000739c00000| Untracked 
| 463|0x0000000739e00000, 0x0000000739e00000, 0x000000073a000000|  0%| F|  |TAMS 0x0000000739e00000, 0x0000000739e00000| Untracked 
| 464|0x000000073a000000, 0x000000073a000000, 0x000000073a200000|  0%| F|  |TAMS 0x000000073a000000, 0x000000073a000000| Untracked 
| 465|0x000000073a200000, 0x000000073a200000, 0x000000073a400000|  0%| F|  |TAMS 0x000000073a200000, 0x000000073a200000| Untracked 
| 466|0x000000073a400000, 0x000000073a400000, 0x000000073a600000|  0%| F|  |TAMS 0x000000073a400000, 0x000000073a400000| Untracked 
| 467|0x000000073a600000, 0x000000073a600000, 0x000000073a800000|  0%| F|  |TAMS 0x000000073a600000, 0x000000073a600000| Untracked 
| 468|0x000000073a800000, 0x000000073a800000, 0x000000073aa00000|  0%| F|  |TAMS 0x000000073a800000, 0x000000073a800000| Untracked 
| 469|0x000000073aa00000, 0x000000073aa00000, 0x000000073ac00000|  0%| F|  |TAMS 0x000000073aa00000, 0x000000073aa00000| Untracked 
| 470|0x000000073ac00000, 0x000000073ac00000, 0x000000073ae00000|  0%| F|  |TAMS 0x000000073ac00000, 0x000000073ac00000| Untracked 
| 471|0x000000073ae00000, 0x000000073ae00000, 0x000000073b000000|  0%| F|  |TAMS 0x000000073ae00000, 0x000000073ae00000| Untracked 
| 472|0x000000073b000000, 0x000000073b000000, 0x000000073b200000|  0%| F|  |TAMS 0x000000073b000000, 0x000000073b000000| Untracked 
| 473|0x000000073b200000, 0x000000073b200000, 0x000000073b400000|  0%| F|  |TAMS 0x000000073b200000, 0x000000073b200000| Untracked 
| 474|0x000000073b400000, 0x000000073b400000, 0x000000073b600000|  0%| F|  |TAMS 0x000000073b400000, 0x000000073b400000| Untracked 
| 475|0x000000073b600000, 0x000000073b600000, 0x000000073b800000|  0%| F|  |TAMS 0x000000073b600000, 0x000000073b600000| Untracked 
| 476|0x000000073b800000, 0x000000073b800000, 0x000000073ba00000|  0%| F|  |TAMS 0x000000073b800000, 0x000000073b800000| Untracked 
| 477|0x000000073ba00000, 0x000000073ba00000, 0x000000073bc00000|  0%| F|  |TAMS 0x000000073ba00000, 0x000000073ba00000| Untracked 
| 478|0x000000073bc00000, 0x000000073bc00000, 0x000000073be00000|  0%| F|  |TAMS 0x000000073bc00000, 0x000000073bc00000| Untracked 
| 479|0x000000073be00000, 0x000000073be00000, 0x000000073c000000|  0%| F|  |TAMS 0x000000073be00000, 0x000000073be00000| Untracked 
| 480|0x000000073c000000, 0x000000073c000000, 0x000000073c200000|  0%| F|  |TAMS 0x000000073c000000, 0x000000073c000000| Untracked 
| 481|0x000000073c200000, 0x000000073c200000, 0x000000073c400000|  0%| F|  |TAMS 0x000000073c200000, 0x000000073c200000| Untracked 
| 482|0x000000073c400000, 0x000000073c400000, 0x000000073c600000|  0%| F|  |TAMS 0x000000073c400000, 0x000000073c400000| Untracked 
| 483|0x000000073c600000, 0x000000073c600000, 0x000000073c800000|  0%| F|  |TAMS 0x000000073c600000, 0x000000073c600000| Untracked 
| 484|0x000000073c800000, 0x000000073c800000, 0x000000073ca00000|  0%| F|  |TAMS 0x000000073c800000, 0x000000073c800000| Untracked 
| 485|0x000000073ca00000, 0x000000073ca00000, 0x000000073cc00000|  0%| F|  |TAMS 0x000000073ca00000, 0x000000073ca00000| Untracked 
| 486|0x000000073cc00000, 0x000000073cc00000, 0x000000073ce00000|  0%| F|  |TAMS 0x000000073cc00000, 0x000000073cc00000| Untracked 
| 487|0x000000073ce00000, 0x000000073ce00000, 0x000000073d000000|  0%| F|  |TAMS 0x000000073ce00000, 0x000000073ce00000| Untracked 
| 488|0x000000073d000000, 0x000000073d000000, 0x000000073d200000|  0%| F|  |TAMS 0x000000073d000000, 0x000000073d000000| Untracked 
| 489|0x000000073d200000, 0x000000073d200000, 0x000000073d400000|  0%| F|  |TAMS 0x000000073d200000, 0x000000073d200000| Untracked 
| 490|0x000000073d400000, 0x000000073d400000, 0x000000073d600000|  0%| F|  |TAMS 0x000000073d400000, 0x000000073d400000| Untracked 
| 491|0x000000073d600000, 0x000000073d600000, 0x000000073d800000|  0%| F|  |TAMS 0x000000073d600000, 0x000000073d600000| Untracked 
| 492|0x000000073d800000, 0x000000073d800000, 0x000000073da00000|  0%| F|  |TAMS 0x000000073d800000, 0x000000073d800000| Untracked 
| 493|0x000000073da00000, 0x000000073da00000, 0x000000073dc00000|  0%| F|  |TAMS 0x000000073da00000, 0x000000073da00000| Untracked 
| 494|0x000000073dc00000, 0x000000073dc00000, 0x000000073de00000|  0%| F|  |TAMS 0x000000073dc00000, 0x000000073dc00000| Untracked 
| 495|0x000000073de00000, 0x000000073de00000, 0x000000073e000000|  0%| F|  |TAMS 0x000000073de00000, 0x000000073de00000| Untracked 
| 496|0x000000073e000000, 0x000000073e000000, 0x000000073e200000|  0%| F|  |TAMS 0x000000073e000000, 0x000000073e000000| Untracked 
| 497|0x000000073e200000, 0x000000073e200000, 0x000000073e400000|  0%| F|  |TAMS 0x000000073e200000, 0x000000073e200000| Untracked 
| 498|0x000000073e400000, 0x000000073e400000, 0x000000073e600000|  0%| F|  |TAMS 0x000000073e400000, 0x000000073e400000| Untracked 
| 499|0x000000073e600000, 0x000000073e600000, 0x000000073e800000|  0%| F|  |TAMS 0x000000073e600000, 0x000000073e600000| Untracked 
| 500|0x000000073e800000, 0x000000073e800000, 0x000000073ea00000|  0%| F|  |TAMS 0x000000073e800000, 0x000000073e800000| Untracked 
| 501|0x000000073ea00000, 0x000000073ea00000, 0x000000073ec00000|  0%| F|  |TAMS 0x000000073ea00000, 0x000000073ea00000| Untracked 
| 502|0x000000073ec00000, 0x000000073ec00000, 0x000000073ee00000|  0%| F|  |TAMS 0x000000073ec00000, 0x000000073ec00000| Untracked 
| 503|0x000000073ee00000, 0x000000073ee00000, 0x000000073f000000|  0%| F|  |TAMS 0x000000073ee00000, 0x000000073ee00000| Untracked 
| 504|0x000000073f000000, 0x000000073f000000, 0x000000073f200000|  0%| F|  |TAMS 0x000000073f000000, 0x000000073f000000| Untracked 
| 505|0x000000073f200000, 0x000000073f200000, 0x000000073f400000|  0%| F|  |TAMS 0x000000073f200000, 0x000000073f200000| Untracked 
| 506|0x000000073f400000, 0x000000073f400000, 0x000000073f600000|  0%| F|  |TAMS 0x000000073f400000, 0x000000073f400000| Untracked 
| 507|0x000000073f600000, 0x000000073f600000, 0x000000073f800000|  0%| F|  |TAMS 0x000000073f600000, 0x000000073f600000| Untracked 
| 508|0x000000073f800000, 0x000000073f800000, 0x000000073fa00000|  0%| F|  |TAMS 0x000000073f800000, 0x000000073f800000| Untracked 
| 509|0x000000073fa00000, 0x000000073fa00000, 0x000000073fc00000|  0%| F|  |TAMS 0x000000073fa00000, 0x000000073fa00000| Untracked 
| 510|0x000000073fc00000, 0x000000073fc00000, 0x000000073fe00000|  0%| F|  |TAMS 0x000000073fc00000, 0x000000073fc00000| Untracked 
| 511|0x000000073fe00000, 0x000000073fe00000, 0x0000000740000000|  0%| F|  |TAMS 0x000000073fe00000, 0x000000073fe00000| Untracked 
| 512|0x0000000740000000, 0x0000000740000000, 0x0000000740200000|  0%| F|  |TAMS 0x0000000740000000, 0x0000000740000000| Untracked 
| 513|0x0000000740200000, 0x0000000740200000, 0x0000000740400000|  0%| F|  |TAMS 0x0000000740200000, 0x0000000740200000| Untracked 
| 514|0x0000000740400000, 0x0000000740400000, 0x0000000740600000|  0%| F|  |TAMS 0x0000000740400000, 0x0000000740400000| Untracked 
| 515|0x0000000740600000, 0x0000000740600000, 0x0000000740800000|  0%| F|  |TAMS 0x0000000740600000, 0x0000000740600000| Untracked 
| 516|0x0000000740800000, 0x0000000740800000, 0x0000000740a00000|  0%| F|  |TAMS 0x0000000740800000, 0x0000000740800000| Untracked 
| 517|0x0000000740a00000, 0x0000000740a00000, 0x0000000740c00000|  0%| F|  |TAMS 0x0000000740a00000, 0x0000000740a00000| Untracked 
| 518|0x0000000740c00000, 0x0000000740c00000, 0x0000000740e00000|  0%| F|  |TAMS 0x0000000740c00000, 0x0000000740c00000| Untracked 
| 519|0x0000000740e00000, 0x0000000740e00000, 0x0000000741000000|  0%| F|  |TAMS 0x0000000740e00000, 0x0000000740e00000| Untracked 
| 520|0x0000000741000000, 0x0000000741000000, 0x0000000741200000|  0%| F|  |TAMS 0x0000000741000000, 0x0000000741000000| Untracked 
| 521|0x0000000741200000, 0x0000000741200000, 0x0000000741400000|  0%| F|  |TAMS 0x0000000741200000, 0x0000000741200000| Untracked 
| 522|0x0000000741400000, 0x0000000741400000, 0x0000000741600000|  0%| F|  |TAMS 0x0000000741400000, 0x0000000741400000| Untracked 
| 523|0x0000000741600000, 0x0000000741600000, 0x0000000741800000|  0%| F|  |TAMS 0x0000000741600000, 0x0000000741600000| Untracked 
| 524|0x0000000741800000, 0x0000000741800000, 0x0000000741a00000|  0%| F|  |TAMS 0x0000000741800000, 0x0000000741800000| Untracked 
| 525|0x0000000741a00000, 0x0000000741a00000, 0x0000000741c00000|  0%| F|  |TAMS 0x0000000741a00000, 0x0000000741a00000| Untracked 
| 526|0x0000000741c00000, 0x0000000741c00000, 0x0000000741e00000|  0%| F|  |TAMS 0x0000000741c00000, 0x0000000741c00000| Untracked 
| 527|0x0000000741e00000, 0x0000000741e00000, 0x0000000742000000|  0%| F|  |TAMS 0x0000000741e00000, 0x0000000741e00000| Untracked 
| 528|0x0000000742000000, 0x0000000742000000, 0x0000000742200000|  0%| F|  |TAMS 0x0000000742000000, 0x0000000742000000| Untracked 
| 529|0x0000000742200000, 0x0000000742200000, 0x0000000742400000|  0%| F|  |TAMS 0x0000000742200000, 0x0000000742200000| Untracked 
| 530|0x0000000742400000, 0x0000000742400000, 0x0000000742600000|  0%| F|  |TAMS 0x0000000742400000, 0x0000000742400000| Untracked 
| 531|0x0000000742600000, 0x0000000742600000, 0x0000000742800000|  0%| F|  |TAMS 0x0000000742600000, 0x0000000742600000| Untracked 
| 532|0x0000000742800000, 0x0000000742800000, 0x0000000742a00000|  0%| F|  |TAMS 0x0000000742800000, 0x0000000742800000| Untracked 
| 533|0x0000000742a00000, 0x0000000742a00000, 0x0000000742c00000|  0%| F|  |TAMS 0x0000000742a00000, 0x0000000742a00000| Untracked 
| 534|0x0000000742c00000, 0x0000000742c00000, 0x0000000742e00000|  0%| F|  |TAMS 0x0000000742c00000, 0x0000000742c00000| Untracked 
| 535|0x0000000742e00000, 0x0000000742e00000, 0x0000000743000000|  0%| F|  |TAMS 0x0000000742e00000, 0x0000000742e00000| Untracked 
| 536|0x0000000743000000, 0x0000000743000000, 0x0000000743200000|  0%| F|  |TAMS 0x0000000743000000, 0x0000000743000000| Untracked 
| 537|0x0000000743200000, 0x0000000743200000, 0x0000000743400000|  0%| F|  |TAMS 0x0000000743200000, 0x0000000743200000| Untracked 
| 538|0x0000000743400000, 0x0000000743400000, 0x0000000743600000|  0%| F|  |TAMS 0x0000000743400000, 0x0000000743400000| Untracked 
| 539|0x0000000743600000, 0x0000000743600000, 0x0000000743800000|  0%| F|  |TAMS 0x0000000743600000, 0x0000000743600000| Untracked 
| 540|0x0000000743800000, 0x0000000743800000, 0x0000000743a00000|  0%| F|  |TAMS 0x0000000743800000, 0x0000000743800000| Untracked 
| 541|0x0000000743a00000, 0x0000000743a00000, 0x0000000743c00000|  0%| F|  |TAMS 0x0000000743a00000, 0x0000000743a00000| Untracked 
| 542|0x0000000743c00000, 0x0000000743c00000, 0x0000000743e00000|  0%| F|  |TAMS 0x0000000743c00000, 0x0000000743c00000| Untracked 
| 543|0x0000000743e00000, 0x0000000743e00000, 0x0000000744000000|  0%| F|  |TAMS 0x0000000743e00000, 0x0000000743e00000| Untracked 
| 544|0x0000000744000000, 0x0000000744000000, 0x0000000744200000|  0%| F|  |TAMS 0x0000000744000000, 0x0000000744000000| Untracked 
| 545|0x0000000744200000, 0x0000000744200000, 0x0000000744400000|  0%| F|  |TAMS 0x0000000744200000, 0x0000000744200000| Untracked 
| 546|0x0000000744400000, 0x0000000744400000, 0x0000000744600000|  0%| F|  |TAMS 0x0000000744400000, 0x0000000744400000| Untracked 
| 547|0x0000000744600000, 0x0000000744600000, 0x0000000744800000|  0%| F|  |TAMS 0x0000000744600000, 0x0000000744600000| Untracked 
| 548|0x0000000744800000, 0x0000000744800000, 0x0000000744a00000|  0%| F|  |TAMS 0x0000000744800000, 0x0000000744800000| Untracked 
| 549|0x0000000744a00000, 0x0000000744a00000, 0x0000000744c00000|  0%| F|  |TAMS 0x0000000744a00000, 0x0000000744a00000| Untracked 
| 550|0x0000000744c00000, 0x0000000744c00000, 0x0000000744e00000|  0%| F|  |TAMS 0x0000000744c00000, 0x0000000744c00000| Untracked 
| 551|0x0000000744e00000, 0x0000000744e00000, 0x0000000745000000|  0%| F|  |TAMS 0x0000000744e00000, 0x0000000744e00000| Untracked 
| 552|0x0000000745000000, 0x0000000745000000, 0x0000000745200000|  0%| F|  |TAMS 0x0000000745000000, 0x0000000745000000| Untracked 
| 553|0x0000000745200000, 0x0000000745200000, 0x0000000745400000|  0%| F|  |TAMS 0x0000000745200000, 0x0000000745200000| Untracked 
| 554|0x0000000745400000, 0x0000000745400000, 0x0000000745600000|  0%| F|  |TAMS 0x0000000745400000, 0x0000000745400000| Untracked 
| 555|0x0000000745600000, 0x0000000745600000, 0x0000000745800000|  0%| F|  |TAMS 0x0000000745600000, 0x0000000745600000| Untracked 
| 556|0x0000000745800000, 0x0000000745800000, 0x0000000745a00000|  0%| F|  |TAMS 0x0000000745800000, 0x0000000745800000| Untracked 
| 557|0x0000000745a00000, 0x0000000745a00000, 0x0000000745c00000|  0%| F|  |TAMS 0x0000000745a00000, 0x0000000745a00000| Untracked 
| 558|0x0000000745c00000, 0x0000000745c00000, 0x0000000745e00000|  0%| F|  |TAMS 0x0000000745c00000, 0x0000000745c00000| Untracked 
| 559|0x0000000745e00000, 0x0000000745e00000, 0x0000000746000000|  0%| F|  |TAMS 0x0000000745e00000, 0x0000000745e00000| Untracked 
| 560|0x0000000746000000, 0x0000000746000000, 0x0000000746200000|  0%| F|  |TAMS 0x0000000746000000, 0x0000000746000000| Untracked 
| 561|0x0000000746200000, 0x0000000746200000, 0x0000000746400000|  0%| F|  |TAMS 0x0000000746200000, 0x0000000746200000| Untracked 
| 562|0x0000000746400000, 0x0000000746400000, 0x0000000746600000|  0%| F|  |TAMS 0x0000000746400000, 0x0000000746400000| Untracked 
| 563|0x0000000746600000, 0x0000000746600000, 0x0000000746800000|  0%| F|  |TAMS 0x0000000746600000, 0x0000000746600000| Untracked 
| 564|0x0000000746800000, 0x0000000746800000, 0x0000000746a00000|  0%| F|  |TAMS 0x0000000746800000, 0x0000000746800000| Untracked 
| 565|0x0000000746a00000, 0x0000000746a00000, 0x0000000746c00000|  0%| F|  |TAMS 0x0000000746a00000, 0x0000000746a00000| Untracked 
| 566|0x0000000746c00000, 0x0000000746c00000, 0x0000000746e00000|  0%| F|  |TAMS 0x0000000746c00000, 0x0000000746c00000| Untracked 
| 567|0x0000000746e00000, 0x0000000746e00000, 0x0000000747000000|  0%| F|  |TAMS 0x0000000746e00000, 0x0000000746e00000| Untracked 
| 568|0x0000000747000000, 0x0000000747000000, 0x0000000747200000|  0%| F|  |TAMS 0x0000000747000000, 0x0000000747000000| Untracked 
| 569|0x0000000747200000, 0x0000000747200000, 0x0000000747400000|  0%| F|  |TAMS 0x0000000747200000, 0x0000000747200000| Untracked 
| 570|0x0000000747400000, 0x0000000747400000, 0x0000000747600000|  0%| F|  |TAMS 0x0000000747400000, 0x0000000747400000| Untracked 
| 571|0x0000000747600000, 0x0000000747600000, 0x0000000747800000|  0%| F|  |TAMS 0x0000000747600000, 0x0000000747600000| Untracked 
| 572|0x0000000747800000, 0x0000000747800000, 0x0000000747a00000|  0%| F|  |TAMS 0x0000000747800000, 0x0000000747800000| Untracked 
| 573|0x0000000747a00000, 0x0000000747a00000, 0x0000000747c00000|  0%| F|  |TAMS 0x0000000747a00000, 0x0000000747a00000| Untracked 
| 574|0x0000000747c00000, 0x0000000747c00000, 0x0000000747e00000|  0%| F|  |TAMS 0x0000000747c00000, 0x0000000747c00000| Untracked 
| 575|0x0000000747e00000, 0x0000000747e00000, 0x0000000748000000|  0%| F|  |TAMS 0x0000000747e00000, 0x0000000747e00000| Untracked 
| 576|0x0000000748000000, 0x0000000748000000, 0x0000000748200000|  0%| F|  |TAMS 0x0000000748000000, 0x0000000748000000| Untracked 
| 577|0x0000000748200000, 0x0000000748200000, 0x0000000748400000|  0%| F|  |TAMS 0x0000000748200000, 0x0000000748200000| Untracked 
| 578|0x0000000748400000, 0x0000000748400000, 0x0000000748600000|  0%| F|  |TAMS 0x0000000748400000, 0x0000000748400000| Untracked 
| 579|0x0000000748600000, 0x0000000748600000, 0x0000000748800000|  0%| F|  |TAMS 0x0000000748600000, 0x0000000748600000| Untracked 
| 580|0x0000000748800000, 0x0000000748800000, 0x0000000748a00000|  0%| F|  |TAMS 0x0000000748800000, 0x0000000748800000| Untracked 
| 581|0x0000000748a00000, 0x0000000748a00000, 0x0000000748c00000|  0%| F|  |TAMS 0x0000000748a00000, 0x0000000748a00000| Untracked 
| 582|0x0000000748c00000, 0x0000000748c00000, 0x0000000748e00000|  0%| F|  |TAMS 0x0000000748c00000, 0x0000000748c00000| Untracked 
| 583|0x0000000748e00000, 0x0000000748e00000, 0x0000000749000000|  0%| F|  |TAMS 0x0000000748e00000, 0x0000000748e00000| Untracked 
| 584|0x0000000749000000, 0x0000000749000000, 0x0000000749200000|  0%| F|  |TAMS 0x0000000749000000, 0x0000000749000000| Untracked 
| 585|0x0000000749200000, 0x0000000749200000, 0x0000000749400000|  0%| F|  |TAMS 0x0000000749200000, 0x0000000749200000| Untracked 
| 586|0x0000000749400000, 0x0000000749400000, 0x0000000749600000|  0%| F|  |TAMS 0x0000000749400000, 0x0000000749400000| Untracked 
| 587|0x0000000749600000, 0x0000000749600000, 0x0000000749800000|  0%| F|  |TAMS 0x0000000749600000, 0x0000000749600000| Untracked 
| 588|0x0000000749800000, 0x0000000749800000, 0x0000000749a00000|  0%| F|  |TAMS 0x0000000749800000, 0x0000000749800000| Untracked 
| 589|0x0000000749a00000, 0x0000000749a00000, 0x0000000749c00000|  0%| F|  |TAMS 0x0000000749a00000, 0x0000000749a00000| Untracked 
| 590|0x0000000749c00000, 0x0000000749c00000, 0x0000000749e00000|  0%| F|  |TAMS 0x0000000749c00000, 0x0000000749c00000| Untracked 
| 591|0x0000000749e00000, 0x0000000749e00000, 0x000000074a000000|  0%| F|  |TAMS 0x0000000749e00000, 0x0000000749e00000| Untracked 
| 592|0x000000074a000000, 0x000000074a000000, 0x000000074a200000|  0%| F|  |TAMS 0x000000074a000000, 0x000000074a000000| Untracked 
| 593|0x000000074a200000, 0x000000074a200000, 0x000000074a400000|  0%| F|  |TAMS 0x000000074a200000, 0x000000074a200000| Untracked 
| 594|0x000000074a400000, 0x000000074a400000, 0x000000074a600000|  0%| F|  |TAMS 0x000000074a400000, 0x000000074a400000| Untracked 
| 595|0x000000074a600000, 0x000000074a600000, 0x000000074a800000|  0%| F|  |TAMS 0x000000074a600000, 0x000000074a600000| Untracked 
| 596|0x000000074a800000, 0x000000074a800000, 0x000000074aa00000|  0%| F|  |TAMS 0x000000074a800000, 0x000000074a800000| Untracked 
| 597|0x000000074aa00000, 0x000000074aa00000, 0x000000074ac00000|  0%| F|  |TAMS 0x000000074aa00000, 0x000000074aa00000| Untracked 
| 598|0x000000074ac00000, 0x000000074ac00000, 0x000000074ae00000|  0%| F|  |TAMS 0x000000074ac00000, 0x000000074ac00000| Untracked 
| 599|0x000000074ae00000, 0x000000074ae00000, 0x000000074b000000|  0%| F|  |TAMS 0x000000074ae00000, 0x000000074ae00000| Untracked 
| 600|0x000000074b000000, 0x000000074b000000, 0x000000074b200000|  0%| F|  |TAMS 0x000000074b000000, 0x000000074b000000| Untracked 
| 601|0x000000074b200000, 0x000000074b200000, 0x000000074b400000|  0%| F|  |TAMS 0x000000074b200000, 0x000000074b200000| Untracked 
| 602|0x000000074b400000, 0x000000074b400000, 0x000000074b600000|  0%| F|  |TAMS 0x000000074b400000, 0x000000074b400000| Untracked 
| 603|0x000000074b600000, 0x000000074b600000, 0x000000074b800000|  0%| F|  |TAMS 0x000000074b600000, 0x000000074b600000| Untracked 
| 604|0x000000074b800000, 0x000000074b800000, 0x000000074ba00000|  0%| F|  |TAMS 0x000000074b800000, 0x000000074b800000| Untracked 
| 605|0x000000074ba00000, 0x000000074ba00000, 0x000000074bc00000|  0%| F|  |TAMS 0x000000074ba00000, 0x000000074ba00000| Untracked 
| 606|0x000000074bc00000, 0x000000074bc00000, 0x000000074be00000|  0%| F|  |TAMS 0x000000074bc00000, 0x000000074bc00000| Untracked 
| 607|0x000000074be00000, 0x000000074be00000, 0x000000074c000000|  0%| F|  |TAMS 0x000000074be00000, 0x000000074be00000| Untracked 
| 608|0x000000074c000000, 0x000000074c000000, 0x000000074c200000|  0%| F|  |TAMS 0x000000074c000000, 0x000000074c000000| Untracked 
| 609|0x000000074c200000, 0x000000074c200000, 0x000000074c400000|  0%| F|  |TAMS 0x000000074c200000, 0x000000074c200000| Untracked 
| 610|0x000000074c400000, 0x000000074c400000, 0x000000074c600000|  0%| F|  |TAMS 0x000000074c400000, 0x000000074c400000| Untracked 
| 611|0x000000074c600000, 0x000000074c600000, 0x000000074c800000|  0%| F|  |TAMS 0x000000074c600000, 0x000000074c600000| Untracked 
| 612|0x000000074c800000, 0x000000074c800000, 0x000000074ca00000|  0%| F|  |TAMS 0x000000074c800000, 0x000000074c800000| Untracked 
| 613|0x000000074ca00000, 0x000000074ca00000, 0x000000074cc00000|  0%| F|  |TAMS 0x000000074ca00000, 0x000000074ca00000| Untracked 
| 614|0x000000074cc00000, 0x000000074cc00000, 0x000000074ce00000|  0%| F|  |TAMS 0x000000074cc00000, 0x000000074cc00000| Untracked 
| 615|0x000000074ce00000, 0x000000074ce00000, 0x000000074d000000|  0%| F|  |TAMS 0x000000074ce00000, 0x000000074ce00000| Untracked 
| 616|0x000000074d000000, 0x000000074d000000, 0x000000074d200000|  0%| F|  |TAMS 0x000000074d000000, 0x000000074d000000| Untracked 
| 617|0x000000074d200000, 0x000000074d200000, 0x000000074d400000|  0%| F|  |TAMS 0x000000074d200000, 0x000000074d200000| Untracked 
| 618|0x000000074d400000, 0x000000074d400000, 0x000000074d600000|  0%| F|  |TAMS 0x000000074d400000, 0x000000074d400000| Untracked 
| 619|0x000000074d600000, 0x000000074d600000, 0x000000074d800000|  0%| F|  |TAMS 0x000000074d600000, 0x000000074d600000| Untracked 
| 620|0x000000074d800000, 0x000000074d800000, 0x000000074da00000|  0%| F|  |TAMS 0x000000074d800000, 0x000000074d800000| Untracked 
| 621|0x000000074da00000, 0x000000074da00000, 0x000000074dc00000|  0%| F|  |TAMS 0x000000074da00000, 0x000000074da00000| Untracked 
| 622|0x000000074dc00000, 0x000000074dc00000, 0x000000074de00000|  0%| F|  |TAMS 0x000000074dc00000, 0x000000074dc00000| Untracked 
| 623|0x000000074de00000, 0x000000074de00000, 0x000000074e000000|  0%| F|  |TAMS 0x000000074de00000, 0x000000074de00000| Untracked 
| 624|0x000000074e000000, 0x000000074e000000, 0x000000074e200000|  0%| F|  |TAMS 0x000000074e000000, 0x000000074e000000| Untracked 
| 625|0x000000074e200000, 0x000000074e200000, 0x000000074e400000|  0%| F|  |TAMS 0x000000074e200000, 0x000000074e200000| Untracked 
| 626|0x000000074e400000, 0x000000074e400000, 0x000000074e600000|  0%| F|  |TAMS 0x000000074e400000, 0x000000074e400000| Untracked 
| 627|0x000000074e600000, 0x000000074e600000, 0x000000074e800000|  0%| F|  |TAMS 0x000000074e600000, 0x000000074e600000| Untracked 
| 628|0x000000074e800000, 0x000000074e800000, 0x000000074ea00000|  0%| F|  |TAMS 0x000000074e800000, 0x000000074e800000| Untracked 
| 629|0x000000074ea00000, 0x000000074ea00000, 0x000000074ec00000|  0%| F|  |TAMS 0x000000074ea00000, 0x000000074ea00000| Untracked 
| 630|0x000000074ec00000, 0x000000074ec00000, 0x000000074ee00000|  0%| F|  |TAMS 0x000000074ec00000, 0x000000074ec00000| Untracked 
| 631|0x000000074ee00000, 0x000000074ee00000, 0x000000074f000000|  0%| F|  |TAMS 0x000000074ee00000, 0x000000074ee00000| Untracked 
| 632|0x000000074f000000, 0x000000074f000000, 0x000000074f200000|  0%| F|  |TAMS 0x000000074f000000, 0x000000074f000000| Untracked 
| 633|0x000000074f200000, 0x000000074f200000, 0x000000074f400000|  0%| F|  |TAMS 0x000000074f200000, 0x000000074f200000| Untracked 
| 634|0x000000074f400000, 0x000000074f400000, 0x000000074f600000|  0%| F|  |TAMS 0x000000074f400000, 0x000000074f400000| Untracked 
| 635|0x000000074f600000, 0x000000074f600000, 0x000000074f800000|  0%| F|  |TAMS 0x000000074f600000, 0x000000074f600000| Untracked 
| 636|0x000000074f800000, 0x000000074f800000, 0x000000074fa00000|  0%| F|  |TAMS 0x000000074f800000, 0x000000074f800000| Untracked 
| 637|0x000000074fa00000, 0x000000074fa00000, 0x000000074fc00000|  0%| F|  |TAMS 0x000000074fa00000, 0x000000074fa00000| Untracked 
| 638|0x000000074fc00000, 0x000000074fc00000, 0x000000074fe00000|  0%| F|  |TAMS 0x000000074fc00000, 0x000000074fc00000| Untracked 
| 639|0x000000074fe00000, 0x000000074fe00000, 0x0000000750000000|  0%| F|  |TAMS 0x000000074fe00000, 0x000000074fe00000| Untracked 
| 640|0x0000000750000000, 0x0000000750000000, 0x0000000750200000|  0%| F|  |TAMS 0x0000000750000000, 0x0000000750000000| Untracked 
| 641|0x0000000750200000, 0x0000000750200000, 0x0000000750400000|  0%| F|  |TAMS 0x0000000750200000, 0x0000000750200000| Untracked 
| 642|0x0000000750400000, 0x0000000750400000, 0x0000000750600000|  0%| F|  |TAMS 0x0000000750400000, 0x0000000750400000| Untracked 
| 643|0x0000000750600000, 0x0000000750600000, 0x0000000750800000|  0%| F|  |TAMS 0x0000000750600000, 0x0000000750600000| Untracked 
| 644|0x0000000750800000, 0x0000000750800000, 0x0000000750a00000|  0%| F|  |TAMS 0x0000000750800000, 0x0000000750800000| Untracked 
| 645|0x0000000750a00000, 0x0000000750a00000, 0x0000000750c00000|  0%| F|  |TAMS 0x0000000750a00000, 0x0000000750a00000| Untracked 
| 646|0x0000000750c00000, 0x0000000750c00000, 0x0000000750e00000|  0%| F|  |TAMS 0x0000000750c00000, 0x0000000750c00000| Untracked 
| 647|0x0000000750e00000, 0x0000000750e00000, 0x0000000751000000|  0%| F|  |TAMS 0x0000000750e00000, 0x0000000750e00000| Untracked 
| 648|0x0000000751000000, 0x0000000751000000, 0x0000000751200000|  0%| F|  |TAMS 0x0000000751000000, 0x0000000751000000| Untracked 
| 649|0x0000000751200000, 0x0000000751200000, 0x0000000751400000|  0%| F|  |TAMS 0x0000000751200000, 0x0000000751200000| Untracked 
| 650|0x0000000751400000, 0x0000000751400000, 0x0000000751600000|  0%| F|  |TAMS 0x0000000751400000, 0x0000000751400000| Untracked 
| 651|0x0000000751600000, 0x0000000751600000, 0x0000000751800000|  0%| F|  |TAMS 0x0000000751600000, 0x0000000751600000| Untracked 
| 652|0x0000000751800000, 0x0000000751800000, 0x0000000751a00000|  0%| F|  |TAMS 0x0000000751800000, 0x0000000751800000| Untracked 
| 653|0x0000000751a00000, 0x0000000751a00000, 0x0000000751c00000|  0%| F|  |TAMS 0x0000000751a00000, 0x0000000751a00000| Untracked 
| 654|0x0000000751c00000, 0x0000000751c00000, 0x0000000751e00000|  0%| F|  |TAMS 0x0000000751c00000, 0x0000000751c00000| Untracked 
| 655|0x0000000751e00000, 0x0000000751e00000, 0x0000000752000000|  0%| F|  |TAMS 0x0000000751e00000, 0x0000000751e00000| Untracked 
| 656|0x0000000752000000, 0x0000000752000000, 0x0000000752200000|  0%| F|  |TAMS 0x0000000752000000, 0x0000000752000000| Untracked 
| 657|0x0000000752200000, 0x0000000752200000, 0x0000000752400000|  0%| F|  |TAMS 0x0000000752200000, 0x0000000752200000| Untracked 
| 658|0x0000000752400000, 0x0000000752400000, 0x0000000752600000|  0%| F|  |TAMS 0x0000000752400000, 0x0000000752400000| Untracked 
| 659|0x0000000752600000, 0x0000000752600000, 0x0000000752800000|  0%| F|  |TAMS 0x0000000752600000, 0x0000000752600000| Untracked 
| 660|0x0000000752800000, 0x0000000752800000, 0x0000000752a00000|  0%| F|  |TAMS 0x0000000752800000, 0x0000000752800000| Untracked 
| 661|0x0000000752a00000, 0x0000000752a00000, 0x0000000752c00000|  0%| F|  |TAMS 0x0000000752a00000, 0x0000000752a00000| Untracked 
| 662|0x0000000752c00000, 0x0000000752c00000, 0x0000000752e00000|  0%| F|  |TAMS 0x0000000752c00000, 0x0000000752c00000| Untracked 
| 663|0x0000000752e00000, 0x0000000752e00000, 0x0000000753000000|  0%| F|  |TAMS 0x0000000752e00000, 0x0000000752e00000| Untracked 
| 664|0x0000000753000000, 0x0000000753000000, 0x0000000753200000|  0%| F|  |TAMS 0x0000000753000000, 0x0000000753000000| Untracked 
| 665|0x0000000753200000, 0x0000000753200000, 0x0000000753400000|  0%| F|  |TAMS 0x0000000753200000, 0x0000000753200000| Untracked 
| 666|0x0000000753400000, 0x0000000753400000, 0x0000000753600000|  0%| F|  |TAMS 0x0000000753400000, 0x0000000753400000| Untracked 
| 667|0x0000000753600000, 0x0000000753600000, 0x0000000753800000|  0%| F|  |TAMS 0x0000000753600000, 0x0000000753600000| Untracked 
| 668|0x0000000753800000, 0x0000000753800000, 0x0000000753a00000|  0%| F|  |TAMS 0x0000000753800000, 0x0000000753800000| Untracked 
| 669|0x0000000753a00000, 0x0000000753a00000, 0x0000000753c00000|  0%| F|  |TAMS 0x0000000753a00000, 0x0000000753a00000| Untracked 
| 670|0x0000000753c00000, 0x0000000753c00000, 0x0000000753e00000|  0%| F|  |TAMS 0x0000000753c00000, 0x0000000753c00000| Untracked 
| 671|0x0000000753e00000, 0x0000000753e00000, 0x0000000754000000|  0%| F|  |TAMS 0x0000000753e00000, 0x0000000753e00000| Untracked 
| 672|0x0000000754000000, 0x0000000754000000, 0x0000000754200000|  0%| F|  |TAMS 0x0000000754000000, 0x0000000754000000| Untracked 
| 673|0x0000000754200000, 0x0000000754200000, 0x0000000754400000|  0%| F|  |TAMS 0x0000000754200000, 0x0000000754200000| Untracked 
| 674|0x0000000754400000, 0x0000000754400000, 0x0000000754600000|  0%| F|  |TAMS 0x0000000754400000, 0x0000000754400000| Untracked 
| 675|0x0000000754600000, 0x0000000754600000, 0x0000000754800000|  0%| F|  |TAMS 0x0000000754600000, 0x0000000754600000| Untracked 
| 676|0x0000000754800000, 0x0000000754800000, 0x0000000754a00000|  0%| F|  |TAMS 0x0000000754800000, 0x0000000754800000| Untracked 
| 677|0x0000000754a00000, 0x0000000754a00000, 0x0000000754c00000|  0%| F|  |TAMS 0x0000000754a00000, 0x0000000754a00000| Untracked 
| 678|0x0000000754c00000, 0x0000000754c00000, 0x0000000754e00000|  0%| F|  |TAMS 0x0000000754c00000, 0x0000000754c00000| Untracked 
| 679|0x0000000754e00000, 0x0000000754e00000, 0x0000000755000000|  0%| F|  |TAMS 0x0000000754e00000, 0x0000000754e00000| Untracked 
| 680|0x0000000755000000, 0x0000000755000000, 0x0000000755200000|  0%| F|  |TAMS 0x0000000755000000, 0x0000000755000000| Untracked 
| 681|0x0000000755200000, 0x0000000755200000, 0x0000000755400000|  0%| F|  |TAMS 0x0000000755200000, 0x0000000755200000| Untracked 
| 682|0x0000000755400000, 0x0000000755400000, 0x0000000755600000|  0%| F|  |TAMS 0x0000000755400000, 0x0000000755400000| Untracked 
| 683|0x0000000755600000, 0x0000000755600000, 0x0000000755800000|  0%| F|  |TAMS 0x0000000755600000, 0x0000000755600000| Untracked 
| 684|0x0000000755800000, 0x0000000755800000, 0x0000000755a00000|  0%| F|  |TAMS 0x0000000755800000, 0x0000000755800000| Untracked 
| 685|0x0000000755a00000, 0x0000000755a00000, 0x0000000755c00000|  0%| F|  |TAMS 0x0000000755a00000, 0x0000000755a00000| Untracked 
| 686|0x0000000755c00000, 0x0000000755c00000, 0x0000000755e00000|  0%| F|  |TAMS 0x0000000755c00000, 0x0000000755c00000| Untracked 
| 687|0x0000000755e00000, 0x0000000755e00000, 0x0000000756000000|  0%| F|  |TAMS 0x0000000755e00000, 0x0000000755e00000| Untracked 
| 688|0x0000000756000000, 0x0000000756000000, 0x0000000756200000|  0%| F|  |TAMS 0x0000000756000000, 0x0000000756000000| Untracked 
| 689|0x0000000756200000, 0x0000000756200000, 0x0000000756400000|  0%| F|  |TAMS 0x0000000756200000, 0x0000000756200000| Untracked 
| 690|0x0000000756400000, 0x0000000756400000, 0x0000000756600000|  0%| F|  |TAMS 0x0000000756400000, 0x0000000756400000| Untracked 
| 691|0x0000000756600000, 0x0000000756600000, 0x0000000756800000|  0%| F|  |TAMS 0x0000000756600000, 0x0000000756600000| Untracked 
| 692|0x0000000756800000, 0x0000000756800000, 0x0000000756a00000|  0%| F|  |TAMS 0x0000000756800000, 0x0000000756800000| Untracked 
| 693|0x0000000756a00000, 0x0000000756a00000, 0x0000000756c00000|  0%| F|  |TAMS 0x0000000756a00000, 0x0000000756a00000| Untracked 
| 694|0x0000000756c00000, 0x0000000756c00000, 0x0000000756e00000|  0%| F|  |TAMS 0x0000000756c00000, 0x0000000756c00000| Untracked 
| 695|0x0000000756e00000, 0x0000000756e00000, 0x0000000757000000|  0%| F|  |TAMS 0x0000000756e00000, 0x0000000756e00000| Untracked 
| 696|0x0000000757000000, 0x0000000757000000, 0x0000000757200000|  0%| F|  |TAMS 0x0000000757000000, 0x0000000757000000| Untracked 
| 697|0x0000000757200000, 0x0000000757200000, 0x0000000757400000|  0%| F|  |TAMS 0x0000000757200000, 0x0000000757200000| Untracked 
| 698|0x0000000757400000, 0x0000000757400000, 0x0000000757600000|  0%| F|  |TAMS 0x0000000757400000, 0x0000000757400000| Untracked 
| 699|0x0000000757600000, 0x0000000757600000, 0x0000000757800000|  0%| F|  |TAMS 0x0000000757600000, 0x0000000757600000| Untracked 
| 700|0x0000000757800000, 0x0000000757800000, 0x0000000757a00000|  0%| F|  |TAMS 0x0000000757800000, 0x0000000757800000| Untracked 
| 701|0x0000000757a00000, 0x0000000757a00000, 0x0000000757c00000|  0%| F|  |TAMS 0x0000000757a00000, 0x0000000757a00000| Untracked 
| 702|0x0000000757c00000, 0x0000000757c00000, 0x0000000757e00000|  0%| F|  |TAMS 0x0000000757c00000, 0x0000000757c00000| Untracked 
| 703|0x0000000757e00000, 0x0000000757e00000, 0x0000000758000000|  0%| F|  |TAMS 0x0000000757e00000, 0x0000000757e00000| Untracked 
| 704|0x0000000758000000, 0x0000000758000000, 0x0000000758200000|  0%| F|  |TAMS 0x0000000758000000, 0x0000000758000000| Untracked 
| 705|0x0000000758200000, 0x0000000758200000, 0x0000000758400000|  0%| F|  |TAMS 0x0000000758200000, 0x0000000758200000| Untracked 
| 706|0x0000000758400000, 0x0000000758400000, 0x0000000758600000|  0%| F|  |TAMS 0x0000000758400000, 0x0000000758400000| Untracked 
| 707|0x0000000758600000, 0x0000000758600000, 0x0000000758800000|  0%| F|  |TAMS 0x0000000758600000, 0x0000000758600000| Untracked 
| 708|0x0000000758800000, 0x0000000758800000, 0x0000000758a00000|  0%| F|  |TAMS 0x0000000758800000, 0x0000000758800000| Untracked 
| 709|0x0000000758a00000, 0x0000000758a00000, 0x0000000758c00000|  0%| F|  |TAMS 0x0000000758a00000, 0x0000000758a00000| Untracked 
| 710|0x0000000758c00000, 0x0000000758c00000, 0x0000000758e00000|  0%| F|  |TAMS 0x0000000758c00000, 0x0000000758c00000| Untracked 
| 711|0x0000000758e00000, 0x0000000758e00000, 0x0000000759000000|  0%| F|  |TAMS 0x0000000758e00000, 0x0000000758e00000| Untracked 
| 712|0x0000000759000000, 0x0000000759000000, 0x0000000759200000|  0%| F|  |TAMS 0x0000000759000000, 0x0000000759000000| Untracked 
| 713|0x0000000759200000, 0x0000000759200000, 0x0000000759400000|  0%| F|  |TAMS 0x0000000759200000, 0x0000000759200000| Untracked 
| 714|0x0000000759400000, 0x0000000759400000, 0x0000000759600000|  0%| F|  |TAMS 0x0000000759400000, 0x0000000759400000| Untracked 
| 715|0x0000000759600000, 0x0000000759600000, 0x0000000759800000|  0%| F|  |TAMS 0x0000000759600000, 0x0000000759600000| Untracked 
| 716|0x0000000759800000, 0x0000000759800000, 0x0000000759a00000|  0%| F|  |TAMS 0x0000000759800000, 0x0000000759800000| Untracked 
| 717|0x0000000759a00000, 0x0000000759a00000, 0x0000000759c00000|  0%| F|  |TAMS 0x0000000759a00000, 0x0000000759a00000| Untracked 
| 718|0x0000000759c00000, 0x0000000759c00000, 0x0000000759e00000|  0%| F|  |TAMS 0x0000000759c00000, 0x0000000759c00000| Untracked 
| 719|0x0000000759e00000, 0x0000000759e00000, 0x000000075a000000|  0%| F|  |TAMS 0x0000000759e00000, 0x0000000759e00000| Untracked 
| 720|0x000000075a000000, 0x000000075a000000, 0x000000075a200000|  0%| F|  |TAMS 0x000000075a000000, 0x000000075a000000| Untracked 
| 721|0x000000075a200000, 0x000000075a200000, 0x000000075a400000|  0%| F|  |TAMS 0x000000075a200000, 0x000000075a200000| Untracked 
| 722|0x000000075a400000, 0x000000075a400000, 0x000000075a600000|  0%| F|  |TAMS 0x000000075a400000, 0x000000075a400000| Untracked 
| 723|0x000000075a600000, 0x000000075a600000, 0x000000075a800000|  0%| F|  |TAMS 0x000000075a600000, 0x000000075a600000| Untracked 
| 724|0x000000075a800000, 0x000000075a800000, 0x000000075aa00000|  0%| F|  |TAMS 0x000000075a800000, 0x000000075a800000| Untracked 
| 725|0x000000075aa00000, 0x000000075aa00000, 0x000000075ac00000|  0%| F|  |TAMS 0x000000075aa00000, 0x000000075aa00000| Untracked 
| 726|0x000000075ac00000, 0x000000075ac00000, 0x000000075ae00000|  0%| F|  |TAMS 0x000000075ac00000, 0x000000075ac00000| Untracked 
| 727|0x000000075ae00000, 0x000000075ae00000, 0x000000075b000000|  0%| F|  |TAMS 0x000000075ae00000, 0x000000075ae00000| Untracked 
| 728|0x000000075b000000, 0x000000075b000000, 0x000000075b200000|  0%| F|  |TAMS 0x000000075b000000, 0x000000075b000000| Untracked 
| 729|0x000000075b200000, 0x000000075b200000, 0x000000075b400000|  0%| F|  |TAMS 0x000000075b200000, 0x000000075b200000| Untracked 
| 730|0x000000075b400000, 0x000000075b400000, 0x000000075b600000|  0%| F|  |TAMS 0x000000075b400000, 0x000000075b400000| Untracked 
| 731|0x000000075b600000, 0x000000075b600000, 0x000000075b800000|  0%| F|  |TAMS 0x000000075b600000, 0x000000075b600000| Untracked 
| 732|0x000000075b800000, 0x000000075b800000, 0x000000075ba00000|  0%| F|  |TAMS 0x000000075b800000, 0x000000075b800000| Untracked 
| 733|0x000000075ba00000, 0x000000075ba00000, 0x000000075bc00000|  0%| F|  |TAMS 0x000000075ba00000, 0x000000075ba00000| Untracked 
| 734|0x000000075bc00000, 0x000000075bc00000, 0x000000075be00000|  0%| F|  |TAMS 0x000000075bc00000, 0x000000075bc00000| Untracked 
| 735|0x000000075be00000, 0x000000075be00000, 0x000000075c000000|  0%| F|  |TAMS 0x000000075be00000, 0x000000075be00000| Untracked 
| 736|0x000000075c000000, 0x000000075c000000, 0x000000075c200000|  0%| F|  |TAMS 0x000000075c000000, 0x000000075c000000| Untracked 
| 737|0x000000075c200000, 0x000000075c200000, 0x000000075c400000|  0%| F|  |TAMS 0x000000075c200000, 0x000000075c200000| Untracked 
| 738|0x000000075c400000, 0x000000075c400000, 0x000000075c600000|  0%| F|  |TAMS 0x000000075c400000, 0x000000075c400000| Untracked 
| 739|0x000000075c600000, 0x000000075c600000, 0x000000075c800000|  0%| F|  |TAMS 0x000000075c600000, 0x000000075c600000| Untracked 
| 740|0x000000075c800000, 0x000000075c800000, 0x000000075ca00000|  0%| F|  |TAMS 0x000000075c800000, 0x000000075c800000| Untracked 
| 741|0x000000075ca00000, 0x000000075ca00000, 0x000000075cc00000|  0%| F|  |TAMS 0x000000075ca00000, 0x000000075ca00000| Untracked 
| 742|0x000000075cc00000, 0x000000075cc00000, 0x000000075ce00000|  0%| F|  |TAMS 0x000000075cc00000, 0x000000075cc00000| Untracked 
| 743|0x000000075ce00000, 0x000000075ce00000, 0x000000075d000000|  0%| F|  |TAMS 0x000000075ce00000, 0x000000075ce00000| Untracked 
| 744|0x000000075d000000, 0x000000075d0be138, 0x000000075d200000| 37%| E|  |TAMS 0x000000075d000000, 0x000000075d000000| Complete 
| 745|0x000000075d200000, 0x000000075d400000, 0x000000075d400000|100%| E|CS|TAMS 0x000000075d200000, 0x000000075d200000| Complete 
| 746|0x000000075d400000, 0x000000075d600000, 0x000000075d600000|100%| E|CS|TAMS 0x000000075d400000, 0x000000075d400000| Complete 
| 747|0x000000075d600000, 0x000000075d800000, 0x000000075d800000|100%| E|  |TAMS 0x000000075d600000, 0x000000075d600000| Complete 
| 748|0x000000075d800000, 0x000000075da00000, 0x000000075da00000|100%| E|CS|TAMS 0x000000075d800000, 0x000000075d800000| Complete 
| 749|0x000000075da00000, 0x000000075dc00000, 0x000000075dc00000|100%| E|CS|TAMS 0x000000075da00000, 0x000000075da00000| Complete 
| 750|0x000000075dc00000, 0x000000075de00000, 0x000000075de00000|100%| E|CS|TAMS 0x000000075dc00000, 0x000000075dc00000| Complete 
| 751|0x000000075de00000, 0x000000075e000000, 0x000000075e000000|100%| E|CS|TAMS 0x000000075de00000, 0x000000075de00000| Complete 
| 752|0x000000075e000000, 0x000000075e200000, 0x000000075e200000|100%| E|CS|TAMS 0x000000075e000000, 0x000000075e000000| Complete 
| 753|0x000000075e200000, 0x000000075e400000, 0x000000075e400000|100%| E|CS|TAMS 0x000000075e200000, 0x000000075e200000| Complete 
| 754|0x000000075e400000, 0x000000075e600000, 0x000000075e600000|100%| E|CS|TAMS 0x000000075e400000, 0x000000075e400000| Complete 
| 755|0x000000075e600000, 0x000000075e800000, 0x000000075e800000|100%| E|CS|TAMS 0x000000075e600000, 0x000000075e600000| Complete 
| 756|0x000000075e800000, 0x000000075ea00000, 0x000000075ea00000|100%| E|CS|TAMS 0x000000075e800000, 0x000000075e800000| Complete 
| 757|0x000000075ea00000, 0x000000075ec00000, 0x000000075ec00000|100%| E|CS|TAMS 0x000000075ea00000, 0x000000075ea00000| Complete 
| 758|0x000000075ec00000, 0x000000075ee00000, 0x000000075ee00000|100%| E|CS|TAMS 0x000000075ec00000, 0x000000075ec00000| Complete 
| 759|0x000000075ee00000, 0x000000075f000000, 0x000000075f000000|100%| E|CS|TAMS 0x000000075ee00000, 0x000000075ee00000| Complete 
| 760|0x000000075f000000, 0x000000075f200000, 0x000000075f200000|100%| E|CS|TAMS 0x000000075f000000, 0x000000075f000000| Complete 
| 761|0x000000075f200000, 0x000000075f400000, 0x000000075f400000|100%| E|CS|TAMS 0x000000075f200000, 0x000000075f200000| Complete 
| 762|0x000000075f400000, 0x000000075f600000, 0x000000075f600000|100%| E|CS|TAMS 0x000000075f400000, 0x000000075f400000| Complete 
| 763|0x000000075f600000, 0x000000075f800000, 0x000000075f800000|100%| E|CS|TAMS 0x000000075f600000, 0x000000075f600000| Complete 
| 764|0x000000075f800000, 0x000000075fa00000, 0x000000075fa00000|100%| E|CS|TAMS 0x000000075f800000, 0x000000075f800000| Complete 
| 765|0x000000075fa00000, 0x000000075fc00000, 0x000000075fc00000|100%| E|CS|TAMS 0x000000075fa00000, 0x000000075fa00000| Complete 
| 766|0x000000075fc00000, 0x000000075fe00000, 0x000000075fe00000|100%| E|CS|TAMS 0x000000075fc00000, 0x000000075fc00000| Complete 
| 767|0x000000075fe00000, 0x0000000760000000, 0x0000000760000000|100%| E|CS|TAMS 0x000000075fe00000, 0x000000075fe00000| Complete 
| 768|0x0000000760000000, 0x0000000760200000, 0x0000000760200000|100%| E|CS|TAMS 0x0000000760000000, 0x0000000760000000| Complete 
| 769|0x0000000760200000, 0x0000000760400000, 0x0000000760400000|100%| E|CS|TAMS 0x0000000760200000, 0x0000000760200000| Complete 
| 770|0x0000000760400000, 0x0000000760600000, 0x0000000760600000|100%| E|CS|TAMS 0x0000000760400000, 0x0000000760400000| Complete 
| 771|0x0000000760600000, 0x0000000760800000, 0x0000000760800000|100%| E|CS|TAMS 0x0000000760600000, 0x0000000760600000| Complete 
| 772|0x0000000760800000, 0x0000000760a00000, 0x0000000760a00000|100%| E|CS|TAMS 0x0000000760800000, 0x0000000760800000| Complete 
| 773|0x0000000760a00000, 0x0000000760c00000, 0x0000000760c00000|100%| E|CS|TAMS 0x0000000760a00000, 0x0000000760a00000| Complete 
| 774|0x0000000760c00000, 0x0000000760e00000, 0x0000000760e00000|100%| E|CS|TAMS 0x0000000760c00000, 0x0000000760c00000| Complete 
| 775|0x0000000760e00000, 0x0000000761000000, 0x0000000761000000|100%| E|CS|TAMS 0x0000000760e00000, 0x0000000760e00000| Complete 
| 776|0x0000000761000000, 0x0000000761200000, 0x0000000761200000|100%| E|CS|TAMS 0x0000000761000000, 0x0000000761000000| Complete 
| 777|0x0000000761200000, 0x0000000761400000, 0x0000000761400000|100%| E|CS|TAMS 0x0000000761200000, 0x0000000761200000| Complete 
| 778|0x0000000761400000, 0x0000000761600000, 0x0000000761600000|100%| E|CS|TAMS 0x0000000761400000, 0x0000000761400000| Complete 
| 779|0x0000000761600000, 0x0000000761800000, 0x0000000761800000|100%| E|CS|TAMS 0x0000000761600000, 0x0000000761600000| Complete 
| 780|0x0000000761800000, 0x0000000761a00000, 0x0000000761a00000|100%| E|CS|TAMS 0x0000000761800000, 0x0000000761800000| Complete 
| 781|0x0000000761a00000, 0x0000000761c00000, 0x0000000761c00000|100%| E|CS|TAMS 0x0000000761a00000, 0x0000000761a00000| Complete 
| 782|0x0000000761c00000, 0x0000000761e00000, 0x0000000761e00000|100%| E|CS|TAMS 0x0000000761c00000, 0x0000000761c00000| Complete 
| 783|0x0000000761e00000, 0x0000000762000000, 0x0000000762000000|100%| E|CS|TAMS 0x0000000761e00000, 0x0000000761e00000| Complete 
| 784|0x0000000762000000, 0x0000000762200000, 0x0000000762200000|100%| E|CS|TAMS 0x0000000762000000, 0x0000000762000000| Complete 
| 785|0x0000000762200000, 0x0000000762400000, 0x0000000762400000|100%| E|CS|TAMS 0x0000000762200000, 0x0000000762200000| Complete 
| 786|0x0000000762400000, 0x0000000762600000, 0x0000000762600000|100%| E|CS|TAMS 0x0000000762400000, 0x0000000762400000| Complete 
| 787|0x0000000762600000, 0x0000000762800000, 0x0000000762800000|100%| E|CS|TAMS 0x0000000762600000, 0x0000000762600000| Complete 
| 788|0x0000000762800000, 0x0000000762a00000, 0x0000000762a00000|100%| E|CS|TAMS 0x0000000762800000, 0x0000000762800000| Complete 
| 789|0x0000000762a00000, 0x0000000762c00000, 0x0000000762c00000|100%| E|CS|TAMS 0x0000000762a00000, 0x0000000762a00000| Complete 
| 790|0x0000000762c00000, 0x0000000762e00000, 0x0000000762e00000|100%| E|CS|TAMS 0x0000000762c00000, 0x0000000762c00000| Complete 
| 791|0x0000000762e00000, 0x0000000763000000, 0x0000000763000000|100%| E|CS|TAMS 0x0000000762e00000, 0x0000000762e00000| Complete 
| 792|0x0000000763000000, 0x0000000763200000, 0x0000000763200000|100%| E|CS|TAMS 0x0000000763000000, 0x0000000763000000| Complete 
| 793|0x0000000763200000, 0x0000000763400000, 0x0000000763400000|100%| E|CS|TAMS 0x0000000763200000, 0x0000000763200000| Complete 
| 794|0x0000000763400000, 0x0000000763600000, 0x0000000763600000|100%| E|CS|TAMS 0x0000000763400000, 0x0000000763400000| Complete 
| 795|0x0000000763600000, 0x0000000763800000, 0x0000000763800000|100%| E|CS|TAMS 0x0000000763600000, 0x0000000763600000| Complete 
| 796|0x0000000763800000, 0x0000000763a00000, 0x0000000763a00000|100%| E|CS|TAMS 0x0000000763800000, 0x0000000763800000| Complete 
| 797|0x0000000763a00000, 0x0000000763c00000, 0x0000000763c00000|100%| E|CS|TAMS 0x0000000763a00000, 0x0000000763a00000| Complete 
| 798|0x0000000763c00000, 0x0000000763e00000, 0x0000000763e00000|100%| E|CS|TAMS 0x0000000763c00000, 0x0000000763c00000| Complete 
| 799|0x0000000763e00000, 0x0000000764000000, 0x0000000764000000|100%| E|CS|TAMS 0x0000000763e00000, 0x0000000763e00000| Complete 
| 800|0x0000000764000000, 0x0000000764200000, 0x0000000764200000|100%| E|CS|TAMS 0x0000000764000000, 0x0000000764000000| Complete 
| 801|0x0000000764200000, 0x0000000764400000, 0x0000000764400000|100%| E|CS|TAMS 0x0000000764200000, 0x0000000764200000| Complete 
| 802|0x0000000764400000, 0x0000000764600000, 0x0000000764600000|100%| E|CS|TAMS 0x0000000764400000, 0x0000000764400000| Complete 
| 803|0x0000000764600000, 0x0000000764800000, 0x0000000764800000|100%| E|CS|TAMS 0x0000000764600000, 0x0000000764600000| Complete 
| 804|0x0000000764800000, 0x0000000764a00000, 0x0000000764a00000|100%| E|CS|TAMS 0x0000000764800000, 0x0000000764800000| Complete 
| 805|0x0000000764a00000, 0x0000000764c00000, 0x0000000764c00000|100%| S|CS|TAMS 0x0000000764a00000, 0x0000000764a00000| Complete 
| 806|0x0000000764c00000, 0x0000000764e00000, 0x0000000764e00000|100%| S|CS|TAMS 0x0000000764c00000, 0x0000000764c00000| Complete 
| 807|0x0000000764e00000, 0x0000000765000000, 0x0000000765000000|100%| E|CS|TAMS 0x0000000764e00000, 0x0000000764e00000| Complete 
| 808|0x0000000765000000, 0x0000000765200000, 0x0000000765200000|100%| E|CS|TAMS 0x0000000765000000, 0x0000000765000000| Complete 
| 809|0x0000000765200000, 0x0000000765400000, 0x0000000765400000|100%| E|CS|TAMS 0x0000000765200000, 0x0000000765200000| Complete 
| 810|0x0000000765400000, 0x0000000765600000, 0x0000000765600000|100%| E|CS|TAMS 0x0000000765400000, 0x0000000765400000| Complete 
| 811|0x0000000765600000, 0x0000000765800000, 0x0000000765800000|100%| E|CS|TAMS 0x0000000765600000, 0x0000000765600000| Complete 
| 812|0x0000000765800000, 0x0000000765a00000, 0x0000000765a00000|100%| E|CS|TAMS 0x0000000765800000, 0x0000000765800000| Complete 
| 813|0x0000000765a00000, 0x0000000765c00000, 0x0000000765c00000|100%| E|CS|TAMS 0x0000000765a00000, 0x0000000765a00000| Complete 
| 814|0x0000000765c00000, 0x0000000765e00000, 0x0000000765e00000|100%| E|CS|TAMS 0x0000000765c00000, 0x0000000765c00000| Complete 
| 815|0x0000000765e00000, 0x0000000766000000, 0x0000000766000000|100%| E|CS|TAMS 0x0000000765e00000, 0x0000000765e00000| Complete 
| 816|0x0000000766000000, 0x0000000766200000, 0x0000000766200000|100%| E|CS|TAMS 0x0000000766000000, 0x0000000766000000| Complete 
| 817|0x0000000766200000, 0x0000000766400000, 0x0000000766400000|100%| E|CS|TAMS 0x0000000766200000, 0x0000000766200000| Complete 
| 818|0x0000000766400000, 0x0000000766600000, 0x0000000766600000|100%| E|CS|TAMS 0x0000000766400000, 0x0000000766400000| Complete 
| 819|0x0000000766600000, 0x0000000766800000, 0x0000000766800000|100%| E|CS|TAMS 0x0000000766600000, 0x0000000766600000| Complete 
| 820|0x0000000766800000, 0x0000000766a00000, 0x0000000766a00000|100%| E|CS|TAMS 0x0000000766800000, 0x0000000766800000| Complete 
| 821|0x0000000766a00000, 0x0000000766c00000, 0x0000000766c00000|100%| E|CS|TAMS 0x0000000766a00000, 0x0000000766a00000| Complete 
| 822|0x0000000766c00000, 0x0000000766e00000, 0x0000000766e00000|100%| E|CS|TAMS 0x0000000766c00000, 0x0000000766c00000| Complete 
| 823|0x0000000766e00000, 0x0000000767000000, 0x0000000767000000|100%| E|CS|TAMS 0x0000000766e00000, 0x0000000766e00000| Complete 
| 824|0x0000000767000000, 0x0000000767200000, 0x0000000767200000|100%| E|CS|TAMS 0x0000000767000000, 0x0000000767000000| Complete 
| 825|0x0000000767200000, 0x0000000767400000, 0x0000000767400000|100%| E|CS|TAMS 0x0000000767200000, 0x0000000767200000| Complete 

Card table byte_map: [0x00000265d4ba0000,0x00000265d53a0000] _byte_map_base: 0x00000265d13a0000

Marking Bits (Prev, Next): (CMBitMap*) 0x00000265c0142050, (CMBitMap*) 0x00000265c0142090
 Prev Bits: [0x00000265d5ba0000, 0x00000265d9ba0000)
 Next Bits: [0x00000265d9ba0000, 0x00000265ddba0000)

Polling page: 0x00000265c01a0000

Metaspace:

Usage:
  Non-class:    154.03 MB used.
      Class:     23.18 MB used.
       Both:    177.21 MB used.

Virtual space:
  Non-class space:      160.00 MB reserved,     154.88 MB ( 97%) committed,  20 nodes.
      Class space:        1.00 GB reserved,      23.88 MB (  2%) committed,  1 nodes.
             Both:        1.16 GB reserved,     178.75 MB ( 15%) committed. 

Chunk freelists:
   Non-Class:  991.00 KB
       Class:  3.95 MB
        Both:  4.92 MB

MaxMetaspaceSize: unlimited
CompressedClassSpaceSize: 1.00 GB
Initial GC threshold: 21.00 MB
Current GC threshold: 259.69 MB
CDS: off
MetaspaceReclaimPolicy: balanced
 - commit_granule_bytes: 65536.
 - commit_granule_words: 8192.
 - virtual_space_node_default_size: 1048576.
 - enlarge_chunks_in_place: 1.
 - new_chunks_are_fully_committed: 0.
 - uncommit_free_chunks: 1.
 - use_allocation_guard: 0.
 - handle_deallocations: 1.


Internal statistics:

num_allocs_failed_limit: 8.
num_arena_births: 2306.
num_arena_deaths: 8.
num_vsnodes_births: 21.
num_vsnodes_deaths: 0.
num_space_committed: 2858.
num_space_uncommitted: 0.
num_chunks_returned_to_freelist: 18.
num_chunks_taken_from_freelist: 9526.
num_chunk_merges: 3.
num_chunk_splits: 6293.
num_chunks_enlarged: 4183.
num_purges: 4.
num_inconsistent_stats: 0.

CodeHeap 'non-profiled nmethods': size=120000Kb used=22215Kb max_used=22215Kb free=97784Kb
 bounds [0x00000265cc850000, 0x00000265cde10000, 0x00000265d3d80000]
CodeHeap 'profiled nmethods': size=120000Kb used=57133Kb max_used=57133Kb free=62866Kb
 bounds [0x00000265c4d80000, 0x00000265c8550000, 0x00000265cc2b0000]
CodeHeap 'non-nmethods': size=5760Kb used=2560Kb max_used=2649Kb free=3199Kb
 bounds [0x00000265cc2b0000, 0x00000265cc560000, 0x00000265cc850000]
 total_blobs=28209 nmethods=27092 adapters=1028
 compilation: enabled
              stopped_count=0, restarted_count=0
 full_count=0

Compilation events (20 events):
Event: 186.025 Thread 0x00000265e0c6df20 34986       3       kotlin.collections.CollectionsKt___CollectionsKt::single (74 bytes)
Event: 186.026 Thread 0x00000265e0c6df20 nmethod 34986 0x00000265c853e810 code [0x00000265c853ea80, 0x00000265c853f478]
Event: 186.030 Thread 0x00000265e0c6df20 34987       3       kotlin.collections.CollectionsKt___CollectionsKt::single (85 bytes)
Event: 186.031 Thread 0x00000265e0c6df20 nmethod 34987 0x00000265c853f790 code [0x00000265c853fa40, 0x00000265c8540888]
Event: 186.032 Thread 0x00000265e0c6df20 34988       3       kotlin.collections.CollectionsKt__CollectionsKt::emptyList (7 bytes)
Event: 186.032 Thread 0x00000265e0c6df20 nmethod 34988 0x00000265c7e34190 code [0x00000265c7e34320, 0x00000265c7e34418]
Event: 186.050 Thread 0x00000265e0c6df20 34989       3       org.jetbrains.kotlin.container.CacheKt::getInfo (14 bytes)
Event: 186.051 Thread 0x00000265e0c6df20 nmethod 34989 0x00000265c8540c90 code [0x00000265c8540ea0, 0x00000265c8541468]
Event: 186.051 Thread 0x00000265e0c6df20 34990       3       org.jetbrains.kotlin.container.ClassTraversalCache::getClassInfo (43 bytes)
Event: 186.052 Thread 0x00000265e0c6df20 nmethod 34990 0x00000265c8541690 code [0x00000265c85418e0, 0x00000265c8542208]
Event: 186.052 Thread 0x00000265e0c6df20 34991       3       com.intellij.util.containers.ConcurrentWeakKeySoftValueHashMap$HardKey::access$200 (5 bytes)
Event: 186.052 Thread 0x00000265e0c6df20 nmethod 34991 0x00000265c8542510 code [0x00000265c85426a0, 0x00000265c8542818]
Event: 186.068 Thread 0x00000265e0c6df20 34992       3       sun.reflect.generics.repository.ClassRepository::computeSuperInterfaces (62 bytes)
Event: 186.069 Thread 0x00000265e0c6df20 nmethod 34992 0x00000265c8542910 code [0x00000265c8542b20, 0x00000265c8543528]
Event: 186.187 Thread 0x00000265e0c616f0 34993   !   4       sun.reflect.annotation.AnnotationParser::parseAnnotation2 (271 bytes)
Event: 186.348 Thread 0x00000265e0c6df20 34994       3       jdk.proxy6.$Proxy136::<init> (6 bytes)
Event: 186.348 Thread 0x00000265e0c6df20 nmethod 34994 0x00000265c8543890 code [0x00000265c8543a60, 0x00000265c8543de8]
Event: 186.348 Thread 0x00000265e0c6df20 34995   !   3       jdk.proxy6.$Proxy136::annotationType (29 bytes)
Event: 186.349 Thread 0x00000265e0c6df20 nmethod 34995 0x00000265c8543f90 code [0x00000265c8544160, 0x00000265c8544558]
Event: 186.349 Thread 0x00000265e0c6df20 34996       3       org.jetbrains.kotlin.container.CacheKt::getConstructorInfo (258 bytes)

GC Heap History (20 events):
Event: 141.602 GC heap before
{Heap before GC invocations=81 (full 0):
 garbage-first heap   total 573440K, used 473888K [0x0000000700000000, 0x0000000800000000)
  region size 2048K, 101 young (206848K), 10 survivors (20480K)
 Metaspace       used 151847K, committed 153344K, reserved 1187840K
  class space    used 19922K, committed 20608K, reserved 1048576K
}
Event: 141.689 GC heap after
{Heap after GC invocations=82 (full 0):
 garbage-first heap   total 573440K, used 324426K [0x0000000700000000, 0x0000000800000000)
  region size 2048K, 13 young (26624K), 13 survivors (26624K)
 Metaspace       used 151847K, committed 153344K, reserved 1187840K
  class space    used 19922K, committed 20608K, reserved 1048576K
}
Event: 141.715 GC heap before
{Heap before GC invocations=82 (full 0):
 garbage-first heap   total 573440K, used 326474K [0x0000000700000000, 0x0000000800000000)
  region size 2048K, 14 young (28672K), 13 survivors (26624K)
 Metaspace       used 151848K, committed 153344K, reserved 1187840K
  class space    used 19922K, committed 20608K, reserved 1048576K
}
Event: 141.772 GC heap after
{Heap after GC invocations=83 (full 0):
 garbage-first heap   total 573440K, used 325193K [0x0000000700000000, 0x0000000800000000)
  region size 2048K, 2 young (4096K), 2 survivors (4096K)
 Metaspace       used 151848K, committed 153344K, reserved 1187840K
  class space    used 19922K, committed 20608K, reserved 1048576K
}
Event: 144.843 GC heap before
{Heap before GC invocations=83 (full 0):
 garbage-first heap   total 573440K, used 458313K [0x0000000700000000, 0x0000000800000000)
  region size 2048K, 67 young (137216K), 2 survivors (4096K)
 Metaspace       used 153100K, committed 154624K, reserved 1187840K
  class space    used 20089K, committed 20800K, reserved 1048576K
}
Event: 144.945 GC heap after
{Heap after GC invocations=84 (full 0):
 garbage-first heap   total 573440K, used 363357K [0x0000000700000000, 0x0000000800000000)
  region size 2048K, 9 young (18432K), 9 survivors (18432K)
 Metaspace       used 153100K, committed 154624K, reserved 1187840K
  class space    used 20089K, committed 20800K, reserved 1048576K
}
Event: 146.970 GC heap before
{Heap before GC invocations=85 (full 0):
 garbage-first heap   total 665600K, used 449373K [0x0000000700000000, 0x0000000800000000)
  region size 2048K, 51 young (104448K), 9 survivors (18432K)
 Metaspace       used 153165K, committed 154688K, reserved 1187840K
  class space    used 20093K, committed 20800K, reserved 1048576K
}
Event: 147.060 GC heap after
{Heap after GC invocations=86 (full 0):
 garbage-first heap   total 665600K, used 395101K [0x0000000700000000, 0x0000000800000000)
  region size 2048K, 7 young (14336K), 7 survivors (14336K)
 Metaspace       used 153165K, committed 154688K, reserved 1187840K
  class space    used 20093K, committed 20800K, reserved 1048576K
}
Event: 147.241 GC heap before
{Heap before GC invocations=86 (full 0):
 garbage-first heap   total 665600K, used 413533K [0x0000000700000000, 0x0000000800000000)
  region size 2048K, 16 young (32768K), 7 survivors (14336K)
 Metaspace       used 153172K, committed 154688K, reserved 1187840K
  class space    used 20093K, committed 20800K, reserved 1048576K
}
Event: 147.337 GC heap after
{Heap after GC invocations=87 (full 0):
 garbage-first heap   total 1691648K, used 400221K [0x0000000700000000, 0x0000000800000000)
  region size 2048K, 2 young (4096K), 2 survivors (4096K)
 Metaspace       used 153172K, committed 154688K, reserved 1187840K
  class space    used 20093K, committed 20800K, reserved 1048576K
}
Event: 158.310 GC heap before
{Heap before GC invocations=87 (full 0):
 garbage-first heap   total 1691648K, used 926557K [0x0000000700000000, 0x0000000800000000)
  region size 2048K, 259 young (530432K), 2 survivors (4096K)
 Metaspace       used 155712K, committed 157248K, reserved 1187840K
  class space    used 20424K, committed 21120K, reserved 1048576K
}
Event: 158.441 GC heap after
{Heap after GC invocations=88 (full 0):
 garbage-first heap   total 1691648K, used 456813K [0x0000000700000000, 0x0000000800000000)
  region size 2048K, 30 young (61440K), 30 survivors (61440K)
 Metaspace       used 155712K, committed 157248K, reserved 1187840K
  class space    used 20424K, committed 21120K, reserved 1048576K
}
Event: 168.824 GC heap before
{Heap before GC invocations=88 (full 0):
 garbage-first heap   total 1691648K, used 747629K [0x0000000700000000, 0x0000000800000000)
  region size 2048K, 169 young (346112K), 30 survivors (61440K)
 Metaspace       used 157307K, committed 158784K, reserved 1187840K
  class space    used 20585K, committed 21248K, reserved 1048576K
}
Event: 168.926 GC heap after
{Heap after GC invocations=89 (full 0):
 garbage-first heap   total 1691648K, used 467634K [0x0000000700000000, 0x0000000800000000)
  region size 2048K, 8 young (16384K), 8 survivors (16384K)
 Metaspace       used 157307K, committed 158784K, reserved 1187840K
  class space    used 20585K, committed 21248K, reserved 1048576K
}
Event: 170.893 GC heap before
{Heap before GC invocations=89 (full 0):
 garbage-first heap   total 1691648K, used 496306K [0x0000000700000000, 0x0000000800000000)
  region size 2048K, 24 young (49152K), 8 survivors (16384K)
 Metaspace       used 157542K, committed 159040K, reserved 1187840K
  class space    used 20615K, committed 21312K, reserved 1048576K
}
Event: 170.940 GC heap after
{Heap after GC invocations=90 (full 0):
 garbage-first heap   total 1691648K, used 464541K [0x0000000700000000, 0x0000000800000000)
  region size 2048K, 7 young (14336K), 7 survivors (14336K)
 Metaspace       used 157542K, committed 159040K, reserved 1187840K
  class space    used 20615K, committed 21312K, reserved 1048576K
}
Event: 176.557 GC heap before
{Heap before GC invocations=91 (full 0):
 garbage-first heap   total 1691648K, used 839325K [0x0000000700000000, 0x0000000800000000)
  region size 2048K, 171 young (350208K), 7 survivors (14336K)
 Metaspace       used 158222K, committed 159744K, reserved 1187840K
  class space    used 20703K, committed 21376K, reserved 1048576K
}
Event: 176.640 GC heap after
{Heap after GC invocations=92 (full 0):
 garbage-first heap   total 1691648K, used 531690K [0x0000000700000000, 0x0000000800000000)
  region size 2048K, 22 young (45056K), 22 survivors (45056K)
 Metaspace       used 158222K, committed 159744K, reserved 1187840K
  class space    used 20703K, committed 21376K, reserved 1048576K
}
Event: 177.304 GC heap before
{Heap before GC invocations=92 (full 0):
 garbage-first heap   total 1691648K, used 572650K [0x0000000700000000, 0x0000000800000000)
  region size 2048K, 41 young (83968K), 22 survivors (45056K)
 Metaspace       used 158252K, committed 159808K, reserved 1187840K
  class space    used 20705K, committed 21376K, reserved 1048576K
}
Event: 177.362 GC heap after
{Heap after GC invocations=93 (full 0):
 garbage-first heap   total 1691648K, used 515709K [0x0000000700000000, 0x0000000800000000)
  region size 2048K, 2 young (4096K), 2 survivors (4096K)
 Metaspace       used 158252K, committed 159808K, reserved 1187840K
  class space    used 20705K, committed 21376K, reserved 1048576K
}

Dll operation events (2 events):
Event: 0.013 Loaded shared library C:\Program Files\Android\Android Studio\jbr\bin\java.dll
Event: 0.867 Loaded shared library C:\Program Files\Android\Android Studio\jbr\bin\verify.dll

Deoptimization events (20 events):
Event: 184.615 Thread 0x00000265e931db50 DEOPT PACKING pc=0x00000265cddeea10 sp=0x0000007fb2afbd70
Event: 184.615 Thread 0x00000265e931db50 DEOPT UNPACKING pc=0x00000265cc3069a3 sp=0x0000007fb2afbcf0 mode 2
Event: 184.832 Thread 0x00000265e931db50 Uncommon trap: trap_request=0xffffffde fr.pc=0x00000265cddf07ec relative=0x000000000000048c
Event: 184.832 Thread 0x00000265e931db50 Uncommon trap: reason=class_check action=maybe_recompile pc=0x00000265cddf07ec method=org.jetbrains.kotlin.protobuf.CodedInputStream.tryRefillBuffer(I)Z @ 177 c2
Event: 184.832 Thread 0x00000265e931db50 DEOPT PACKING pc=0x00000265cddf07ec sp=0x0000007fb2afc6f0
Event: 184.832 Thread 0x00000265e931db50 DEOPT UNPACKING pc=0x00000265cc3069a3 sp=0x0000007fb2afc5d8 mode 2
Event: 184.832 Thread 0x00000265e931db50 Uncommon trap: trap_request=0xffffffde fr.pc=0x00000265cddf07ec relative=0x000000000000048c
Event: 184.832 Thread 0x00000265e931db50 Uncommon trap: reason=class_check action=maybe_recompile pc=0x00000265cddf07ec method=org.jetbrains.kotlin.protobuf.CodedInputStream.tryRefillBuffer(I)Z @ 177 c2
Event: 184.832 Thread 0x00000265e931db50 DEOPT PACKING pc=0x00000265cddf07ec sp=0x0000007fb2afc6f0
Event: 184.832 Thread 0x00000265e931db50 DEOPT UNPACKING pc=0x00000265cc3069a3 sp=0x0000007fb2afc5d8 mode 2
Event: 184.833 Thread 0x00000265e931db50 Uncommon trap: trap_request=0xffffffde fr.pc=0x00000265cddf07ec relative=0x000000000000048c
Event: 184.833 Thread 0x00000265e931db50 Uncommon trap: reason=class_check action=maybe_recompile pc=0x00000265cddf07ec method=org.jetbrains.kotlin.protobuf.CodedInputStream.tryRefillBuffer(I)Z @ 177 c2
Event: 184.833 Thread 0x00000265e931db50 DEOPT PACKING pc=0x00000265cddf07ec sp=0x0000007fb2afc6f0
Event: 184.834 Thread 0x00000265e931db50 DEOPT UNPACKING pc=0x00000265cc3069a3 sp=0x0000007fb2afc5d8 mode 2
Event: 184.834 Thread 0x00000265e931db50 Uncommon trap: trap_request=0xffffffde fr.pc=0x00000265cddf07ec relative=0x000000000000048c
Event: 184.834 Thread 0x00000265e931db50 Uncommon trap: reason=class_check action=maybe_recompile pc=0x00000265cddf07ec method=org.jetbrains.kotlin.protobuf.CodedInputStream.tryRefillBuffer(I)Z @ 177 c2
Event: 184.834 Thread 0x00000265e931db50 DEOPT PACKING pc=0x00000265cddf07ec sp=0x0000007fb2afc6f0
Event: 184.834 Thread 0x00000265e931db50 DEOPT UNPACKING pc=0x00000265cc3069a3 sp=0x0000007fb2afc5d8 mode 2
Event: 185.958 Thread 0x00000265e5e82790 DEOPT PACKING pc=0x00000265c59d8514 sp=0x0000007fb5fff440
Event: 185.958 Thread 0x00000265e5e82790 DEOPT UNPACKING pc=0x00000265cc307143 sp=0x0000007fb5ffe900 mode 0

Classes unloaded (4 events):
Event: 130.924 Thread 0x00000265e0211c20 Unloading class 0x0000000800eec800 'java/lang/invoke/LambdaForm$DMH+0x0000000800eec800'
Event: 130.924 Thread 0x00000265e0211c20 Unloading class 0x0000000800eec400 'java/lang/invoke/LambdaForm$DMH+0x0000000800eec400'
Event: 145.970 Thread 0x00000265e0211c20 Unloading class 0x000000080131c400 'java/lang/invoke/LambdaForm$DMH+0x000000080131c400'
Event: 145.970 Thread 0x00000265e0211c20 Unloading class 0x00000008012d8400 'java/lang/invoke/LambdaForm$DMH+0x00000008012d8400'

Classes redefined (0 events):
No events

Internal exceptions (20 events):
Event: 180.697 Thread 0x00000265e7740bd0 Exception <a 'sun/nio/fs/WindowsException'{0x0000000762e08f80}> (0x0000000762e08f80) 
thrown [s\src\hotspot\share\prims\jni.cpp, line 517]
Event: 180.797 Thread 0x00000265ece63f30 Exception <a 'sun/nio/fs/WindowsException'{0x0000000762fbba88}> (0x0000000762fbba88) 
thrown [s\src\hotspot\share\prims\jni.cpp, line 517]
Event: 180.797 Thread 0x00000265ece63f30 Exception <a 'sun/nio/fs/WindowsException'{0x0000000762fbbd88}> (0x0000000762fbbd88) 
thrown [s\src\hotspot\share\prims\jni.cpp, line 517]
Event: 181.081 Thread 0x00000265e931db50 Exception <a 'java/lang/NoSuchMethodError'{0x0000000762872430}: 'java.lang.Object java.lang.invoke.DirectMethodHandle$Holder.invokeStaticInit(java.lang.Object, int)'> (0x0000000762872430) 
thrown [s\src\hotspot\share\interpreter\linkResolver.cpp, line 771]
Event: 181.384 Thread 0x00000265e931db50 Exception <a 'java/lang/NoSuchMethodError'{0x00000007626899c8}: 'long java.lang.invoke.DirectMethodHandle$Holder.invokeStatic(java.lang.Object)'> (0x00000007626899c8) 
thrown [s\src\hotspot\share\interpreter\linkResolver.cpp, line 771]
Event: 181.384 Thread 0x00000265e931db50 Exception <a 'java/lang/NoSuchMethodError'{0x000000076268d2d0}: 'long java.lang.invoke.DirectMethodHandle$Holder.invokeStaticInit(java.lang.Object)'> (0x000000076268d2d0) 
thrown [s\src\hotspot\share\interpreter\linkResolver.cpp, line 771]
Event: 181.614 Thread 0x00000265e931db50 Exception <a 'java/lang/NoSuchMethodError'{0x000000076221f150}: 'long java.lang.invoke.Invokers$Holder.invoke_MT(java.lang.Object, java.lang.Object, java.lang.Object, java.lang.Object)'> (0x000000076221f150) 
thrown [s\src\hotspot\share\interpreter\linkResolver.cpp, line 771]
Event: 181.615 Thread 0x00000265e931db50 Exception <a 'java/lang/NoSuchMethodError'{0x0000000762227690}: 'int java.lang.invoke.Invokers$Holder.invoke_MT(java.lang.Object, java.lang.Object, java.lang.Object, java.lang.Object)'> (0x0000000762227690) 
thrown [s\src\hotspot\share\interpreter\linkResolver.cpp, line 771]
Event: 181.617 Thread 0x00000265e931db50 Exception <a 'java/lang/NoSuchMethodError'{0x0000000762236b28}: 'void java.lang.invoke.DelegatingMethodHandle$Holder.reinvoke_L(java.lang.Object, java.lang.Object, java.lang.Object, long, java.lang.Object)'> (0x0000000762236b28) 
thrown [s\src\hotspot\share\interpreter\linkResolver.cpp, line 771]
Event: 181.618 Thread 0x00000265e931db50 Exception <a 'java/lang/NoSuchMethodError'{0x000000076223df70}: 'java.lang.Object java.lang.invoke.DirectMethodHandle$Holder.invokeSpecial(java.lang.Object, java.lang.Object, java.lang.Object, java.lang.Object, long)'> (0x000000076223df70) 
thrown [s\src\hotspot\share\interpreter\linkResolver.cpp, line 771]
Event: 181.622 Thread 0x00000265e931db50 Exception <a 'java/lang/NoSuchMethodError'{0x000000076224d6f8}: 'int java.lang.invoke.DelegatingMethodHandle$Holder.reinvoke_L(java.lang.Object, java.lang.Object, java.lang.Object, long, java.lang.Object, java.lang.Object)'> (0x000000076224d6f8) 
thrown [s\src\hotspot\share\interpreter\linkResolver.cpp, line 771]
Event: 181.645 Thread 0x00000265e931db50 Exception <a 'java/lang/NoSuchMethodError'{0x000000076225c380}: 'int java.lang.invoke.DelegatingMethodHandle$Holder.reinvoke_L(java.lang.Object, java.lang.Object, java.lang.Object, long, int, int)'> (0x000000076225c380) 
thrown [s\src\hotspot\share\interpreter\linkResolver.cpp, line 771]
Event: 181.650 Thread 0x00000265e931db50 Exception <a 'java/lang/NoSuchMethodError'{0x000000076226eb88}: 'int java.lang.invoke.DelegatingMethodHandle$Holder.reinvoke_L(java.lang.Object, java.lang.Object, java.lang.Object, long, long, long)'> (0x000000076226eb88) 
thrown [s\src\hotspot\share\interpreter\linkResolver.cpp, line 771]
Event: 181.660 Thread 0x00000265e931db50 Exception <a 'java/lang/NoSuchMethodError'{0x000000076227d2a0}: 'int java.lang.invoke.DelegatingMethodHandle$Holder.reinvoke_L(java.lang.Object, java.lang.Object, java.lang.Object, long, int)'> (0x000000076227d2a0) 
thrown [s\src\hotspot\share\interpreter\linkResolver.cpp, line 771]
Event: 182.368 Thread 0x00000265e931db50 Exception <a 'sun/nio/fs/WindowsException'{0x00000007618b7fe0}> (0x00000007618b7fe0) 
thrown [s\src\hotspot\share\prims\jni.cpp, line 517]
Event: 182.368 Thread 0x00000265e931db50 Exception <a 'sun/nio/fs/WindowsException'{0x00000007618b8b10}> (0x00000007618b8b10) 
thrown [s\src\hotspot\share\prims\jni.cpp, line 517]
Event: 182.368 Thread 0x00000265e931db50 Exception <a 'sun/nio/fs/WindowsException'{0x00000007618b9400}> (0x00000007618b9400) 
thrown [s\src\hotspot\share\prims\jni.cpp, line 517]
Event: 182.368 Thread 0x00000265e931db50 Exception <a 'sun/nio/fs/WindowsException'{0x00000007618ba0a0}> (0x00000007618ba0a0) 
thrown [s\src\hotspot\share\prims\jni.cpp, line 517]
Event: 182.369 Thread 0x00000265e931db50 Exception <a 'sun/nio/fs/WindowsException'{0x00000007618babd0}> (0x00000007618babd0) 
thrown [s\src\hotspot\share\prims\jni.cpp, line 517]
Event: 183.194 Thread 0x00000265e931db50 Implicit null exception at 0x00000265ccff3313 to 0x00000265ccff3464

VM Operations (20 events):
Event: 181.355 Executing VM operation: HandshakeAllThreads
Event: 181.356 Executing VM operation: HandshakeAllThreads done
Event: 181.400 Executing VM operation: HandshakeAllThreads
Event: 181.400 Executing VM operation: HandshakeAllThreads done
Event: 181.815 Executing VM operation: HandshakeAllThreads
Event: 181.816 Executing VM operation: HandshakeAllThreads done
Event: 181.816 Executing VM operation: Cleanup
Event: 181.816 Executing VM operation: Cleanup done
Event: 181.852 Executing VM operation: HandshakeAllThreads
Event: 181.853 Executing VM operation: HandshakeAllThreads done
Event: 182.207 Executing VM operation: HandshakeAllThreads
Event: 182.207 Executing VM operation: HandshakeAllThreads done
Event: 183.207 Executing VM operation: Cleanup
Event: 183.207 Executing VM operation: Cleanup done
Event: 183.992 Executing VM operation: HandshakeAllThreads
Event: 183.992 Executing VM operation: HandshakeAllThreads done
Event: 184.993 Executing VM operation: Cleanup
Event: 184.993 Executing VM operation: Cleanup done
Event: 185.994 Executing VM operation: Cleanup
Event: 185.994 Executing VM operation: Cleanup done

Events (20 events):
Event: 179.797 loading class com/sun/org/apache/xerces/internal/dom/DeferredAttrImpl done
Event: 180.795 Thread 0x00000265e00b8150 Thread exited: 0x00000265e00b8150
Event: 180.796 Thread 0x00000265ee58b9b0 Thread exited: 0x00000265ee58b9b0
Event: 180.797 Thread 0x00000265ee58b4e0 Thread exited: 0x00000265ee58b4e0
Event: 180.798 Thread 0x00000265e7740bd0 Thread exited: 0x00000265e7740bd0
Event: 181.343 loading class java/util/function/IntUnaryOperator
Event: 181.343 loading class java/util/function/IntUnaryOperator done
Event: 181.386 loading class java/util/concurrent/atomic/AtomicLongFieldUpdater
Event: 181.386 loading class java/util/concurrent/atomic/AtomicLongFieldUpdater done
Event: 181.386 loading class java/util/concurrent/atomic/AtomicLongFieldUpdater$CASUpdater
Event: 181.387 loading class java/util/concurrent/atomic/AtomicLongFieldUpdater$CASUpdater done
Event: 181.387 loading class java/util/concurrent/atomic/AtomicLongFieldUpdater$CASUpdater$1
Event: 181.387 loading class java/util/concurrent/atomic/AtomicLongFieldUpdater$CASUpdater$1 done
Event: 181.531 Thread 0x00000265f0f22c50 Thread exited: 0x00000265f0f22c50
Event: 181.672 loading class java/util/EmptyStackException
Event: 181.672 loading class java/util/EmptyStackException done
Event: 181.788 Thread 0x00000265f0f1ef90 Thread added: 0x00000265f0f1ef90
Event: 182.249 Thread 0x00000265f0f1ef90 Thread exited: 0x00000265f0f1ef90
Event: 183.477 Thread 0x00000265f0f22c50 Thread added: 0x00000265f0f22c50
Event: 184.251 Thread 0x00000265f0f22c50 Thread exited: 0x00000265f0f22c50


Dynamic libraries:
0x00007ff78d840000 - 0x00007ff78d84a000 	C:\Program Files\Android\Android Studio\jbr\bin\java.exe
0x00007ffe2eed0000 - 0x00007ffe2f0c8000 	C:\Windows\SYSTEM32\ntdll.dll
0x00007ffe2d240000 - 0x00007ffe2d2fd000 	C:\Windows\System32\KERNEL32.DLL
0x00007ffe2cc00000 - 0x00007ffe2cef6000 	C:\Windows\System32\KERNELBASE.dll
0x00007ffe2c9b0000 - 0x00007ffe2cab0000 	C:\Windows\System32\ucrtbase.dll
0x00007ffdfab30000 - 0x00007ffdfab47000 	C:\Program Files\Android\Android Studio\jbr\bin\jli.dll
0x00007ffe22290000 - 0x00007ffe222ab000 	C:\Program Files\Android\Android Studio\jbr\bin\VCRUNTIME140.dll
0x00007ffe2dd40000 - 0x00007ffe2dede000 	C:\Windows\System32\USER32.dll
0x00007ffe2cbd0000 - 0x00007ffe2cbf2000 	C:\Windows\System32\win32u.dll
0x00007ffe212d0000 - 0x00007ffe2156a000 	C:\Windows\WinSxS\amd64_microsoft.windows.common-controls_6595b64144ccf1df_6.0.19041.3636_none_60b6a03d71f818d5\COMCTL32.dll
0x00007ffe2eb90000 - 0x00007ffe2ebbb000 	C:\Windows\System32\GDI32.dll
0x00007ffe2cab0000 - 0x00007ffe2cbc7000 	C:\Windows\System32\gdi32full.dll
0x00007ffe2c640000 - 0x00007ffe2c6dd000 	C:\Windows\System32\msvcp_win.dll
0x00007ffe2ebc0000 - 0x00007ffe2ec5e000 	C:\Windows\System32\msvcrt.dll
0x00007ffe2ee50000 - 0x00007ffe2ee82000 	C:\Windows\System32\IMM32.DLL
0x00007ffe1d790000 - 0x00007ffe1d79c000 	C:\Program Files\Android\Android Studio\jbr\bin\vcruntime140_1.dll
0x00007ffdc9b10000 - 0x00007ffdc9b9d000 	C:\Program Files\Android\Android Studio\jbr\bin\msvcp140.dll
0x00007ffdb75d0000 - 0x00007ffdb823e000 	C:\Program Files\Android\Android Studio\jbr\bin\server\jvm.dll
0x00007ffe2d190000 - 0x00007ffe2d240000 	C:\Windows\System32\ADVAPI32.dll
0x00007ffe2ed90000 - 0x00007ffe2ee30000 	C:\Windows\System32\sechost.dll
0x00007ffe2ec60000 - 0x00007ffe2ed85000 	C:\Windows\System32\RPCRT4.dll
0x00007ffe2c790000 - 0x00007ffe2c7b7000 	C:\Windows\System32\bcrypt.dll
0x00007ffe1ae30000 - 0x00007ffe1ae39000 	C:\Windows\SYSTEM32\WSOCK32.dll
0x00007ffe12b60000 - 0x00007ffe12b87000 	C:\Windows\SYSTEM32\WINMM.dll
0x00007ffe2dee0000 - 0x00007ffe2df4b000 	C:\Windows\System32\WS2_32.dll
0x00007ffe1e060000 - 0x00007ffe1e06a000 	C:\Windows\SYSTEM32\VERSION.dll
0x00007ffe2ad80000 - 0x00007ffe2ad92000 	C:\Windows\SYSTEM32\kernel.appcore.dll
0x00007ffdfab20000 - 0x00007ffdfab2a000 	C:\Program Files\Android\Android Studio\jbr\bin\jimage.dll
0x00007ffe10010000 - 0x00007ffe101f4000 	C:\Windows\SYSTEM32\DBGHELP.DLL
0x00007ffe14070000 - 0x00007ffe140a4000 	C:\Windows\SYSTEM32\dbgcore.DLL
0x00007ffe2c7c0000 - 0x00007ffe2c842000 	C:\Windows\System32\bcryptPrimitives.dll
0x00007ffde0a50000 - 0x00007ffde0a75000 	C:\Program Files\Android\Android Studio\jbr\bin\java.dll
0x00007ffde0a30000 - 0x00007ffde0a48000 	C:\Program Files\Android\Android Studio\jbr\bin\zip.dll
0x00007ffe2e1b0000 - 0x00007ffe2e91b000 	C:\Windows\System32\SHELL32.dll
0x00007ffe2a500000 - 0x00007ffe2ac9e000 	C:\Windows\SYSTEM32\windows.storage.dll
0x00007ffe2d9e0000 - 0x00007ffe2dd33000 	C:\Windows\System32\combase.dll
0x00007ffe2be00000 - 0x00007ffe2be2e000 	C:\Windows\SYSTEM32\Wldp.dll
0x00007ffe2d770000 - 0x00007ffe2d83d000 	C:\Windows\System32\OLEAUT32.dll
0x00007ffe2df60000 - 0x00007ffe2e00d000 	C:\Windows\System32\SHCORE.dll
0x00007ffe2e980000 - 0x00007ffe2e9d5000 	C:\Windows\System32\shlwapi.dll
0x00007ffe2c4b0000 - 0x00007ffe2c4d5000 	C:\Windows\SYSTEM32\profapi.dll
0x00007ffde0a10000 - 0x00007ffde0a29000 	C:\Program Files\Android\Android Studio\jbr\bin\net.dll
0x00007ffe251e0000 - 0x00007ffe252ea000 	C:\Windows\SYSTEM32\WINHTTP.dll
0x00007ffe2bbe0000 - 0x00007ffe2bc4a000 	C:\Windows\system32\mswsock.dll
0x00007ffddb270000 - 0x00007ffddb286000 	C:\Program Files\Android\Android Studio\jbr\bin\nio.dll
0x00007ffdf3e20000 - 0x00007ffdf3e30000 	C:\Program Files\Android\Android Studio\jbr\bin\verify.dll
0x00007ffddb240000 - 0x00007ffddb267000 	C:\Users\ALI_S\.gradle\native\e1d6ef7f7dcc3fd88c89a11ec53ec762bb8ba0a96d01ffa2cd45eb1d1d8dd5c5\windows-amd64\native-platform.dll
0x00007ffdc9980000 - 0x00007ffdc9ac4000 	C:\Users\ALI_S\.gradle\native\0d407fdbe67a94daf76414ababcb853783967236a71b16ec16e742cd7a986fd3\windows-amd64\native-platform-file-events.dll
0x00007ffde0a00000 - 0x00007ffde0a09000 	C:\Program Files\Android\Android Studio\jbr\bin\management.dll
0x00007ffddb230000 - 0x00007ffddb23b000 	C:\Program Files\Android\Android Studio\jbr\bin\management_ext.dll
0x00007ffe2d8a0000 - 0x00007ffe2d8a8000 	C:\Windows\System32\PSAPI.DLL
0x00007ffe2c150000 - 0x00007ffe2c168000 	C:\Windows\SYSTEM32\CRYPTSP.dll
0x00007ffe2b530000 - 0x00007ffe2b564000 	C:\Windows\system32\rsaenh.dll
0x00007ffe2c430000 - 0x00007ffe2c45e000 	C:\Windows\SYSTEM32\USERENV.dll
0x00007ffe2bd70000 - 0x00007ffe2bd7c000 	C:\Windows\SYSTEM32\CRYPTBASE.dll
0x00007ffe2b8f0000 - 0x00007ffe2b92b000 	C:\Windows\SYSTEM32\IPHLPAPI.DLL
0x00007ffe2e010000 - 0x00007ffe2e018000 	C:\Windows\System32\NSI.dll
0x00007ffe26020000 - 0x00007ffe26037000 	C:\Windows\SYSTEM32\dhcpcsvc6.DLL
0x00007ffe26000000 - 0x00007ffe2601d000 	C:\Windows\SYSTEM32\dhcpcsvc.DLL
0x00007ffe2b930000 - 0x00007ffe2b9fb000 	C:\Windows\SYSTEM32\DNSAPI.dll
0x00007ffe1a5b0000 - 0x00007ffe1a5b7000 	C:\Windows\system32\wshunix.dll
0x00007ffe247e0000 - 0x00007ffe247ea000 	C:\Windows\System32\rasadhlp.dll
0x00007ffe24a80000 - 0x00007ffe24b00000 	C:\Windows\System32\fwpuclnt.dll
0x00007ffe2b650000 - 0x00007ffe2b683000 	C:\Windows\SYSTEM32\ntmarta.dll
0x00007ffe27320000 - 0x00007ffe2733e000 	C:\Users\ALI_S\AppData\Local\Temp\native-platform11693913606994039683dir\native-platform.dll
0x00007ffe274e0000 - 0x00007ffe274e7000 	C:\Program Files\Android\Android Studio\jbr\bin\rmi.dll

dbghelp: loaded successfully - version: 4.0.5 - missing functions: none
symbol engine: initialized successfully - sym options: 0x614 - pdb path: .;C:\Program Files\Android\Android Studio\jbr\bin;C:\Windows\SYSTEM32;C:\Windows\WinSxS\amd64_microsoft.windows.common-controls_6595b64144ccf1df_6.0.19041.3636_none_60b6a03d71f818d5;C:\Program Files\Android\Android Studio\jbr\bin\server;C:\Users\ALI_S\.gradle\native\e1d6ef7f7dcc3fd88c89a11ec53ec762bb8ba0a96d01ffa2cd45eb1d1d8dd5c5\windows-amd64;C:\Users\ALI_S\.gradle\native\0d407fdbe67a94daf76414ababcb853783967236a71b16ec16e742cd7a986fd3\windows-amd64;C:\Users\ALI_S\AppData\Local\Temp\native-platform11693913606994039683dir

VM Arguments:
jvm_args: --add-opens=java.base/java.util=ALL-UNNAMED --add-opens=java.base/java.lang=ALL-UNNAMED --add-opens=java.base/java.lang.invoke=ALL-UNNAMED --add-opens=java.base/java.util=ALL-UNNAMED --add-opens=java.prefs/java.util.prefs=ALL-UNNAMED --add-opens=java.prefs/java.util.prefs=ALL-UNNAMED --add-opens=java.base/java.nio.charset=ALL-UNNAMED --add-opens=java.base/java.net=ALL-UNNAMED --add-opens=java.base/java.util.concurrent.atomic=ALL-UNNAMED -Xmx4G -Dfile.encoding=windows-1252 -Duser.country=US -Duser.language=en -Duser.variant 
java_command: org.gradle.launcher.daemon.bootstrap.GradleDaemon 7.5
java_class_path (initial): C:\Users\ALI_S\.gradle\wrapper\dists\gradle-7.5-all\6qsw290k5lz422uaf8jf6m7co\gradle-7.5\lib\gradle-launcher-7.5.jar
Launcher Type: SUN_STANDARD

[Global flags]
     intx CICompilerCount                          = 3                                         {product} {ergonomic}
     uint ConcGCThreads                            = 1                                         {product} {ergonomic}
     uint G1ConcRefinementThreads                  = 4                                         {product} {ergonomic}
   size_t G1HeapRegionSize                         = 2097152                                   {product} {ergonomic}
    uintx GCDrainStackTargetSize                   = 64                                        {product} {ergonomic}
   size_t InitialHeapSize                          = 134217728                                 {product} {ergonomic}
   size_t MarkStackSize                            = 4194304                                   {product} {ergonomic}
   size_t MaxHeapSize                              = 4294967296                                {product} {command line}
   size_t MaxNewSize                               = 2575302656                                {product} {ergonomic}
   size_t MinHeapDeltaBytes                        = 2097152                                   {product} {ergonomic}
   size_t MinHeapSize                              = 8388608                                   {product} {ergonomic}
    uintx NonNMethodCodeHeapSize                   = 5832780                                {pd product} {ergonomic}
    uintx NonProfiledCodeHeapSize                  = 122912730                              {pd product} {ergonomic}
    uintx ProfiledCodeHeapSize                     = 122912730                              {pd product} {ergonomic}
    uintx ReservedCodeCacheSize                    = 251658240                              {pd product} {ergonomic}
     bool SegmentedCodeCache                       = true                                      {product} {ergonomic}
   size_t SoftMaxHeapSize                          = 4294967296                             {manageable} {ergonomic}
     bool UseCompressedClassPointers               = true                           {product lp64_product} {ergonomic}
     bool UseCompressedOops                        = true                           {product lp64_product} {ergonomic}
     bool UseG1GC                                  = true                                      {product} {ergonomic}
     bool UseLargePagesIndividualAllocation        = false                                  {pd product} {ergonomic}

Logging:
Log output configuration:
 #0: stdout all=warning uptime,level,tags
 #1: stderr all=off uptime,level,tags

Environment Variables:
JAVA_HOME=C:\Program Files\Android\Android Studio\jbr
CLASSPATH=C:\development\flutter_app\mukawwin_3\android\\gradle\wrapper\gradle-wrapper.jar
PATH=C:\Program Files\Android\Android Studio\jbr\bin;C:\Program Files\Common Files\Oracle\Java\javapath;C:\Program Files (x86)\VMware\VMware Player\bin\;C:\Windows\system32;C:\Windows;C:\Windows\System32\Wbem;C:\Windows\System32\WindowsPowerShell\v1.0\;C:\Windows\System32\OpenSSH\;C:\Program Files\Git\cmd;C:\Program Files\MATLAB\R2017a\runtime\win64;C:\Program Files\MATLAB\R2017a\bin;C:\Program Files\nodejs\;C:\Program Files\Microsoft SQL Server\110\Tools\Binn\;c:\Program Files (x86)\Microsoft SQL Server\90\Tools\binn\;C:\Visual8\Common7\IDE;C:\Visual8\VC\bin;C:\Visual8\Common7\Tools;C:\Visual8\Common7\Tools\Bin;C:\Visual8\VC\PlatformSDK\Bin;C:\Visual8\SDK\v2.0\Bin;C:\Windows\Microsoft.NET\Framework\v2.0.50727;C:\Visual8\VC\vcpackages;C:\Opnet\14.5.A\bin;C:\Program Files\Java\jdk1.8.0_65\bin;C:\Users\ALI_S\AppData\Local\Microsoft\WindowsApps;C:\development\flutter\bin;C:\Users\ALI_S\AppData\Local\Programs\Microsoft VS Code\bin;C:\development\flutter\bin\mingit\cmd;C:\development\flutter\bin\mingit\cmd
USERNAME=ALI_S
LIBPATH=C:\Windows\Microsoft.NET\Framework\v2.0.50727;C:\Visual8\VC\ATLMFC\LIB;
OS=Windows_NT
PROCESSOR_IDENTIFIER=Intel64 Family 6 Model 58 Stepping 9, GenuineIntel
TMP=C:\Users\ALI_S\AppData\Local\Temp
TEMP=C:\Users\ALI_S\AppData\Local\Temp


JNI global refs:
JNI global refs: 25, weak refs: 0

JNI global refs memory usage: 843, weak refs: 841


---------------  S Y S T E M  ---------------

OS:
 Windows 10 , 64 bit Build 19041 (10.0.19041.3636)
OS uptime: 0 days 14:21 hours
Hyper-V role detected

CPU: total 4 (initial active 4) (2 cores per cpu, 2 threads per core) family 6 model 58 stepping 9 microcode 0x21, cx8, cmov, fxsr, ht, mmx, sse, sse2, sse3, ssse3, sse4.1, sse4.2, popcnt, tsc, tscinvbit, avx, aes, erms, clmul, vzeroupper, clflush, hv

Memory: 4k page, system-wide physical 8094M (379M free)
TotalPageFile size 11711M (AvailPageFile size 3M)
current process WorkingSet (physical memory assigned to process): 1684M, peak: 1684M
current process commit charge ("private bytes"): 2258M, peak: 2272M

vm_info: OpenJDK 64-Bit Server VM (17.0.6+0-b2043.56-10027231) for windows-amd64 JRE (17.0.6+0-b2043.56-10027231), built on Apr 28 2023 00:43:19 by "androidbuild" with MS VC++ 16.10 / 16.11 (VS2019)

END.
