#
# There is insufficient memory for the Java Runtime Environment to continue.
# Native memory allocation (malloc) failed to allocate 1915776 bytes for Chunk::new
# Possible reasons:
#   The system is out of physical RAM or swap space
#   The process is running with CompressedOops enabled, and the Java Heap may be blocking the growth of the native heap
# Possible solutions:
#   Reduce memory load on the system
#   Increase physical memory or swap space
#   Check if swap backing store is full
#   Decrease Java heap size (-Xmx/-Xms)
#   Decrease number of Java threads
#   Decrease Java thread stack sizes (-Xss)
#   Set larger code cache with -XX:ReservedCodeCacheSize=
#   JVM is running with Zero Based Compressed Oops mode in which the Java heap is
#     placed in the first 32GB address space. The Java Heap base address is the
#     maximum limit for the native heap growth. Please use -XX:HeapBaseMinAddress
#     to set the Java Heap base and to place the Java Heap above 32GB virtual address.
# This output file may be truncated or incomplete.
#
#  Out of Memory Error (arena.cpp:189), pid=13444, tid=10520
#
# JRE version: OpenJDK Runtime Environment (17.0.6) (build 17.0.6+0-b2043.56-10027231)
# Java VM: OpenJDK 64-Bit Server VM (17.0.6+0-b2043.56-10027231, mixed mode, tiered, compressed oops, compressed class ptrs, g1 gc, windows-amd64)
# No core dump will be written. Minidumps are not enabled by default on client versions of Windows
#

---------------  S U M M A R Y ------------

Command Line: --add-opens=java.base/java.util=ALL-UNNAMED --add-opens=java.base/java.lang=ALL-UNNAMED --add-opens=java.base/java.lang.invoke=ALL-UNNAMED --add-opens=java.base/java.util=ALL-UNNAMED --add-opens=java.prefs/java.util.prefs=ALL-UNNAMED --add-opens=java.prefs/java.util.prefs=ALL-UNNAMED --add-opens=java.base/java.nio.charset=ALL-UNNAMED --add-opens=java.base/java.net=ALL-UNNAMED --add-opens=java.base/java.util.concurrent.atomic=ALL-UNNAMED -Xmx4G -Dfile.encoding=windows-1252 -Duser.country=US -Duser.language=en -Duser.variant org.gradle.launcher.daemon.bootstrap.GradleDaemon 7.5

Host: Intel(R) Core(TM) i5-3380M CPU @ 2.90GHz, 4 cores, 7G,  Windows 10 , 64 bit Build 19041 (10.0.19041.3636)
Time: Wed Feb 19 14:23:08 2025 Syria Standard Time elapsed time: 311.518019 seconds (0d 0h 5m 11s)

---------------  T H R E A D  ---------------

Current thread (0x000001694cbc4560):  JavaThread "C2 CompilerThread1" daemon [_thread_in_native, id=10520, stack(0x000000048f900000,0x000000048fa00000)]


Current CompileTask:
C2: 311518 33636       4       com.android.tools.r8.internal.h30::a (16 bytes)

Stack: [0x000000048f900000,0x000000048fa00000]
Native frames: (J=compiled Java code, j=interpreted, Vv=VM code, C=native code)
V  [jvm.dll+0x683c9a]
V  [jvm.dll+0x8427a4]
V  [jvm.dll+0x843f9e]
V  [jvm.dll+0x844603]
V  [jvm.dll+0x249b75]
V  [jvm.dll+0xabcac]
V  [jvm.dll+0xac27c]
V  [jvm.dll+0x368857]
V  [jvm.dll+0x332f31]
V  [jvm.dll+0x3323da]
V  [jvm.dll+0x21c201]
V  [jvm.dll+0x21b621]
V  [jvm.dll+0x1a4fdd]
V  [jvm.dll+0x22b098]
V  [jvm.dll+0x229159]
V  [jvm.dll+0x7f81ec]
V  [jvm.dll+0x7f274a]
V  [jvm.dll+0x682ad5]
C  [ucrtbase.dll+0x21bb2]
C  [KERNEL32.DLL+0x17344]
C  [ntdll.dll+0x526b1]


---------------  P R O C E S S  ---------------

Threads class SMR info:
_java_thread_list=0x000001694a3f71f0, length=108, elements={
0x000001691cbd7c50, 0x000001693b815630, 0x000001693b817160, 0x000001693adc8a20,
0x000001693adcd800, 0x000001693adce0c0, 0x000001693adce980, 0x000001693b839660,
0x000001693b83d700, 0x000001693b83eb50, 0x000001693b9bcf80, 0x000001693b9bd860,
0x000001693d0e3020, 0x000001693cd2dd10, 0x000001693d29d300, 0x000001693d18f770,
0x000001693bb0bec0, 0x000001693c932280, 0x000001693c9330f0, 0x000001693c932750,
0x000001693c9318e0, 0x000001693c932c20, 0x000001693c931db0, 0x000001693c930a70,
0x000001693c9335c0, 0x000001693c92fc00, 0x000001693c9300d0, 0x000001693c930f40,
0x000001693c931410, 0x000001693dcef580, 0x000001693dcee240, 0x000001693dce9070,
0x000001693dceb6f0, 0x000001693dcea880, 0x000001693dcead50, 0x000001693dcf03f0,
0x000001693dce9540, 0x000001693dced8a0, 0x000001693dcedd70, 0x000001693dcec560,
0x000001693dceb220, 0x000001693dcecf00, 0x000001693dcefa50, 0x000001693dced3d0,
0x000001693dcf08c0, 0x000001693dceebe0, 0x000001693dcef0b0, 0x000001693dcee710,
0x000001693eaf0700, 0x000001693eaf0230, 0x000001693eaf2d80, 0x000001693eaee550,
0x000001693eaef3c0, 0x000001693eaf1a40, 0x000001693eaec870, 0x000001693eaf10a0,
0x000001693eaeba00, 0x000001693eaef890, 0x000001693eaecd40, 0x000001693eaed210,
0x000001693eaed6e0, 0x000001693eaee080, 0x000001693eaf23e0, 0x000001693eaec3a0,
0x000001693eaedbb0, 0x000001693eaf1f10, 0x000001693eaeeef0, 0x000001693eaeea20,
0x000001693eaefd60, 0x000001693eaf0bd0, 0x000001693eaf1570, 0x000001693eaf28b0,
0x000001693eaf3250, 0x00000169401e33a0, 0x00000169401e3d40, 0x00000169401e2ed0,
0x00000169401e4210, 0x00000169401e2060, 0x00000169401e3870, 0x00000169401e5080,
0x00000169401e5550, 0x00000169401e2a00, 0x00000169401e4bb0, 0x00000169401e5a20,
0x00000169401e2530, 0x0000016942a30710, 0x0000016942a30be0, 0x0000016942a31f20,
0x0000016942a32d90, 0x0000016942a33260, 0x0000016942a2c880, 0x0000016942a33c00,
0x0000016946e49800, 0x0000016946e4d690, 0x0000016946e4a1a0, 0x0000016946e484c0,
0x0000016946e48990, 0x0000016946e4e500, 0x0000016946e48e60, 0x000001694d5adf20,
0x000001694cbc4560, 0x000001694d5ae8c0, 0x000001694d5af730, 0x000001694d5af260,
0x000001694d5b1db0, 0x000001694d5ac710, 0x000001694d5acbe0, 0x000001694d5ab8a0
}

Java Threads: ( => current thread )
  0x000001691cbd7c50 JavaThread "main" [_thread_blocked, id=13496, stack(0x000000048b800000,0x000000048b900000)]
  0x000001693b815630 JavaThread "Reference Handler" daemon [_thread_blocked, id=13560, stack(0x000000048bf00000,0x000000048c000000)]
  0x000001693b817160 JavaThread "Finalizer" daemon [_thread_blocked, id=13568, stack(0x000000048c000000,0x000000048c100000)]
  0x000001693adc8a20 JavaThread "Signal Dispatcher" daemon [_thread_blocked, id=13576, stack(0x000000048c100000,0x000000048c200000)]
  0x000001693adcd800 JavaThread "Attach Listener" daemon [_thread_blocked, id=13580, stack(0x000000048c200000,0x000000048c300000)]
  0x000001693adce0c0 JavaThread "Service Thread" daemon [_thread_blocked, id=13584, stack(0x000000048c300000,0x000000048c400000)]
  0x000001693adce980 JavaThread "Monitor Deflation Thread" daemon [_thread_blocked, id=13588, stack(0x000000048c400000,0x000000048c500000)]
  0x000001693b839660 JavaThread "C2 CompilerThread0" daemon [_thread_in_native, id=13592, stack(0x000000048c500000,0x000000048c600000)]
  0x000001693b83d700 JavaThread "C1 CompilerThread0" daemon [_thread_blocked, id=13596, stack(0x000000048c600000,0x000000048c700000)]
  0x000001693b83eb50 JavaThread "Sweeper thread" daemon [_thread_blocked, id=13600, stack(0x000000048c700000,0x000000048c800000)]
  0x000001693b9bcf80 JavaThread "Common-Cleaner" daemon [_thread_blocked, id=13604, stack(0x000000048c800000,0x000000048c900000)]
  0x000001693b9bd860 JavaThread "Notification Thread" daemon [_thread_blocked, id=13608, stack(0x000000048c900000,0x000000048ca00000)]
  0x000001693d0e3020 JavaThread "Daemon health stats" [_thread_blocked, id=13704, stack(0x000000048ce00000,0x000000048cf00000)]
  0x000001693cd2dd10 JavaThread "Incoming local TCP Connector on port 50210" [_thread_in_native, id=13724, stack(0x000000048cf00000,0x000000048d000000)]
  0x000001693d29d300 JavaThread "Daemon periodic checks" [_thread_blocked, id=13736, stack(0x000000048d000000,0x000000048d100000)]
  0x000001693d18f770 JavaThread "Daemon" [_thread_blocked, id=13768, stack(0x000000048d100000,0x000000048d200000)]
  0x000001693bb0bec0 JavaThread "Handler for socket connection from /127.0.0.1:50210 to /127.0.0.1:50211" [_thread_in_native, id=13772, stack(0x000000048d200000,0x000000048d300000)]
  0x000001693c932280 JavaThread "Cancel handler" [_thread_blocked, id=13788, stack(0x000000048d300000,0x000000048d400000)]
  0x000001693c9330f0 JavaThread "Daemon worker" [_thread_blocked, id=13792, stack(0x000000048d400000,0x000000048d500000)]
  0x000001693c932750 JavaThread "Asynchronous log dispatcher for DefaultDaemonConnection: socket connection from /127.0.0.1:50210 to /127.0.0.1:50211" [_thread_blocked, id=13804, stack(0x000000048d500000,0x000000048d600000)]
  0x000001693c9318e0 JavaThread "Stdin handler" [_thread_blocked, id=13808, stack(0x000000048d600000,0x000000048d700000)]
  0x000001693c932c20 JavaThread "Daemon client event forwarder" [_thread_blocked, id=13812, stack(0x000000048d700000,0x000000048d800000)]
  0x000001693c931db0 JavaThread "Cache worker for journal cache (C:\Users\ALI_S\.gradle\caches\journal-1)" [_thread_blocked, id=13816, stack(0x000000048d800000,0x000000048d900000)]
  0x000001693c930a70 JavaThread "File lock request listener" [_thread_in_native, id=13820, stack(0x000000048d900000,0x000000048da00000)]
  0x000001693c9335c0 JavaThread "Cache worker for file hash cache (C:\Users\ALI_S\.gradle\caches\7.5\fileHashes)" [_thread_blocked, id=13828, stack(0x000000048da00000,0x000000048db00000)]
  0x000001693c92fc00 JavaThread "File watcher server" daemon [_thread_in_native, id=13948, stack(0x000000048db00000,0x000000048dc00000)]
  0x000001693c9300d0 JavaThread "File watcher consumer" daemon [_thread_blocked, id=13952, stack(0x000000048dc00000,0x000000048dd00000)]
  0x000001693c930f40 JavaThread "Cache worker for checksums cache (C:\development\flutter_app\mukawwin_3\android\.gradle\7.5\checksums)" [_thread_blocked, id=13964, stack(0x000000048dd00000,0x000000048de00000)]
  0x000001693c931410 JavaThread "Cache worker for cache directory md-rule (C:\Users\ALI_S\.gradle\caches\7.5\md-rule)" [_thread_blocked, id=13976, stack(0x000000048de00000,0x000000048df00000)]
  0x000001693dcef580 JavaThread "Cache worker for file content cache (C:\Users\ALI_S\.gradle\caches\7.5\fileContent)" [_thread_blocked, id=13980, stack(0x000000048df00000,0x000000048e000000)]
  0x000001693dcee240 JavaThread "Cache worker for file hash cache (C:\development\flutter_app\mukawwin_3\android\.gradle\7.5\fileHashes)" [_thread_blocked, id=13992, stack(0x000000048e000000,0x000000048e100000)]
  0x000001693dce9070 JavaThread "Cache worker for cache directory md-supplier (C:\Users\ALI_S\.gradle\caches\7.5\md-supplier)" [_thread_blocked, id=13996, stack(0x000000048e100000,0x000000048e200000)]
  0x000001693dceb6f0 JavaThread "Cache worker for execution history cache (C:\Users\ALI_S\.gradle\caches\7.5\executionHistory)" [_thread_blocked, id=14012, stack(0x000000048e200000,0x000000048e300000)]
  0x000001693dcea880 JavaThread "jar transforms" [_thread_blocked, id=14072, stack(0x000000048e300000,0x000000048e400000)]
  0x000001693dcead50 JavaThread "Cache worker for kotlin-dsl (C:\Users\ALI_S\.gradle\caches\7.5\kotlin-dsl)" [_thread_blocked, id=14096, stack(0x000000048e400000,0x000000048e500000)]
  0x000001693dcf03f0 JavaThread "jar transforms Thread 2" [_thread_blocked, id=14152, stack(0x000000048e500000,0x000000048e600000)]
  0x000001693dce9540 JavaThread "Cache worker for dependencies-accessors (C:\development\flutter_app\mukawwin_3\android\.gradle\7.5\dependencies-accessors)" [_thread_blocked, id=14156, stack(0x000000048e600000,0x000000048e700000)]
  0x000001693dced8a0 JavaThread "Cache worker for Build Output Cleanup Cache (C:\development\flutter\packages\flutter_tools\gradle\.gradle\buildOutputCleanup)" [_thread_blocked, id=14184, stack(0x000000048e700000,0x000000048e800000)]
  0x000001693dcedd70 JavaThread "jar transforms Thread 3" [_thread_blocked, id=14188, stack(0x000000048e800000,0x000000048e900000)]
  0x000001693dcec560 JavaThread "Memory manager" [_thread_blocked, id=14204, stack(0x000000048e900000,0x000000048ea00000)]
  0x000001693dceb220 JavaThread "jar transforms Thread 4" [_thread_blocked, id=14284, stack(0x000000048b500000,0x000000048b600000)]
  0x000001693dcecf00 JavaThread "Execution worker" [_thread_blocked, id=12436, stack(0x000000048eb00000,0x000000048ec00000)]
  0x000001693dcefa50 JavaThread "Execution worker Thread 2" [_thread_blocked, id=13316, stack(0x000000048ec00000,0x000000048ed00000)]
  0x000001693dced3d0 JavaThread "Execution worker Thread 3" [_thread_in_Java, id=7628, stack(0x000000048ed00000,0x000000048ee00000)]
  0x000001693dcf08c0 JavaThread "Cache worker for execution history cache (C:\development\flutter\packages\flutter_tools\gradle\.gradle\7.5\executionHistory)" [_thread_blocked, id=7940, stack(0x000000048ee00000,0x000000048ef00000)]
  0x000001693dceebe0 JavaThread "Unconstrained build operations" [_thread_blocked, id=4484, stack(0x000000048ef00000,0x000000048f000000)]
  0x000001693dcef0b0 JavaThread "Unconstrained build operations Thread 2" [_thread_blocked, id=1212, stack(0x000000048f000000,0x000000048f100000)]
  0x000001693dcee710 JavaThread "Unconstrained build operations Thread 3" [_thread_blocked, id=13320, stack(0x000000048f100000,0x000000048f200000)]
  0x000001693eaf0700 JavaThread "Unconstrained build operations Thread 4" [_thread_blocked, id=13328, stack(0x000000048f200000,0x000000048f300000)]
  0x000001693eaf0230 JavaThread "Unconstrained build operations Thread 5" [_thread_blocked, id=8220, stack(0x000000048f300000,0x000000048f400000)]
  0x000001693eaf2d80 JavaThread "Unconstrained build operations Thread 6" [_thread_blocked, id=12580, stack(0x000000048f400000,0x000000048f500000)]
  0x000001693eaee550 JavaThread "Unconstrained build operations Thread 7" [_thread_blocked, id=11212, stack(0x000000048f500000,0x000000048f600000)]
  0x000001693eaef3c0 JavaThread "Unconstrained build operations Thread 8" [_thread_blocked, id=11900, stack(0x000000048f600000,0x000000048f700000)]
  0x000001693eaf1a40 JavaThread "Unconstrained build operations Thread 9" [_thread_blocked, id=13288, stack(0x000000048f700000,0x000000048f800000)]
  0x000001693eaec870 JavaThread "Unconstrained build operations Thread 10" [_thread_blocked, id=7364, stack(0x000000048f800000,0x000000048f900000)]
  0x000001693eaf10a0 JavaThread "Unconstrained build operations Thread 11" [_thread_blocked, id=4628, stack(0x000000048b600000,0x000000048b700000)]
  0x000001693eaeba00 JavaThread "Unconstrained build operations Thread 12" [_thread_blocked, id=8740, stack(0x000000048b700000,0x000000048b800000)]
  0x000001693eaef890 JavaThread "Unconstrained build operations Thread 13" [_thread_blocked, id=12952, stack(0x000000048fc00000,0x000000048fd00000)]
  0x000001693eaecd40 JavaThread "Unconstrained build operations Thread 14" [_thread_blocked, id=13020, stack(0x000000048fd00000,0x000000048fe00000)]
  0x000001693eaed210 JavaThread "Unconstrained build operations Thread 15" [_thread_blocked, id=4648, stack(0x000000048fe00000,0x000000048ff00000)]
  0x000001693eaed6e0 JavaThread "Unconstrained build operations Thread 16" [_thread_blocked, id=6668, stack(0x000000048ff00000,0x0000000490000000)]
  0x000001693eaee080 JavaThread "Unconstrained build operations Thread 17" [_thread_blocked, id=13356, stack(0x0000000490000000,0x0000000490100000)]
  0x000001693eaf23e0 JavaThread "Unconstrained build operations Thread 18" [_thread_blocked, id=13520, stack(0x0000000490100000,0x0000000490200000)]
  0x000001693eaec3a0 JavaThread "Unconstrained build operations Thread 19" [_thread_blocked, id=13556, stack(0x0000000490200000,0x0000000490300000)]
  0x000001693eaedbb0 JavaThread "Unconstrained build operations Thread 20" [_thread_blocked, id=13464, stack(0x0000000490300000,0x0000000490400000)]
  0x000001693eaf1f10 JavaThread "Unconstrained build operations Thread 21" [_thread_blocked, id=13548, stack(0x0000000490400000,0x0000000490500000)]
  0x000001693eaeeef0 JavaThread "Unconstrained build operations Thread 22" [_thread_blocked, id=13564, stack(0x0000000490500000,0x0000000490600000)]
  0x000001693eaeea20 JavaThread "Unconstrained build operations Thread 23" [_thread_blocked, id=12632, stack(0x0000000490600000,0x0000000490700000)]
  0x000001693eaefd60 JavaThread "Unconstrained build operations Thread 24" [_thread_blocked, id=13524, stack(0x0000000490700000,0x0000000490800000)]
  0x000001693eaf0bd0 JavaThread "Unconstrained build operations Thread 25" [_thread_blocked, id=13544, stack(0x0000000490800000,0x0000000490900000)]
  0x000001693eaf1570 JavaThread "Unconstrained build operations Thread 26" [_thread_blocked, id=13572, stack(0x0000000490900000,0x0000000490a00000)]
  0x000001693eaf28b0 JavaThread "Unconstrained build operations Thread 27" [_thread_blocked, id=13536, stack(0x0000000490a00000,0x0000000490b00000)]
  0x000001693eaf3250 JavaThread "Unconstrained build operations Thread 28" [_thread_blocked, id=9436, stack(0x0000000490b00000,0x0000000490c00000)]
  0x00000169401e33a0 JavaThread "Unconstrained build operations Thread 29" [_thread_blocked, id=13696, stack(0x0000000490c00000,0x0000000490d00000)]
  0x00000169401e3d40 JavaThread "Unconstrained build operations Thread 30" [_thread_blocked, id=748, stack(0x0000000490d00000,0x0000000490e00000)]
  0x00000169401e2ed0 JavaThread "Unconstrained build operations Thread 31" [_thread_blocked, id=13680, stack(0x0000000490e00000,0x0000000490f00000)]
  0x00000169401e4210 JavaThread "Unconstrained build operations Thread 32" [_thread_blocked, id=13664, stack(0x0000000490f00000,0x0000000491000000)]
  0x00000169401e2060 JavaThread "Unconstrained build operations Thread 33" [_thread_blocked, id=13692, stack(0x0000000491000000,0x0000000491100000)]
  0x00000169401e3870 JavaThread "Unconstrained build operations Thread 34" [_thread_blocked, id=668, stack(0x0000000491100000,0x0000000491200000)]
  0x00000169401e5080 JavaThread "Unconstrained build operations Thread 35" [_thread_blocked, id=8404, stack(0x0000000491200000,0x0000000491300000)]
  0x00000169401e5550 JavaThread "Unconstrained build operations Thread 36" [_thread_blocked, id=13676, stack(0x0000000491300000,0x0000000491400000)]
  0x00000169401e2a00 JavaThread "Unconstrained build operations Thread 37" [_thread_blocked, id=13688, stack(0x0000000491400000,0x0000000491500000)]
  0x00000169401e4bb0 JavaThread "Unconstrained build operations Thread 38" [_thread_blocked, id=12584, stack(0x0000000491500000,0x0000000491600000)]
  0x00000169401e5a20 JavaThread "Unconstrained build operations Thread 39" [_thread_blocked, id=13668, stack(0x0000000491600000,0x0000000491700000)]
  0x00000169401e2530 JavaThread "Unconstrained build operations Thread 40" [_thread_blocked, id=3800, stack(0x0000000491700000,0x0000000491800000)]
  0x0000016942a30710 JavaThread "Cache worker for Build Output Cleanup Cache (C:\development\flutter_app\mukawwin_3\android\.gradle\buildOutputCleanup)" [_thread_blocked, id=10244, stack(0x0000000491900000,0x0000000491a00000)]
  0x0000016942a30be0 JavaThread "included builds Thread 2" [_thread_in_Java, id=12140, stack(0x000000048ea00000,0x000000048eb00000)]
  0x0000016942a31f20 JavaThread "Cache worker for execution history cache (C:\development\flutter_app\mukawwin_3\android\.gradle\7.5\executionHistory)" [_thread_blocked, id=13740, stack(0x0000000491800000,0x0000000491900000)]
  0x0000016942a32d90 JavaThread "WorkerExecutor Queue Thread 2" [_thread_blocked, id=9752, stack(0x0000000491e00000,0x0000000491f00000)]
  0x0000016942a33260 JavaThread "WorkerExecutor Queue Thread 3" [_thread_in_native, id=7428, stack(0x0000000491f00000,0x0000000492000000)]
  0x0000016942a2c880 JavaThread "WorkerExecutor Queue Thread 5" [_thread_blocked, id=3188, stack(0x0000000492100000,0x0000000492200000)]
  0x0000016942a33c00 JavaThread "pool-3-thread-1" [_thread_blocked, id=4660, stack(0x0000000491d00000,0x0000000491e00000)]
  0x0000016946e49800 JavaThread "stderr" [_thread_in_native, id=2600, stack(0x0000000492200000,0x0000000492300000)]
  0x0000016946e4d690 JavaThread "stdout" [_thread_in_native, id=11640, stack(0x0000000492300000,0x0000000492400000)]
  0x0000016946e4a1a0 JavaThread "Cache worker for Java compile cache (C:\Users\ALI_S\.gradle\caches\7.5\javaCompile)" [_thread_blocked, id=12080, stack(0x0000000492400000,0x0000000492500000)]
  0x0000016946e484c0 JavaThread "Build operations" [_thread_blocked, id=9872, stack(0x000000048fa00000,0x000000048fb00000)]
  0x0000016946e48990 JavaThread "Build operations Thread 2" [_thread_blocked, id=7336, stack(0x0000000492500000,0x0000000492600000)]
  0x0000016946e4e500 JavaThread "Build operations Thread 3" [_thread_blocked, id=7476, stack(0x0000000492600000,0x0000000492700000)]
  0x0000016946e48e60 JavaThread "Build operations Thread 4" [_thread_blocked, id=5380, stack(0x0000000492700000,0x0000000492800000)]
  0x000001694d5adf20 JavaThread "WorkerExecutor Queue Thread 7" [_thread_blocked, id=13068, stack(0x0000000491b00000,0x0000000491c00000)]
=>0x000001694cbc4560 JavaThread "C2 CompilerThread1" daemon [_thread_in_native, id=10520, stack(0x000000048f900000,0x000000048fa00000)]
  0x000001694d5ae8c0 JavaThread "ForkJoinPool-1-worker-1" daemon [_thread_blocked, id=12588, stack(0x0000000491a00000,0x0000000491b00000)]
  0x000001694d5af730 JavaThread "ForkJoinPool-1-worker-2" daemon [_thread_blocked, id=10908, stack(0x0000000492000000,0x0000000492100000)]
  0x000001694d5af260 JavaThread "ForkJoinPool-1-worker-3" daemon [_thread_blocked, id=13408, stack(0x0000000492800000,0x0000000492900000)]
  0x000001694d5b1db0 JavaThread "ForkJoinPool-1-worker-4" daemon [_thread_blocked, id=4360, stack(0x0000000492900000,0x0000000492a00000)]
  0x000001694d5ac710 JavaThread "RMI Scheduler(0)" daemon [_thread_blocked, id=11184, stack(0x0000000492e00000,0x0000000492f00000)]
  0x000001694d5acbe0 JavaThread "RMI RenewClean-[127.0.0.1:17272,org.jetbrains.kotlin.daemon.common.LoopbackNetworkInterface$ClientLoopbackSocketFactory@70831fbf]" daemon [_thread_blocked, id=5024, stack(0x0000000492f00000,0x0000000493000000)]
  0x000001694d5ab8a0 JavaThread "Thread-92" [_thread_in_native, id=14128, stack(0x0000000493100000,0x0000000493200000)]

Other Threads:
  0x000001693ad5d460 VMThread "VM Thread" [stack: 0x000000048be00000,0x000000048bf00000] [id=13552]
  0x000001693b9bc860 WatcherThread [stack: 0x000000048ca00000,0x000000048cb00000] [id=13612]
  0x000001691cc42370 GCTaskThread "GC Thread#0" [stack: 0x000000048b900000,0x000000048ba00000] [id=13500]
  0x000001693bc84680 GCTaskThread "GC Thread#1" [stack: 0x000000048cb00000,0x000000048cc00000] [id=13628]
  0x000001693bc83ed0 GCTaskThread "GC Thread#2" [stack: 0x000000048cc00000,0x000000048cd00000] [id=13632]
  0x000001693c60d530 GCTaskThread "GC Thread#3" [stack: 0x000000048cd00000,0x000000048ce00000] [id=13644]
  0x000001691cc531c0 ConcurrentGCThread "G1 Main Marker" [stack: 0x000000048ba00000,0x000000048bb00000] [id=13504]
  0x000001691cc53ae0 ConcurrentGCThread "G1 Conc#0" [stack: 0x000000048bb00000,0x000000048bc00000] [id=13508]
  0x000001691cc8fc80 ConcurrentGCThread "G1 Refine#0" [stack: 0x000000048bc00000,0x000000048bd00000] [id=13512]
  0x0000016947db1b70 ConcurrentGCThread "G1 Refine#1" [stack: 0x0000000492a00000,0x0000000492b00000] [id=9716]
  0x0000016948267d20 ConcurrentGCThread "G1 Refine#2" [stack: 0x0000000492b00000,0x0000000492c00000] [id=4676]
  0x00000169482688a0 ConcurrentGCThread "G1 Refine#3" [stack: 0x0000000492c00000,0x0000000492d00000] [id=2700]
  0x000001693ac106f0 ConcurrentGCThread "G1 Service" [stack: 0x000000048bd00000,0x000000048be00000] [id=13516]

Threads with active compile tasks:
C2 CompilerThread0   311587 33716 % !   4       com.android.tools.r8.graph.j::a @ 539 (1514 bytes)
C2 CompilerThread1   311587 33636       4       com.android.tools.r8.internal.h30::a (16 bytes)

VM state: not at safepoint (normal execution)

VM Mutex/Monitor currently owned by a thread: None

Heap address: 0x0000000700000000, size: 4096 MB, Compressed Oops mode: Zero based, Oop shift amount: 3

CDS archive(s) not mapped
Compressed class space mapped at: 0x0000000800000000-0x0000000840000000, reserved size: 1073741824
Narrow klass base: 0x0000000800000000, Narrow klass shift: 0, Narrow klass range: 0x40000000

GC Precious Log:
 CPUs: 4 total, 4 available
 Memory: 8094M
 Large Page Support: Disabled
 NUMA Support: Disabled
 Compressed Oops: Enabled (Zero based)
 Heap Region Size: 2M
 Heap Min Capacity: 8M
 Heap Initial Capacity: 128M
 Heap Max Capacity: 4G
 Pre-touch: Disabled
 Parallel Workers: 4
 Concurrent Workers: 1
 Concurrent Refinement Workers: 4
 Periodic GC: Disabled

Heap:
 garbage-first heap   total 829440K, used 680085K [0x0000000700000000, 0x0000000800000000)
  region size 2048K, 31 young (63488K), 3 survivors (6144K)
 Metaspace       used 156403K, committed 157952K, reserved 1187840K
  class space    used 20458K, committed 21120K, reserved 1048576K

Heap Regions: E=young(eden), S=young(survivor), O=old, HS=humongous(starts), HC=humongous(continues), CS=collection set, F=free, OA=open archive, CA=closed archive, TAMS=top-at-mark-start (previous, next)
|   0|0x0000000700000000, 0x0000000700200000, 0x0000000700200000|100%|HS|  |TAMS 0x0000000700200000, 0x0000000700000000| Complete 
|   1|0x0000000700200000, 0x0000000700400000, 0x0000000700400000|100%|HC|  |TAMS 0x0000000700400000, 0x0000000700200000| Complete 
|   2|0x0000000700400000, 0x0000000700600000, 0x0000000700600000|100%| O|  |TAMS 0x0000000700600000, 0x0000000700400000| Untracked 
|   3|0x0000000700600000, 0x0000000700800000, 0x0000000700800000|100%| O|  |TAMS 0x0000000700800000, 0x0000000700600000| Untracked 
|   4|0x0000000700800000, 0x0000000700a00000, 0x0000000700a00000|100%| O|  |TAMS 0x0000000700a00000, 0x0000000700800000| Untracked 
|   5|0x0000000700a00000, 0x0000000700c00000, 0x0000000700c00000|100%| O|  |TAMS 0x0000000700c00000, 0x0000000700a00000| Untracked 
|   6|0x0000000700c00000, 0x0000000700e00000, 0x0000000700e00000|100%| O|  |TAMS 0x0000000700e00000, 0x0000000700c00000| Untracked 
|   7|0x0000000700e00000, 0x0000000701000000, 0x0000000701000000|100%| O|  |TAMS 0x0000000701000000, 0x0000000700e00000| Untracked 
|   8|0x0000000701000000, 0x0000000701200000, 0x0000000701200000|100%| O|  |TAMS 0x0000000701200000, 0x0000000701000000| Untracked 
|   9|0x0000000701200000, 0x0000000701400000, 0x0000000701400000|100%| O|  |TAMS 0x0000000701400000, 0x0000000701200000| Untracked 
|  10|0x0000000701400000, 0x0000000701600000, 0x0000000701600000|100%| O|  |TAMS 0x0000000701600000, 0x0000000701400000| Untracked 
|  11|0x0000000701600000, 0x0000000701800000, 0x0000000701800000|100%| O|  |TAMS 0x0000000701800000, 0x0000000701600000| Untracked 
|  12|0x0000000701800000, 0x0000000701a00000, 0x0000000701a00000|100%| O|  |TAMS 0x0000000701a00000, 0x0000000701800000| Untracked 
|  13|0x0000000701a00000, 0x0000000701c00000, 0x0000000701c00000|100%| O|  |TAMS 0x0000000701c00000, 0x0000000701a00000| Untracked 
|  14|0x0000000701c00000, 0x0000000701e00000, 0x0000000701e00000|100%| O|  |TAMS 0x0000000701e00000, 0x0000000701c00000| Untracked 
|  15|0x0000000701e00000, 0x0000000702000000, 0x0000000702000000|100%| O|  |TAMS 0x0000000702000000, 0x0000000701e00000| Untracked 
|  16|0x0000000702000000, 0x0000000702200000, 0x0000000702200000|100%| O|  |TAMS 0x0000000702200000, 0x0000000702000000| Untracked 
|  17|0x0000000702200000, 0x0000000702400000, 0x0000000702400000|100%| O|  |TAMS 0x0000000702400000, 0x0000000702200000| Untracked 
|  18|0x0000000702400000, 0x0000000702600000, 0x0000000702600000|100%| O|  |TAMS 0x0000000702600000, 0x0000000702400000| Untracked 
|  19|0x0000000702600000, 0x0000000702800000, 0x0000000702800000|100%| O|  |TAMS 0x0000000702800000, 0x0000000702600000| Untracked 
|  20|0x0000000702800000, 0x0000000702a00000, 0x0000000702a00000|100%| O|  |TAMS 0x0000000702a00000, 0x0000000702800000| Untracked 
|  21|0x0000000702a00000, 0x0000000702c00000, 0x0000000702c00000|100%| O|  |TAMS 0x0000000702c00000, 0x0000000702a00000| Untracked 
|  22|0x0000000702c00000, 0x0000000702e00000, 0x0000000702e00000|100%| O|  |TAMS 0x0000000702e00000, 0x0000000702c00000| Untracked 
|  23|0x0000000702e00000, 0x0000000703000000, 0x0000000703000000|100%| O|  |TAMS 0x0000000703000000, 0x0000000702e00000| Untracked 
|  24|0x0000000703000000, 0x0000000703200000, 0x0000000703200000|100%| O|  |TAMS 0x0000000703200000, 0x0000000703000000| Untracked 
|  25|0x0000000703200000, 0x0000000703400000, 0x0000000703400000|100%|HS|  |TAMS 0x0000000703400000, 0x0000000703200000| Complete 
|  26|0x0000000703400000, 0x0000000703600000, 0x0000000703600000|100%| O|  |TAMS 0x0000000703600000, 0x0000000703400000| Untracked 
|  27|0x0000000703600000, 0x0000000703800000, 0x0000000703800000|100%|HS|  |TAMS 0x0000000703800000, 0x0000000703600000| Complete 
|  28|0x0000000703800000, 0x0000000703a00000, 0x0000000703a00000|100%|HC|  |TAMS 0x0000000703a00000, 0x0000000703800000| Complete 
|  29|0x0000000703a00000, 0x0000000703c00000, 0x0000000703c00000|100%| O|  |TAMS 0x0000000703c00000, 0x0000000703a00000| Untracked 
|  30|0x0000000703c00000, 0x0000000703e00000, 0x0000000703e00000|100%| O|  |TAMS 0x0000000703e00000, 0x0000000703c00000| Untracked 
|  31|0x0000000703e00000, 0x0000000704000000, 0x0000000704000000|100%| O|  |TAMS 0x0000000704000000, 0x0000000703e00000| Untracked 
|  32|0x0000000704000000, 0x0000000704200000, 0x0000000704200000|100%| O|  |TAMS 0x0000000704000000, 0x0000000704000000| Untracked 
|  33|0x0000000704200000, 0x0000000704400000, 0x0000000704400000|100%| O|  |TAMS 0x0000000704400000, 0x0000000704200000| Untracked 
|  34|0x0000000704400000, 0x0000000704600000, 0x0000000704600000|100%| O|  |TAMS 0x0000000704600000, 0x0000000704400000| Untracked 
|  35|0x0000000704600000, 0x0000000704800000, 0x0000000704800000|100%| O|  |TAMS 0x0000000704800000, 0x0000000704600000| Untracked 
|  36|0x0000000704800000, 0x0000000704a00000, 0x0000000704a00000|100%| O|  |TAMS 0x0000000704a00000, 0x0000000704800000| Untracked 
|  37|0x0000000704a00000, 0x0000000704c00000, 0x0000000704c00000|100%| O|  |TAMS 0x0000000704c00000, 0x0000000704a00000| Untracked 
|  38|0x0000000704c00000, 0x0000000704e00000, 0x0000000704e00000|100%| O|  |TAMS 0x0000000704e00000, 0x0000000704c00000| Untracked 
|  39|0x0000000704e00000, 0x0000000705000000, 0x0000000705000000|100%| O|  |TAMS 0x0000000705000000, 0x0000000704e00000| Untracked 
|  40|0x0000000705000000, 0x0000000705200000, 0x0000000705200000|100%| O|  |TAMS 0x0000000705200000, 0x0000000705000000| Untracked 
|  41|0x0000000705200000, 0x0000000705400000, 0x0000000705400000|100%| O|  |TAMS 0x0000000705400000, 0x0000000705200000| Untracked 
|  42|0x0000000705400000, 0x0000000705600000, 0x0000000705600000|100%| O|  |TAMS 0x0000000705600000, 0x0000000705400000| Untracked 
|  43|0x0000000705600000, 0x0000000705800000, 0x0000000705800000|100%| O|  |TAMS 0x0000000705800000, 0x0000000705600000| Untracked 
|  44|0x0000000705800000, 0x0000000705a00000, 0x0000000705a00000|100%| O|  |TAMS 0x0000000705a00000, 0x0000000705800000| Untracked 
|  45|0x0000000705a00000, 0x0000000705c00000, 0x0000000705c00000|100%| O|  |TAMS 0x0000000705c00000, 0x0000000705a00000| Untracked 
|  46|0x0000000705c00000, 0x0000000705e00000, 0x0000000705e00000|100%| O|  |TAMS 0x0000000705e00000, 0x0000000705c00000| Untracked 
|  47|0x0000000705e00000, 0x0000000706000000, 0x0000000706000000|100%| O|  |TAMS 0x0000000706000000, 0x0000000705e00000| Untracked 
|  48|0x0000000706000000, 0x0000000706200000, 0x0000000706200000|100%| O|  |TAMS 0x0000000706200000, 0x0000000706000000| Untracked 
|  49|0x0000000706200000, 0x0000000706400000, 0x0000000706400000|100%| O|  |TAMS 0x0000000706400000, 0x0000000706200000| Untracked 
|  50|0x0000000706400000, 0x0000000706600000, 0x0000000706600000|100%| O|  |TAMS 0x0000000706600000, 0x0000000706400000| Untracked 
|  51|0x0000000706600000, 0x0000000706800000, 0x0000000706800000|100%| O|  |TAMS 0x0000000706800000, 0x0000000706600000| Untracked 
|  52|0x0000000706800000, 0x0000000706a00000, 0x0000000706a00000|100%| O|  |TAMS 0x0000000706a00000, 0x0000000706800000| Untracked 
|  53|0x0000000706a00000, 0x0000000706c00000, 0x0000000706c00000|100%| O|  |TAMS 0x0000000706c00000, 0x0000000706a00000| Untracked 
|  54|0x0000000706c00000, 0x0000000706e00000, 0x0000000706e00000|100%| O|  |TAMS 0x0000000706e00000, 0x0000000706c00000| Untracked 
|  55|0x0000000706e00000, 0x0000000707000000, 0x0000000707000000|100%| O|  |TAMS 0x0000000707000000, 0x0000000706e00000| Untracked 
|  56|0x0000000707000000, 0x0000000707200000, 0x0000000707200000|100%| O|  |TAMS 0x0000000707200000, 0x0000000707000000| Untracked 
|  57|0x0000000707200000, 0x0000000707400000, 0x0000000707400000|100%| O|  |TAMS 0x0000000707400000, 0x0000000707200000| Untracked 
|  58|0x0000000707400000, 0x0000000707600000, 0x0000000707600000|100%| O|  |TAMS 0x0000000707600000, 0x0000000707400000| Untracked 
|  59|0x0000000707600000, 0x0000000707800000, 0x0000000707800000|100%| O|  |TAMS 0x0000000707800000, 0x0000000707600000| Untracked 
|  60|0x0000000707800000, 0x0000000707a00000, 0x0000000707a00000|100%| O|  |TAMS 0x0000000707a00000, 0x0000000707800000| Untracked 
|  61|0x0000000707a00000, 0x0000000707c00000, 0x0000000707c00000|100%| O|  |TAMS 0x0000000707c00000, 0x0000000707a00000| Untracked 
|  62|0x0000000707c00000, 0x0000000707e00000, 0x0000000707e00000|100%| O|  |TAMS 0x0000000707e00000, 0x0000000707c00000| Untracked 
|  63|0x0000000707e00000, 0x0000000708000000, 0x0000000708000000|100%| O|  |TAMS 0x0000000708000000, 0x0000000707e00000| Untracked 
|  64|0x0000000708000000, 0x0000000708200000, 0x0000000708200000|100%| O|  |TAMS 0x0000000708200000, 0x0000000708000000| Untracked 
|  65|0x0000000708200000, 0x0000000708400000, 0x0000000708400000|100%| O|  |TAMS 0x0000000708400000, 0x0000000708200000| Untracked 
|  66|0x0000000708400000, 0x0000000708600000, 0x0000000708600000|100%| O|  |TAMS 0x0000000708600000, 0x0000000708400000| Untracked 
|  67|0x0000000708600000, 0x0000000708800000, 0x0000000708800000|100%| O|  |TAMS 0x0000000708800000, 0x0000000708600000| Untracked 
|  68|0x0000000708800000, 0x0000000708a00000, 0x0000000708a00000|100%| O|  |TAMS 0x0000000708a00000, 0x0000000708800000| Untracked 
|  69|0x0000000708a00000, 0x0000000708c00000, 0x0000000708c00000|100%| O|  |TAMS 0x0000000708c00000, 0x0000000708a00000| Untracked 
|  70|0x0000000708c00000, 0x0000000708e00000, 0x0000000708e00000|100%| O|  |TAMS 0x0000000708e00000, 0x0000000708c00000| Untracked 
|  71|0x0000000708e00000, 0x0000000709000000, 0x0000000709000000|100%| O|  |TAMS 0x0000000709000000, 0x0000000708e00000| Untracked 
|  72|0x0000000709000000, 0x0000000709200000, 0x0000000709200000|100%| O|  |TAMS 0x0000000709200000, 0x0000000709000000| Untracked 
|  73|0x0000000709200000, 0x0000000709400000, 0x0000000709400000|100%| O|  |TAMS 0x0000000709400000, 0x0000000709200000| Untracked 
|  74|0x0000000709400000, 0x0000000709600000, 0x0000000709600000|100%| O|  |TAMS 0x0000000709600000, 0x0000000709400000| Untracked 
|  75|0x0000000709600000, 0x0000000709800000, 0x0000000709800000|100%| O|  |TAMS 0x0000000709800000, 0x0000000709600000| Untracked 
|  76|0x0000000709800000, 0x0000000709a00000, 0x0000000709a00000|100%| O|  |TAMS 0x0000000709a00000, 0x0000000709800000| Untracked 
|  77|0x0000000709a00000, 0x0000000709c00000, 0x0000000709c00000|100%| O|  |TAMS 0x0000000709c00000, 0x0000000709a00000| Untracked 
|  78|0x0000000709c00000, 0x0000000709e00000, 0x0000000709e00000|100%| O|  |TAMS 0x0000000709c00000, 0x0000000709c00000| Untracked 
|  79|0x0000000709e00000, 0x000000070a000000, 0x000000070a000000|100%| O|  |TAMS 0x000000070a000000, 0x0000000709e00000| Untracked 
|  80|0x000000070a000000, 0x000000070a200000, 0x000000070a200000|100%| O|  |TAMS 0x000000070a200000, 0x000000070a000000| Untracked 
|  81|0x000000070a200000, 0x000000070a400000, 0x000000070a400000|100%| O|  |TAMS 0x000000070a400000, 0x000000070a200000| Untracked 
|  82|0x000000070a400000, 0x000000070a600000, 0x000000070a600000|100%| O|  |TAMS 0x000000070a600000, 0x000000070a400000| Untracked 
|  83|0x000000070a600000, 0x000000070a800000, 0x000000070a800000|100%| O|  |TAMS 0x000000070a800000, 0x000000070a600000| Untracked 
|  84|0x000000070a800000, 0x000000070aa00000, 0x000000070aa00000|100%| O|  |TAMS 0x000000070aa00000, 0x000000070a800000| Untracked 
|  85|0x000000070aa00000, 0x000000070ac00000, 0x000000070ac00000|100%| O|  |TAMS 0x000000070ac00000, 0x000000070aa00000| Untracked 
|  86|0x000000070ac00000, 0x000000070ae00000, 0x000000070ae00000|100%| O|  |TAMS 0x000000070ae00000, 0x000000070ac00000| Untracked 
|  87|0x000000070ae00000, 0x000000070b000000, 0x000000070b000000|100%| O|  |TAMS 0x000000070b000000, 0x000000070ae00000| Untracked 
|  88|0x000000070b000000, 0x000000070b200000, 0x000000070b200000|100%| O|  |TAMS 0x000000070b000000, 0x000000070b000000| Untracked 
|  89|0x000000070b200000, 0x000000070b400000, 0x000000070b400000|100%| O|  |TAMS 0x000000070b200000, 0x000000070b200000| Untracked 
|  90|0x000000070b400000, 0x000000070b600000, 0x000000070b600000|100%| O|  |TAMS 0x000000070b400000, 0x000000070b400000| Untracked 
|  91|0x000000070b600000, 0x000000070b800000, 0x000000070b800000|100%| O|  |TAMS 0x000000070b600000, 0x000000070b600000| Untracked 
|  92|0x000000070b800000, 0x000000070ba00000, 0x000000070ba00000|100%|HS|  |TAMS 0x000000070b800000, 0x000000070b800000| Complete 
|  93|0x000000070ba00000, 0x000000070bc00000, 0x000000070bc00000|100%|HS|  |TAMS 0x000000070ba00000, 0x000000070ba00000| Complete 
|  94|0x000000070bc00000, 0x000000070be00000, 0x000000070be00000|100%|HS|  |TAMS 0x000000070bc00000, 0x000000070bc00000| Complete 
|  95|0x000000070be00000, 0x000000070c000000, 0x000000070c000000|100%|HS|  |TAMS 0x000000070be00000, 0x000000070be00000| Complete 
|  96|0x000000070c000000, 0x000000070c200000, 0x000000070c200000|100%|HS|  |TAMS 0x000000070c000000, 0x000000070c000000| Complete 
|  97|0x000000070c200000, 0x000000070c400000, 0x000000070c400000|100%|HC|  |TAMS 0x000000070c200000, 0x000000070c200000| Complete 
|  98|0x000000070c400000, 0x000000070c600000, 0x000000070c600000|100%|HS|  |TAMS 0x000000070c400000, 0x000000070c400000| Complete 
|  99|0x000000070c600000, 0x000000070c800000, 0x000000070c800000|100%|HC|  |TAMS 0x000000070c600000, 0x000000070c600000| Complete 
| 100|0x000000070c800000, 0x000000070ca00000, 0x000000070ca00000|100%| O|  |TAMS 0x000000070ca00000, 0x000000070c800000| Untracked 
| 101|0x000000070ca00000, 0x000000070cc00000, 0x000000070cc00000|100%| O|  |TAMS 0x000000070cc00000, 0x000000070ca00000| Untracked 
| 102|0x000000070cc00000, 0x000000070ce00000, 0x000000070ce00000|100%| O|  |TAMS 0x000000070ce00000, 0x000000070cc00000| Untracked 
| 103|0x000000070ce00000, 0x000000070d000000, 0x000000070d000000|100%| O|  |TAMS 0x000000070d000000, 0x000000070ce00000| Untracked 
| 104|0x000000070d000000, 0x000000070d200000, 0x000000070d200000|100%| O|  |TAMS 0x000000070d200000, 0x000000070d000000| Untracked 
| 105|0x000000070d200000, 0x000000070d400000, 0x000000070d400000|100%| O|  |TAMS 0x000000070d400000, 0x000000070d200000| Untracked 
| 106|0x000000070d400000, 0x000000070d600000, 0x000000070d600000|100%| O|  |TAMS 0x000000070d600000, 0x000000070d400000| Untracked 
| 107|0x000000070d600000, 0x000000070d800000, 0x000000070d800000|100%| O|  |TAMS 0x000000070d800000, 0x000000070d600000| Untracked 
| 108|0x000000070d800000, 0x000000070da00000, 0x000000070da00000|100%| O|  |TAMS 0x000000070da00000, 0x000000070d800000| Untracked 
| 109|0x000000070da00000, 0x000000070dc00000, 0x000000070dc00000|100%|HS|  |TAMS 0x000000070dc00000, 0x000000070da00000| Complete 
| 110|0x000000070dc00000, 0x000000070de00000, 0x000000070de00000|100%| O|  |TAMS 0x000000070de00000, 0x000000070dc00000| Untracked 
| 111|0x000000070de00000, 0x000000070e000000, 0x000000070e000000|100%| O|  |TAMS 0x000000070e000000, 0x000000070de00000| Untracked 
| 112|0x000000070e000000, 0x000000070e200000, 0x000000070e200000|100%| O|  |TAMS 0x000000070e200000, 0x000000070e000000| Untracked 
| 113|0x000000070e200000, 0x000000070e400000, 0x000000070e400000|100%| O|  |TAMS 0x000000070e200000, 0x000000070e200000| Untracked 
| 114|0x000000070e400000, 0x000000070e600000, 0x000000070e600000|100%| O|  |TAMS 0x000000070e600000, 0x000000070e400000| Untracked 
| 115|0x000000070e600000, 0x000000070e800000, 0x000000070e800000|100%| O|  |TAMS 0x000000070e800000, 0x000000070e600000| Untracked 
| 116|0x000000070e800000, 0x000000070ea00000, 0x000000070ea00000|100%| O|  |TAMS 0x000000070ea00000, 0x000000070e800000| Untracked 
| 117|0x000000070ea00000, 0x000000070ec00000, 0x000000070ec00000|100%|HS|  |TAMS 0x000000070ea00000, 0x000000070ea00000| Complete 
| 118|0x000000070ec00000, 0x000000070ee00000, 0x000000070ee00000|100%| O|  |TAMS 0x000000070ec00000, 0x000000070ec00000| Untracked 
| 119|0x000000070ee00000, 0x000000070f000000, 0x000000070f000000|100%|HS|  |TAMS 0x000000070ee00000, 0x000000070ee00000| Complete 
| 120|0x000000070f000000, 0x000000070f200000, 0x000000070f200000|100%| O|  |TAMS 0x000000070f000000, 0x000000070f000000| Untracked 
| 121|0x000000070f200000, 0x000000070f400000, 0x000000070f400000|100%|HS|  |TAMS 0x000000070f200000, 0x000000070f200000| Complete 
| 122|0x000000070f400000, 0x000000070f600000, 0x000000070f600000|100%| O|  |TAMS 0x000000070f400000, 0x000000070f400000| Untracked 
| 123|0x000000070f600000, 0x000000070f800000, 0x000000070f800000|100%|HS|  |TAMS 0x000000070f600000, 0x000000070f600000| Complete 
| 124|0x000000070f800000, 0x000000070fa00000, 0x000000070fa00000|100%| O|  |TAMS 0x000000070f800000, 0x000000070f800000| Untracked 
| 125|0x000000070fa00000, 0x000000070fc00000, 0x000000070fc00000|100%| O|  |TAMS 0x000000070fa00000, 0x000000070fa00000| Untracked 
| 126|0x000000070fc00000, 0x000000070fe00000, 0x000000070fe00000|100%| O|  |TAMS 0x000000070fe00000, 0x000000070fc00000| Untracked 
| 127|0x000000070fe00000, 0x0000000710000000, 0x0000000710000000|100%| O|  |TAMS 0x000000070fe00000, 0x000000070fe00000| Untracked 
| 128|0x0000000710000000, 0x0000000710200000, 0x0000000710200000|100%| O|  |TAMS 0x0000000710000000, 0x0000000710000000| Untracked 
| 129|0x0000000710200000, 0x0000000710400000, 0x0000000710400000|100%|HS|  |TAMS 0x0000000710200000, 0x0000000710200000| Complete 
| 130|0x0000000710400000, 0x0000000710600000, 0x0000000710600000|100%|HC|  |TAMS 0x0000000710400000, 0x0000000710400000| Complete 
| 131|0x0000000710600000, 0x0000000710800000, 0x0000000710800000|100%| O|  |TAMS 0x0000000710600000, 0x0000000710600000| Untracked 
| 132|0x0000000710800000, 0x0000000710a00000, 0x0000000710a00000|100%| O|  |TAMS 0x0000000710800000, 0x0000000710800000| Untracked 
| 133|0x0000000710a00000, 0x0000000710c00000, 0x0000000710c00000|100%|HS|  |TAMS 0x0000000710a00000, 0x0000000710a00000| Complete 
| 134|0x0000000710c00000, 0x0000000710e00000, 0x0000000710e00000|100%|HC|  |TAMS 0x0000000710c00000, 0x0000000710c00000| Complete 
| 135|0x0000000710e00000, 0x0000000711000000, 0x0000000711000000|100%|HS|  |TAMS 0x0000000711000000, 0x0000000710e00000| Complete 
| 136|0x0000000711000000, 0x0000000711200000, 0x0000000711200000|100%|HS|  |TAMS 0x0000000711000000, 0x0000000711000000| Complete 
| 137|0x0000000711200000, 0x0000000711400000, 0x0000000711400000|100%| O|  |TAMS 0x0000000711400000, 0x0000000711200000| Untracked 
| 138|0x0000000711400000, 0x0000000711600000, 0x0000000711600000|100%|HS|  |TAMS 0x0000000711400000, 0x0000000711400000| Complete 
| 139|0x0000000711600000, 0x0000000711800000, 0x0000000711800000|100%| O|  |TAMS 0x0000000711600000, 0x0000000711600000| Untracked 
| 140|0x0000000711800000, 0x0000000711a00000, 0x0000000711a00000|100%| O|  |TAMS 0x0000000711800000, 0x0000000711800000| Untracked 
| 141|0x0000000711a00000, 0x0000000711c00000, 0x0000000711c00000|100%| O|  |TAMS 0x0000000711a00000, 0x0000000711a00000| Untracked 
| 142|0x0000000711c00000, 0x0000000711e00000, 0x0000000711e00000|100%| O|  |TAMS 0x0000000711c00000, 0x0000000711c00000| Untracked 
| 143|0x0000000711e00000, 0x0000000712000000, 0x0000000712000000|100%| O|  |TAMS 0x0000000711e00000, 0x0000000711e00000| Untracked 
| 144|0x0000000712000000, 0x0000000712200000, 0x0000000712200000|100%| O|  |TAMS 0x0000000712000000, 0x0000000712000000| Untracked 
| 145|0x0000000712200000, 0x0000000712400000, 0x0000000712400000|100%| O|  |TAMS 0x0000000712200000, 0x0000000712200000| Untracked 
| 146|0x0000000712400000, 0x0000000712600000, 0x0000000712600000|100%| O|  |TAMS 0x0000000712400000, 0x0000000712400000| Untracked 
| 147|0x0000000712600000, 0x0000000712800000, 0x0000000712800000|100%| O|  |TAMS 0x0000000712600000, 0x0000000712600000| Untracked 
| 148|0x0000000712800000, 0x0000000712a00000, 0x0000000712a00000|100%| O|  |TAMS 0x0000000712800000, 0x0000000712800000| Untracked 
| 149|0x0000000712a00000, 0x0000000712c00000, 0x0000000712c00000|100%| O|  |TAMS 0x0000000712a00000, 0x0000000712a00000| Untracked 
| 150|0x0000000712c00000, 0x0000000712e00000, 0x0000000712e00000|100%| O|  |TAMS 0x0000000712c00000, 0x0000000712c00000| Untracked 
| 151|0x0000000712e00000, 0x0000000713000000, 0x0000000713000000|100%| O|  |TAMS 0x0000000712e00000, 0x0000000712e00000| Untracked 
| 152|0x0000000713000000, 0x0000000713200000, 0x0000000713200000|100%|HS|  |TAMS 0x0000000713200000, 0x0000000713000000| Complete 
| 153|0x0000000713200000, 0x0000000713400000, 0x0000000713400000|100%| O|  |TAMS 0x0000000713400000, 0x0000000713200000| Untracked 
| 154|0x0000000713400000, 0x0000000713600000, 0x0000000713600000|100%| O|  |TAMS 0x00000007135b6400, 0x0000000713400000| Untracked 
| 155|0x0000000713600000, 0x0000000713800000, 0x0000000713800000|100%| O|  |TAMS 0x0000000713600000, 0x0000000713600000| Untracked 
| 156|0x0000000713800000, 0x0000000713a00000, 0x0000000713a00000|100%| O|  |TAMS 0x0000000713800000, 0x0000000713800000| Untracked 
| 157|0x0000000713a00000, 0x0000000713c00000, 0x0000000713c00000|100%| O|  |TAMS 0x0000000713a00000, 0x0000000713a00000| Untracked 
| 158|0x0000000713c00000, 0x0000000713e00000, 0x0000000713e00000|100%| O|  |TAMS 0x0000000713c00000, 0x0000000713c00000| Untracked 
| 159|0x0000000713e00000, 0x0000000714000000, 0x0000000714000000|100%| O|  |TAMS 0x0000000713e00000, 0x0000000713e00000| Untracked 
| 160|0x0000000714000000, 0x0000000714200000, 0x0000000714200000|100%|HS|  |TAMS 0x0000000714000000, 0x0000000714000000| Complete 
| 161|0x0000000714200000, 0x0000000714400000, 0x0000000714400000|100%| O|  |TAMS 0x0000000714200000, 0x0000000714200000| Untracked 
| 162|0x0000000714400000, 0x0000000714600000, 0x0000000714600000|100%|HS|  |TAMS 0x0000000714400000, 0x0000000714400000| Complete 
| 163|0x0000000714600000, 0x0000000714800000, 0x0000000714800000|100%| O|  |TAMS 0x0000000714600000, 0x0000000714600000| Untracked 
| 164|0x0000000714800000, 0x0000000714a00000, 0x0000000714a00000|100%|HS|  |TAMS 0x0000000714800000, 0x0000000714800000| Complete 
| 165|0x0000000714a00000, 0x0000000714c00000, 0x0000000714c00000|100%|HC|  |TAMS 0x0000000714a00000, 0x0000000714a00000| Complete 
| 166|0x0000000714c00000, 0x0000000714e00000, 0x0000000714e00000|100%|HC|  |TAMS 0x0000000714c00000, 0x0000000714c00000| Complete 
| 167|0x0000000714e00000, 0x0000000715000000, 0x0000000715000000|100%|HC|  |TAMS 0x0000000714e00000, 0x0000000714e00000| Complete 
| 168|0x0000000715000000, 0x0000000715200000, 0x0000000715200000|100%|HC|  |TAMS 0x0000000715000000, 0x0000000715000000| Complete 
| 169|0x0000000715200000, 0x0000000715400000, 0x0000000715400000|100%|HC|  |TAMS 0x0000000715200000, 0x0000000715200000| Complete 
| 170|0x0000000715400000, 0x0000000715600000, 0x0000000715600000|100%|HS|  |TAMS 0x0000000715400000, 0x0000000715400000| Complete 
| 171|0x0000000715600000, 0x0000000715800000, 0x0000000715800000|100%|HC|  |TAMS 0x0000000715600000, 0x0000000715600000| Complete 
| 172|0x0000000715800000, 0x0000000715a00000, 0x0000000715a00000|100%|HC|  |TAMS 0x0000000715800000, 0x0000000715800000| Complete 
| 173|0x0000000715a00000, 0x0000000715c00000, 0x0000000715c00000|100%|HC|  |TAMS 0x0000000715a00000, 0x0000000715a00000| Complete 
| 174|0x0000000715c00000, 0x0000000715e00000, 0x0000000715e00000|100%|HC|  |TAMS 0x0000000715c00000, 0x0000000715c00000| Complete 
| 175|0x0000000715e00000, 0x0000000716000000, 0x0000000716000000|100%|HC|  |TAMS 0x0000000715e00000, 0x0000000715e00000| Complete 
| 176|0x0000000716000000, 0x0000000716200000, 0x0000000716200000|100%|HC|  |TAMS 0x0000000716000000, 0x0000000716000000| Complete 
| 177|0x0000000716200000, 0x0000000716400000, 0x0000000716400000|100%|HC|  |TAMS 0x0000000716200000, 0x0000000716200000| Complete 
| 178|0x0000000716400000, 0x0000000716600000, 0x0000000716600000|100%|HC|  |TAMS 0x0000000716400000, 0x0000000716400000| Complete 
| 179|0x0000000716600000, 0x0000000716800000, 0x0000000716800000|100%|HC|  |TAMS 0x0000000716600000, 0x0000000716600000| Complete 
| 180|0x0000000716800000, 0x0000000716a00000, 0x0000000716a00000|100%|HC|  |TAMS 0x0000000716800000, 0x0000000716800000| Complete 
| 181|0x0000000716a00000, 0x0000000716c00000, 0x0000000716c00000|100%|HC|  |TAMS 0x0000000716a00000, 0x0000000716a00000| Complete 
| 182|0x0000000716c00000, 0x0000000716e00000, 0x0000000716e00000|100%|HC|  |TAMS 0x0000000716c00000, 0x0000000716c00000| Complete 
| 183|0x0000000716e00000, 0x0000000717000000, 0x0000000717000000|100%|HC|  |TAMS 0x0000000716e00000, 0x0000000716e00000| Complete 
| 184|0x0000000717000000, 0x0000000717200000, 0x0000000717200000|100%|HC|  |TAMS 0x0000000717000000, 0x0000000717000000| Complete 
| 185|0x0000000717200000, 0x0000000717400000, 0x0000000717400000|100%|HC|  |TAMS 0x0000000717200000, 0x0000000717200000| Complete 
| 186|0x0000000717400000, 0x0000000717600000, 0x0000000717600000|100%|HC|  |TAMS 0x0000000717400000, 0x0000000717400000| Complete 
| 187|0x0000000717600000, 0x0000000717800000, 0x0000000717800000|100%|HC|  |TAMS 0x0000000717600000, 0x0000000717600000| Complete 
| 188|0x0000000717800000, 0x0000000717a00000, 0x0000000717a00000|100%|HC|  |TAMS 0x0000000717800000, 0x0000000717800000| Complete 
| 189|0x0000000717a00000, 0x0000000717c00000, 0x0000000717c00000|100%|HC|  |TAMS 0x0000000717a00000, 0x0000000717a00000| Complete 
| 190|0x0000000717c00000, 0x0000000717e00000, 0x0000000717e00000|100%|HS|  |TAMS 0x0000000717c00000, 0x0000000717c00000| Complete 
| 191|0x0000000717e00000, 0x0000000718000000, 0x0000000718000000|100%|HC|  |TAMS 0x0000000717e00000, 0x0000000717e00000| Complete 
| 192|0x0000000718000000, 0x0000000718200000, 0x0000000718200000|100%|HC|  |TAMS 0x0000000718000000, 0x0000000718000000| Complete 
| 193|0x0000000718200000, 0x0000000718400000, 0x0000000718400000|100%|HC|  |TAMS 0x0000000718200000, 0x0000000718200000| Complete 
| 194|0x0000000718400000, 0x0000000718600000, 0x0000000718600000|100%|HC|  |TAMS 0x0000000718400000, 0x0000000718400000| Complete 
| 195|0x0000000718600000, 0x0000000718800000, 0x0000000718800000|100%|HC|  |TAMS 0x0000000718600000, 0x0000000718600000| Complete 
| 196|0x0000000718800000, 0x0000000718a00000, 0x0000000718a00000|100%|HS|  |TAMS 0x0000000718800000, 0x0000000718800000| Complete 
| 197|0x0000000718a00000, 0x0000000718c00000, 0x0000000718c00000|100%|HC|  |TAMS 0x0000000718a00000, 0x0000000718a00000| Complete 
| 198|0x0000000718c00000, 0x0000000718e00000, 0x0000000718e00000|100%|HC|  |TAMS 0x0000000718c00000, 0x0000000718c00000| Complete 
| 199|0x0000000718e00000, 0x0000000719000000, 0x0000000719000000|100%|HC|  |TAMS 0x0000000718e00000, 0x0000000718e00000| Complete 
| 200|0x0000000719000000, 0x0000000719200000, 0x0000000719200000|100%|HC|  |TAMS 0x0000000719000000, 0x0000000719000000| Complete 
| 201|0x0000000719200000, 0x0000000719400000, 0x0000000719400000|100%|HC|  |TAMS 0x0000000719200000, 0x0000000719200000| Complete 
| 202|0x0000000719400000, 0x0000000719600000, 0x0000000719600000|100%|HC|  |TAMS 0x0000000719400000, 0x0000000719400000| Complete 
| 203|0x0000000719600000, 0x0000000719800000, 0x0000000719800000|100%|HC|  |TAMS 0x0000000719600000, 0x0000000719600000| Complete 
| 204|0x0000000719800000, 0x0000000719a00000, 0x0000000719a00000|100%|HC|  |TAMS 0x0000000719800000, 0x0000000719800000| Complete 
| 205|0x0000000719a00000, 0x0000000719c00000, 0x0000000719c00000|100%|HC|  |TAMS 0x0000000719a00000, 0x0000000719a00000| Complete 
| 206|0x0000000719c00000, 0x0000000719e00000, 0x0000000719e00000|100%|HC|  |TAMS 0x0000000719c00000, 0x0000000719c00000| Complete 
| 207|0x0000000719e00000, 0x000000071a000000, 0x000000071a000000|100%|HC|  |TAMS 0x0000000719e00000, 0x0000000719e00000| Complete 
| 208|0x000000071a000000, 0x000000071a200000, 0x000000071a200000|100%|HC|  |TAMS 0x000000071a000000, 0x000000071a000000| Complete 
| 209|0x000000071a200000, 0x000000071a400000, 0x000000071a400000|100%|HC|  |TAMS 0x000000071a200000, 0x000000071a200000| Complete 
| 210|0x000000071a400000, 0x000000071a600000, 0x000000071a600000|100%|HC|  |TAMS 0x000000071a400000, 0x000000071a400000| Complete 
| 211|0x000000071a600000, 0x000000071a800000, 0x000000071a800000|100%|HC|  |TAMS 0x000000071a600000, 0x000000071a600000| Complete 
| 212|0x000000071a800000, 0x000000071aa00000, 0x000000071aa00000|100%|HC|  |TAMS 0x000000071a800000, 0x000000071a800000| Complete 
| 213|0x000000071aa00000, 0x000000071ac00000, 0x000000071ac00000|100%|HC|  |TAMS 0x000000071aa00000, 0x000000071aa00000| Complete 
| 214|0x000000071ac00000, 0x000000071ae00000, 0x000000071ae00000|100%|HC|  |TAMS 0x000000071ac00000, 0x000000071ac00000| Complete 
| 215|0x000000071ae00000, 0x000000071b000000, 0x000000071b000000|100%|HC|  |TAMS 0x000000071ae00000, 0x000000071ae00000| Complete 
| 216|0x000000071b000000, 0x000000071b200000, 0x000000071b200000|100%| O|  |TAMS 0x000000071b000000, 0x000000071b000000| Untracked 
| 217|0x000000071b200000, 0x000000071b400000, 0x000000071b400000|100%| O|  |TAMS 0x000000071b200000, 0x000000071b200000| Untracked 
| 218|0x000000071b400000, 0x000000071b600000, 0x000000071b600000|100%| O|  |TAMS 0x000000071b400000, 0x000000071b400000| Untracked 
| 219|0x000000071b600000, 0x000000071b800000, 0x000000071b800000|100%| O|  |TAMS 0x000000071b600000, 0x000000071b600000| Untracked 
| 220|0x000000071b800000, 0x000000071ba00000, 0x000000071ba00000|100%| O|  |TAMS 0x000000071b800000, 0x000000071b800000| Untracked 
| 221|0x000000071ba00000, 0x000000071bc00000, 0x000000071bc00000|100%| O|  |TAMS 0x000000071ba00000, 0x000000071ba00000| Untracked 
| 222|0x000000071bc00000, 0x000000071be00000, 0x000000071be00000|100%| O|  |TAMS 0x000000071bc00000, 0x000000071bc00000| Untracked 
| 223|0x000000071be00000, 0x000000071c000000, 0x000000071c000000|100%| O|  |TAMS 0x000000071be00000, 0x000000071be00000| Untracked 
| 224|0x000000071c000000, 0x000000071c200000, 0x000000071c200000|100%| O|  |TAMS 0x000000071c000000, 0x000000071c000000| Untracked 
| 225|0x000000071c200000, 0x000000071c400000, 0x000000071c400000|100%| O|  |TAMS 0x000000071c200000, 0x000000071c200000| Untracked 
| 226|0x000000071c400000, 0x000000071c600000, 0x000000071c600000|100%| O|  |TAMS 0x000000071c400000, 0x000000071c400000| Untracked 
| 227|0x000000071c600000, 0x000000071c800000, 0x000000071c800000|100%| O|  |TAMS 0x000000071c600000, 0x000000071c600000| Untracked 
| 228|0x000000071c800000, 0x000000071ca00000, 0x000000071ca00000|100%| O|  |TAMS 0x000000071c800000, 0x000000071c800000| Untracked 
| 229|0x000000071ca00000, 0x000000071cc00000, 0x000000071cc00000|100%| O|  |TAMS 0x000000071ca00000, 0x000000071ca00000| Untracked 
| 230|0x000000071cc00000, 0x000000071ce00000, 0x000000071ce00000|100%| O|  |TAMS 0x000000071cc00000, 0x000000071cc00000| Untracked 
| 231|0x000000071ce00000, 0x000000071d000000, 0x000000071d000000|100%| O|  |TAMS 0x000000071ce00000, 0x000000071ce00000| Untracked 
| 232|0x000000071d000000, 0x000000071d200000, 0x000000071d200000|100%| O|  |TAMS 0x000000071d000000, 0x000000071d000000| Untracked 
| 233|0x000000071d200000, 0x000000071d400000, 0x000000071d400000|100%| O|  |TAMS 0x000000071d200000, 0x000000071d200000| Untracked 
| 234|0x000000071d400000, 0x000000071d600000, 0x000000071d600000|100%| O|  |TAMS 0x000000071d400000, 0x000000071d400000| Untracked 
| 235|0x000000071d600000, 0x000000071d800000, 0x000000071d800000|100%| O|  |TAMS 0x000000071d600000, 0x000000071d600000| Untracked 
| 236|0x000000071d800000, 0x000000071da00000, 0x000000071da00000|100%| O|  |TAMS 0x000000071d800000, 0x000000071d800000| Untracked 
| 237|0x000000071da00000, 0x000000071dc00000, 0x000000071dc00000|100%| O|  |TAMS 0x000000071da00000, 0x000000071da00000| Untracked 
| 238|0x000000071dc00000, 0x000000071de00000, 0x000000071de00000|100%| O|  |TAMS 0x000000071dc00000, 0x000000071dc00000| Untracked 
| 239|0x000000071de00000, 0x000000071e000000, 0x000000071e000000|100%| O|  |TAMS 0x000000071de00000, 0x000000071de00000| Untracked 
| 240|0x000000071e000000, 0x000000071e200000, 0x000000071e200000|100%| O|  |TAMS 0x000000071e000000, 0x000000071e000000| Untracked 
| 241|0x000000071e200000, 0x000000071e400000, 0x000000071e400000|100%| O|  |TAMS 0x000000071e200000, 0x000000071e200000| Untracked 
| 242|0x000000071e400000, 0x000000071e600000, 0x000000071e600000|100%| O|  |TAMS 0x000000071e400000, 0x000000071e400000| Untracked 
| 243|0x000000071e600000, 0x000000071e800000, 0x000000071e800000|100%| O|  |TAMS 0x000000071e600000, 0x000000071e600000| Untracked 
| 244|0x000000071e800000, 0x000000071ea00000, 0x000000071ea00000|100%| O|  |TAMS 0x000000071e800000, 0x000000071e800000| Untracked 
| 245|0x000000071ea00000, 0x000000071ec00000, 0x000000071ec00000|100%| O|  |TAMS 0x000000071ea00000, 0x000000071ea00000| Untracked 
| 246|0x000000071ec00000, 0x000000071ee00000, 0x000000071ee00000|100%| O|  |TAMS 0x000000071ec00000, 0x000000071ec00000| Untracked 
| 247|0x000000071ee00000, 0x000000071f000000, 0x000000071f000000|100%| O|  |TAMS 0x000000071ee00000, 0x000000071ee00000| Untracked 
| 248|0x000000071f000000, 0x000000071f200000, 0x000000071f200000|100%| O|  |TAMS 0x000000071f000000, 0x000000071f000000| Untracked 
| 249|0x000000071f200000, 0x000000071f400000, 0x000000071f400000|100%| O|  |TAMS 0x000000071f200000, 0x000000071f200000| Untracked 
| 250|0x000000071f400000, 0x000000071f600000, 0x000000071f600000|100%| O|  |TAMS 0x000000071f400000, 0x000000071f400000| Untracked 
| 251|0x000000071f600000, 0x000000071f800000, 0x000000071f800000|100%| O|  |TAMS 0x000000071f600000, 0x000000071f600000| Untracked 
| 252|0x000000071f800000, 0x000000071fa00000, 0x000000071fa00000|100%| O|  |TAMS 0x000000071f800000, 0x000000071f800000| Untracked 
| 253|0x000000071fa00000, 0x000000071fc00000, 0x000000071fc00000|100%| O|  |TAMS 0x000000071fa00000, 0x000000071fa00000| Untracked 
| 254|0x000000071fc00000, 0x000000071fe00000, 0x000000071fe00000|100%| O|  |TAMS 0x000000071fc00000, 0x000000071fc00000| Untracked 
| 255|0x000000071fe00000, 0x0000000720000000, 0x0000000720000000|100%| O|  |TAMS 0x000000071fe00000, 0x000000071fe00000| Untracked 
| 256|0x0000000720000000, 0x0000000720200000, 0x0000000720200000|100%| O|  |TAMS 0x0000000720000000, 0x0000000720000000| Untracked 
| 257|0x0000000720200000, 0x0000000720400000, 0x0000000720400000|100%| O|  |TAMS 0x0000000720200000, 0x0000000720200000| Untracked 
| 258|0x0000000720400000, 0x0000000720600000, 0x0000000720600000|100%| O|  |TAMS 0x0000000720400000, 0x0000000720400000| Untracked 
| 259|0x0000000720600000, 0x0000000720800000, 0x0000000720800000|100%| O|  |TAMS 0x0000000720600000, 0x0000000720600000| Untracked 
| 260|0x0000000720800000, 0x0000000720a00000, 0x0000000720a00000|100%| O|  |TAMS 0x0000000720800000, 0x0000000720800000| Untracked 
| 261|0x0000000720a00000, 0x0000000720c00000, 0x0000000720c00000|100%| O|  |TAMS 0x0000000720a00000, 0x0000000720a00000| Untracked 
| 262|0x0000000720c00000, 0x0000000720e00000, 0x0000000720e00000|100%| O|  |TAMS 0x0000000720c00000, 0x0000000720c00000| Untracked 
| 263|0x0000000720e00000, 0x0000000721000000, 0x0000000721000000|100%| O|  |TAMS 0x0000000720e00000, 0x0000000720e00000| Untracked 
| 264|0x0000000721000000, 0x0000000721200000, 0x0000000721200000|100%| O|  |TAMS 0x0000000721000000, 0x0000000721000000| Untracked 
| 265|0x0000000721200000, 0x0000000721400000, 0x0000000721400000|100%| O|  |TAMS 0x0000000721200000, 0x0000000721200000| Untracked 
| 266|0x0000000721400000, 0x0000000721600000, 0x0000000721600000|100%| O|  |TAMS 0x0000000721400000, 0x0000000721400000| Untracked 
| 267|0x0000000721600000, 0x0000000721800000, 0x0000000721800000|100%| O|  |TAMS 0x0000000721600000, 0x0000000721600000| Untracked 
| 268|0x0000000721800000, 0x0000000721a00000, 0x0000000721a00000|100%| O|  |TAMS 0x0000000721800000, 0x0000000721800000| Untracked 
| 269|0x0000000721a00000, 0x0000000721c00000, 0x0000000721c00000|100%| O|  |TAMS 0x0000000721a00000, 0x0000000721a00000| Untracked 
| 270|0x0000000721c00000, 0x0000000721e00000, 0x0000000721e00000|100%| O|  |TAMS 0x0000000721c00000, 0x0000000721c00000| Untracked 
| 271|0x0000000721e00000, 0x0000000722000000, 0x0000000722000000|100%| O|  |TAMS 0x0000000721e00000, 0x0000000721e00000| Untracked 
| 272|0x0000000722000000, 0x0000000722200000, 0x0000000722200000|100%| O|  |TAMS 0x0000000722000000, 0x0000000722000000| Untracked 
| 273|0x0000000722200000, 0x0000000722400000, 0x0000000722400000|100%| O|  |TAMS 0x0000000722200000, 0x0000000722200000| Untracked 
| 274|0x0000000722400000, 0x0000000722600000, 0x0000000722600000|100%| O|  |TAMS 0x0000000722400000, 0x0000000722400000| Untracked 
| 275|0x0000000722600000, 0x0000000722800000, 0x0000000722800000|100%| O|  |TAMS 0x0000000722600000, 0x0000000722600000| Untracked 
| 276|0x0000000722800000, 0x0000000722a00000, 0x0000000722a00000|100%| O|  |TAMS 0x0000000722800000, 0x0000000722800000| Untracked 
| 277|0x0000000722a00000, 0x0000000722c00000, 0x0000000722c00000|100%| O|  |TAMS 0x0000000722a00000, 0x0000000722a00000| Untracked 
| 278|0x0000000722c00000, 0x0000000722e00000, 0x0000000722e00000|100%| O|  |TAMS 0x0000000722c00000, 0x0000000722c00000| Untracked 
| 279|0x0000000722e00000, 0x0000000723000000, 0x0000000723000000|100%| O|  |TAMS 0x0000000722e00000, 0x0000000722e00000| Untracked 
| 280|0x0000000723000000, 0x0000000723200000, 0x0000000723200000|100%| O|  |TAMS 0x0000000723000000, 0x0000000723000000| Untracked 
| 281|0x0000000723200000, 0x0000000723400000, 0x0000000723400000|100%| O|  |TAMS 0x0000000723200000, 0x0000000723200000| Untracked 
| 282|0x0000000723400000, 0x0000000723600000, 0x0000000723600000|100%| O|  |TAMS 0x0000000723400000, 0x0000000723400000| Untracked 
| 283|0x0000000723600000, 0x0000000723800000, 0x0000000723800000|100%| O|  |TAMS 0x0000000723600000, 0x0000000723600000| Untracked 
| 284|0x0000000723800000, 0x0000000723a00000, 0x0000000723a00000|100%| O|  |TAMS 0x0000000723800000, 0x0000000723800000| Untracked 
| 285|0x0000000723a00000, 0x0000000723c00000, 0x0000000723c00000|100%| O|  |TAMS 0x0000000723a00000, 0x0000000723a00000| Untracked 
| 286|0x0000000723c00000, 0x0000000723e00000, 0x0000000723e00000|100%| O|  |TAMS 0x0000000723c00000, 0x0000000723c00000| Untracked 
| 287|0x0000000723e00000, 0x0000000724000000, 0x0000000724000000|100%| O|  |TAMS 0x0000000723e00000, 0x0000000723e00000| Untracked 
| 288|0x0000000724000000, 0x0000000724200000, 0x0000000724200000|100%| O|  |TAMS 0x0000000724000000, 0x0000000724000000| Untracked 
| 289|0x0000000724200000, 0x0000000724400000, 0x0000000724400000|100%| O|  |TAMS 0x0000000724200000, 0x0000000724200000| Untracked 
| 290|0x0000000724400000, 0x0000000724600000, 0x0000000724600000|100%| O|  |TAMS 0x0000000724400000, 0x0000000724400000| Untracked 
| 291|0x0000000724600000, 0x0000000724800000, 0x0000000724800000|100%| O|  |TAMS 0x0000000724600000, 0x0000000724600000| Untracked 
| 292|0x0000000724800000, 0x0000000724a00000, 0x0000000724a00000|100%| O|  |TAMS 0x0000000724800000, 0x0000000724800000| Untracked 
| 293|0x0000000724a00000, 0x0000000724c00000, 0x0000000724c00000|100%| O|  |TAMS 0x0000000724a00000, 0x0000000724a00000| Untracked 
| 294|0x0000000724c00000, 0x0000000724e00000, 0x0000000724e00000|100%|HS|  |TAMS 0x0000000724c00000, 0x0000000724c00000| Complete 
| 295|0x0000000724e00000, 0x0000000725000000, 0x0000000725000000|100%| O|  |TAMS 0x0000000724e00000, 0x0000000724e00000| Untracked 
| 296|0x0000000725000000, 0x0000000725200000, 0x0000000725200000|100%| O|  |TAMS 0x0000000725000000, 0x0000000725000000| Untracked 
| 297|0x0000000725200000, 0x0000000725400000, 0x0000000725400000|100%| O|  |TAMS 0x0000000725200000, 0x0000000725200000| Untracked 
| 298|0x0000000725400000, 0x0000000725600000, 0x0000000725600000|100%| O|  |TAMS 0x0000000725400000, 0x0000000725400000| Untracked 
| 299|0x0000000725600000, 0x0000000725800000, 0x0000000725800000|100%| O|  |TAMS 0x0000000725600000, 0x0000000725600000| Untracked 
| 300|0x0000000725800000, 0x0000000725a00000, 0x0000000725a00000|100%| O|  |TAMS 0x0000000725800000, 0x0000000725800000| Untracked 
| 301|0x0000000725a00000, 0x0000000725c00000, 0x0000000725c00000|100%| O|  |TAMS 0x0000000725a00000, 0x0000000725a00000| Untracked 
| 302|0x0000000725c00000, 0x0000000725e00000, 0x0000000725e00000|100%| O|  |TAMS 0x0000000725c00000, 0x0000000725c00000| Untracked 
| 303|0x0000000725e00000, 0x0000000725f95e00, 0x0000000726000000| 79%| O|  |TAMS 0x0000000725e00000, 0x0000000725e00000| Untracked 
| 304|0x0000000726000000, 0x0000000726000000, 0x0000000726200000|  0%| F|  |TAMS 0x0000000726000000, 0x0000000726000000| Untracked 
| 305|0x0000000726200000, 0x0000000726200000, 0x0000000726400000|  0%| F|  |TAMS 0x0000000726200000, 0x0000000726200000| Untracked 
| 306|0x0000000726400000, 0x0000000726400000, 0x0000000726600000|  0%| F|  |TAMS 0x0000000726400000, 0x0000000726400000| Untracked 
| 307|0x0000000726600000, 0x0000000726600000, 0x0000000726800000|  0%| F|  |TAMS 0x0000000726600000, 0x0000000726600000| Untracked 
| 308|0x0000000726800000, 0x0000000726800000, 0x0000000726a00000|  0%| F|  |TAMS 0x0000000726800000, 0x0000000726800000| Untracked 
| 309|0x0000000726a00000, 0x0000000726a00000, 0x0000000726c00000|  0%| F|  |TAMS 0x0000000726a00000, 0x0000000726a00000| Untracked 
| 310|0x0000000726c00000, 0x0000000726c00000, 0x0000000726e00000|  0%| F|  |TAMS 0x0000000726c00000, 0x0000000726c00000| Untracked 
| 311|0x0000000726e00000, 0x0000000726e00000, 0x0000000727000000|  0%| F|  |TAMS 0x0000000726e00000, 0x0000000726e00000| Untracked 
| 312|0x0000000727000000, 0x0000000727000000, 0x0000000727200000|  0%| F|  |TAMS 0x0000000727000000, 0x0000000727000000| Untracked 
| 313|0x0000000727200000, 0x0000000727200000, 0x0000000727400000|  0%| F|  |TAMS 0x0000000727200000, 0x0000000727200000| Untracked 
| 314|0x0000000727400000, 0x0000000727400000, 0x0000000727600000|  0%| F|  |TAMS 0x0000000727400000, 0x0000000727400000| Untracked 
| 315|0x0000000727600000, 0x0000000727600000, 0x0000000727800000|  0%| F|  |TAMS 0x0000000727600000, 0x0000000727600000| Untracked 
| 316|0x0000000727800000, 0x0000000727800000, 0x0000000727a00000|  0%| F|  |TAMS 0x0000000727800000, 0x0000000727800000| Untracked 
| 317|0x0000000727a00000, 0x0000000727a00000, 0x0000000727c00000|  0%| F|  |TAMS 0x0000000727a00000, 0x0000000727a00000| Untracked 
| 318|0x0000000727c00000, 0x0000000727c00000, 0x0000000727e00000|  0%| F|  |TAMS 0x0000000727c00000, 0x0000000727c00000| Untracked 
| 319|0x0000000727e00000, 0x0000000727e00000, 0x0000000728000000|  0%| F|  |TAMS 0x0000000727e00000, 0x0000000727e00000| Untracked 
| 320|0x0000000728000000, 0x0000000728000000, 0x0000000728200000|  0%| F|  |TAMS 0x0000000728000000, 0x0000000728000000| Untracked 
| 321|0x0000000728200000, 0x0000000728200000, 0x0000000728400000|  0%| F|  |TAMS 0x0000000728200000, 0x0000000728200000| Untracked 
| 322|0x0000000728400000, 0x0000000728400000, 0x0000000728600000|  0%| F|  |TAMS 0x0000000728400000, 0x0000000728400000| Untracked 
| 323|0x0000000728600000, 0x0000000728600000, 0x0000000728800000|  0%| F|  |TAMS 0x0000000728600000, 0x0000000728600000| Untracked 
| 324|0x0000000728800000, 0x0000000728800000, 0x0000000728a00000|  0%| F|  |TAMS 0x0000000728800000, 0x0000000728800000| Untracked 
| 325|0x0000000728a00000, 0x0000000728a00000, 0x0000000728c00000|  0%| F|  |TAMS 0x0000000728a00000, 0x0000000728a00000| Untracked 
| 326|0x0000000728c00000, 0x0000000728c00000, 0x0000000728e00000|  0%| F|  |TAMS 0x0000000728c00000, 0x0000000728c00000| Untracked 
| 327|0x0000000728e00000, 0x0000000728e00000, 0x0000000729000000|  0%| F|  |TAMS 0x0000000728e00000, 0x0000000728e00000| Untracked 
| 328|0x0000000729000000, 0x0000000729000000, 0x0000000729200000|  0%| F|  |TAMS 0x0000000729000000, 0x0000000729000000| Untracked 
| 329|0x0000000729200000, 0x0000000729200000, 0x0000000729400000|  0%| F|  |TAMS 0x0000000729200000, 0x0000000729200000| Untracked 
| 330|0x0000000729400000, 0x0000000729400000, 0x0000000729600000|  0%| F|  |TAMS 0x0000000729400000, 0x0000000729400000| Untracked 
| 331|0x0000000729600000, 0x0000000729600000, 0x0000000729800000|  0%| F|  |TAMS 0x0000000729600000, 0x0000000729600000| Untracked 
| 332|0x0000000729800000, 0x0000000729800000, 0x0000000729a00000|  0%| F|  |TAMS 0x0000000729800000, 0x0000000729800000| Untracked 
| 333|0x0000000729a00000, 0x0000000729a00000, 0x0000000729c00000|  0%| F|  |TAMS 0x0000000729a00000, 0x0000000729a00000| Untracked 
| 334|0x0000000729c00000, 0x0000000729c00000, 0x0000000729e00000|  0%| F|  |TAMS 0x0000000729c00000, 0x0000000729c00000| Untracked 
| 335|0x0000000729e00000, 0x0000000729e00000, 0x000000072a000000|  0%| F|  |TAMS 0x0000000729e00000, 0x0000000729e00000| Untracked 
| 336|0x000000072a000000, 0x000000072a000000, 0x000000072a200000|  0%| F|  |TAMS 0x000000072a000000, 0x000000072a000000| Untracked 
| 337|0x000000072a200000, 0x000000072a200000, 0x000000072a400000|  0%| F|  |TAMS 0x000000072a200000, 0x000000072a200000| Untracked 
| 338|0x000000072a400000, 0x000000072a400000, 0x000000072a600000|  0%| F|  |TAMS 0x000000072a400000, 0x000000072a400000| Untracked 
| 339|0x000000072a600000, 0x000000072a600000, 0x000000072a800000|  0%| F|  |TAMS 0x000000072a600000, 0x000000072a600000| Untracked 
| 340|0x000000072a800000, 0x000000072a800000, 0x000000072aa00000|  0%| F|  |TAMS 0x000000072a800000, 0x000000072a800000| Untracked 
| 341|0x000000072aa00000, 0x000000072aa00000, 0x000000072ac00000|  0%| F|  |TAMS 0x000000072aa00000, 0x000000072aa00000| Untracked 
| 342|0x000000072ac00000, 0x000000072ac00000, 0x000000072ae00000|  0%| F|  |TAMS 0x000000072ac00000, 0x000000072ac00000| Untracked 
| 343|0x000000072ae00000, 0x000000072ae00000, 0x000000072b000000|  0%| F|  |TAMS 0x000000072ae00000, 0x000000072ae00000| Untracked 
| 344|0x000000072b000000, 0x000000072b000000, 0x000000072b200000|  0%| F|  |TAMS 0x000000072b000000, 0x000000072b000000| Untracked 
| 345|0x000000072b200000, 0x000000072b200000, 0x000000072b400000|  0%| F|  |TAMS 0x000000072b200000, 0x000000072b200000| Untracked 
| 346|0x000000072b400000, 0x000000072b400000, 0x000000072b600000|  0%| F|  |TAMS 0x000000072b400000, 0x000000072b400000| Untracked 
| 347|0x000000072b600000, 0x000000072b600000, 0x000000072b800000|  0%| F|  |TAMS 0x000000072b600000, 0x000000072b600000| Untracked 
| 348|0x000000072b800000, 0x000000072b800000, 0x000000072ba00000|  0%| F|  |TAMS 0x000000072b800000, 0x000000072b800000| Untracked 
| 349|0x000000072ba00000, 0x000000072ba00000, 0x000000072bc00000|  0%| F|  |TAMS 0x000000072ba00000, 0x000000072ba00000| Untracked 
| 350|0x000000072bc00000, 0x000000072bc00000, 0x000000072be00000|  0%| F|  |TAMS 0x000000072bc00000, 0x000000072bc00000| Untracked 
| 351|0x000000072be00000, 0x000000072be00000, 0x000000072c000000|  0%| F|  |TAMS 0x000000072be00000, 0x000000072be00000| Untracked 
| 352|0x000000072c000000, 0x000000072c000000, 0x000000072c200000|  0%| F|  |TAMS 0x000000072c000000, 0x000000072c000000| Untracked 
| 353|0x000000072c200000, 0x000000072c200000, 0x000000072c400000|  0%| F|  |TAMS 0x000000072c200000, 0x000000072c200000| Untracked 
| 354|0x000000072c400000, 0x000000072c400000, 0x000000072c600000|  0%| F|  |TAMS 0x000000072c400000, 0x000000072c400000| Untracked 
| 355|0x000000072c600000, 0x000000072c600000, 0x000000072c800000|  0%| F|  |TAMS 0x000000072c600000, 0x000000072c600000| Untracked 
| 356|0x000000072c800000, 0x000000072c800000, 0x000000072ca00000|  0%| F|  |TAMS 0x000000072c800000, 0x000000072c800000| Untracked 
| 357|0x000000072ca00000, 0x000000072ca00000, 0x000000072cc00000|  0%| F|  |TAMS 0x000000072ca00000, 0x000000072ca00000| Untracked 
| 358|0x000000072cc00000, 0x000000072cc00000, 0x000000072ce00000|  0%| F|  |TAMS 0x000000072cc00000, 0x000000072cc00000| Untracked 
| 359|0x000000072ce00000, 0x000000072ce00000, 0x000000072d000000|  0%| F|  |TAMS 0x000000072ce00000, 0x000000072ce00000| Untracked 
| 360|0x000000072d000000, 0x000000072d000000, 0x000000072d200000|  0%| F|  |TAMS 0x000000072d000000, 0x000000072d000000| Untracked 
| 361|0x000000072d200000, 0x000000072d200000, 0x000000072d400000|  0%| F|  |TAMS 0x000000072d200000, 0x000000072d200000| Untracked 
| 362|0x000000072d400000, 0x000000072d48f9c8, 0x000000072d600000| 28%| S|CS|TAMS 0x000000072d400000, 0x000000072d400000| Complete 
| 363|0x000000072d600000, 0x000000072d800000, 0x000000072d800000|100%| S|CS|TAMS 0x000000072d600000, 0x000000072d600000| Complete 
| 364|0x000000072d800000, 0x000000072da00000, 0x000000072da00000|100%| S|CS|TAMS 0x000000072d800000, 0x000000072d800000| Complete 
| 365|0x000000072da00000, 0x000000072da00000, 0x000000072dc00000|  0%| F|  |TAMS 0x000000072da00000, 0x000000072da00000| Untracked 
| 366|0x000000072dc00000, 0x000000072dc00000, 0x000000072de00000|  0%| F|  |TAMS 0x000000072dc00000, 0x000000072dc00000| Untracked 
| 367|0x000000072de00000, 0x000000072de00000, 0x000000072e000000|  0%| F|  |TAMS 0x000000072de00000, 0x000000072de00000| Untracked 
| 368|0x000000072e000000, 0x000000072e000000, 0x000000072e200000|  0%| F|  |TAMS 0x000000072e000000, 0x000000072e000000| Untracked 
| 369|0x000000072e200000, 0x000000072e200000, 0x000000072e400000|  0%| F|  |TAMS 0x000000072e200000, 0x000000072e200000| Untracked 
| 370|0x000000072e400000, 0x000000072e400000, 0x000000072e600000|  0%| F|  |TAMS 0x000000072e400000, 0x000000072e400000| Untracked 
| 371|0x000000072e600000, 0x000000072e600000, 0x000000072e800000|  0%| F|  |TAMS 0x000000072e600000, 0x000000072e600000| Untracked 
| 372|0x000000072e800000, 0x000000072e800000, 0x000000072ea00000|  0%| F|  |TAMS 0x000000072e800000, 0x000000072e800000| Untracked 
| 373|0x000000072ea00000, 0x000000072ea00000, 0x000000072ec00000|  0%| F|  |TAMS 0x000000072ea00000, 0x000000072ea00000| Untracked 
| 374|0x000000072ec00000, 0x000000072ec00000, 0x000000072ee00000|  0%| F|  |TAMS 0x000000072ec00000, 0x000000072ec00000| Untracked 
| 375|0x000000072ee00000, 0x000000072ee00000, 0x000000072f000000|  0%| F|  |TAMS 0x000000072ee00000, 0x000000072ee00000| Untracked 
| 376|0x000000072f000000, 0x000000072f170b18, 0x000000072f200000| 72%| E|  |TAMS 0x000000072f000000, 0x000000072f000000| Complete 
| 377|0x000000072f200000, 0x000000072f400000, 0x000000072f400000|100%| E|CS|TAMS 0x000000072f200000, 0x000000072f200000| Complete 
| 378|0x000000072f400000, 0x000000072f600000, 0x000000072f600000|100%| E|CS|TAMS 0x000000072f400000, 0x000000072f400000| Complete 
| 379|0x000000072f600000, 0x000000072f800000, 0x000000072f800000|100%| E|CS|TAMS 0x000000072f600000, 0x000000072f600000| Complete 
| 380|0x000000072f800000, 0x000000072fa00000, 0x000000072fa00000|100%| E|CS|TAMS 0x000000072f800000, 0x000000072f800000| Complete 
| 381|0x000000072fa00000, 0x000000072fc00000, 0x000000072fc00000|100%| E|CS|TAMS 0x000000072fa00000, 0x000000072fa00000| Complete 
| 382|0x000000072fc00000, 0x000000072fe00000, 0x000000072fe00000|100%| E|CS|TAMS 0x000000072fc00000, 0x000000072fc00000| Complete 
| 383|0x000000072fe00000, 0x0000000730000000, 0x0000000730000000|100%| E|CS|TAMS 0x000000072fe00000, 0x000000072fe00000| Complete 
| 384|0x0000000730000000, 0x0000000730200000, 0x0000000730200000|100%| E|CS|TAMS 0x0000000730000000, 0x0000000730000000| Complete 
| 385|0x0000000730200000, 0x0000000730400000, 0x0000000730400000|100%| E|CS|TAMS 0x0000000730200000, 0x0000000730200000| Complete 
| 386|0x0000000730400000, 0x0000000730600000, 0x0000000730600000|100%| E|CS|TAMS 0x0000000730400000, 0x0000000730400000| Complete 
| 387|0x0000000730600000, 0x0000000730800000, 0x0000000730800000|100%| E|CS|TAMS 0x0000000730600000, 0x0000000730600000| Complete 
| 388|0x0000000730800000, 0x0000000730a00000, 0x0000000730a00000|100%| E|CS|TAMS 0x0000000730800000, 0x0000000730800000| Complete 
| 389|0x0000000730a00000, 0x0000000730c00000, 0x0000000730c00000|100%| E|CS|TAMS 0x0000000730a00000, 0x0000000730a00000| Complete 
| 390|0x0000000730c00000, 0x0000000730e00000, 0x0000000730e00000|100%| E|CS|TAMS 0x0000000730c00000, 0x0000000730c00000| Complete 
| 391|0x0000000730e00000, 0x0000000731000000, 0x0000000731000000|100%| E|CS|TAMS 0x0000000730e00000, 0x0000000730e00000| Complete 
| 392|0x0000000731000000, 0x0000000731200000, 0x0000000731200000|100%| E|CS|TAMS 0x0000000731000000, 0x0000000731000000| Complete 
| 393|0x0000000731200000, 0x0000000731400000, 0x0000000731400000|100%| E|CS|TAMS 0x0000000731200000, 0x0000000731200000| Complete 
| 394|0x0000000731400000, 0x0000000731600000, 0x0000000731600000|100%| E|CS|TAMS 0x0000000731400000, 0x0000000731400000| Complete 
| 395|0x0000000731600000, 0x0000000731800000, 0x0000000731800000|100%| E|CS|TAMS 0x0000000731600000, 0x0000000731600000| Complete 
| 396|0x0000000731800000, 0x0000000731a00000, 0x0000000731a00000|100%| E|CS|TAMS 0x0000000731800000, 0x0000000731800000| Complete 
| 397|0x0000000731a00000, 0x0000000731c00000, 0x0000000731c00000|100%| E|CS|TAMS 0x0000000731a00000, 0x0000000731a00000| Complete 
| 398|0x0000000731c00000, 0x0000000731e00000, 0x0000000731e00000|100%| E|CS|TAMS 0x0000000731c00000, 0x0000000731c00000| Complete 
| 399|0x0000000731e00000, 0x0000000732000000, 0x0000000732000000|100%| E|  |TAMS 0x0000000731e00000, 0x0000000731e00000| Complete 
| 400|0x0000000732000000, 0x0000000732200000, 0x0000000732200000|100%| E|CS|TAMS 0x0000000732000000, 0x0000000732000000| Complete 
| 401|0x0000000732200000, 0x0000000732400000, 0x0000000732400000|100%| E|CS|TAMS 0x0000000732200000, 0x0000000732200000| Complete 
| 402|0x0000000732400000, 0x0000000732600000, 0x0000000732600000|100%| E|CS|TAMS 0x0000000732400000, 0x0000000732400000| Complete 
| 403|0x0000000732600000, 0x0000000732800000, 0x0000000732800000|100%| E|CS|TAMS 0x0000000732600000, 0x0000000732600000| Complete 
| 404|0x0000000732800000, 0x0000000732a00000, 0x0000000732a00000|100%| E|CS|TAMS 0x0000000732800000, 0x0000000732800000| Complete 

Card table byte_map: [0x000001692f8a0000,0x00000169300a0000] _byte_map_base: 0x000001692c0a0000

Marking Bits (Prev, Next): (CMBitMap*) 0x000001691cc428d0, (CMBitMap*) 0x000001691cc42890
 Prev Bits: [0x00000169348a0000, 0x00000169388a0000)
 Next Bits: [0x00000169308a0000, 0x00000169348a0000)

Polling page: 0x000001691c3a0000

Metaspace:

Usage:
  Non-class:    132.76 MB used.
      Class:     19.98 MB used.
       Both:    152.74 MB used.

Virtual space:
  Non-class space:      136.00 MB reserved,     133.62 MB ( 98%) committed,  17 nodes.
      Class space:        1.00 GB reserved,      20.62 MB (  2%) committed,  1 nodes.
             Both:        1.13 GB reserved,     154.25 MB ( 13%) committed. 

Chunk freelists:
   Non-Class:  2.23 MB
       Class:  3.35 MB
        Both:  5.59 MB

MaxMetaspaceSize: unlimited
CompressedClassSpaceSize: 1.00 GB
Initial GC threshold: 21.00 MB
Current GC threshold: 221.56 MB
CDS: off
MetaspaceReclaimPolicy: balanced
 - commit_granule_bytes: 65536.
 - commit_granule_words: 8192.
 - virtual_space_node_default_size: 1048576.
 - enlarge_chunks_in_place: 1.
 - new_chunks_are_fully_committed: 0.
 - uncommit_free_chunks: 1.
 - use_allocation_guard: 0.
 - handle_deallocations: 1.


Internal statistics:

num_allocs_failed_limit: 6.
num_arena_births: 2094.
num_arena_deaths: 6.
num_vsnodes_births: 18.
num_vsnodes_deaths: 0.
num_space_committed: 2467.
num_space_uncommitted: 0.
num_chunks_returned_to_freelist: 13.
num_chunks_taken_from_freelist: 8367.
num_chunk_merges: 3.
num_chunk_splits: 5396.
num_chunks_enlarged: 3441.
num_purges: 2.
num_inconsistent_stats: 0.

CodeHeap 'non-profiled nmethods': size=120000Kb used=21132Kb max_used=21132Kb free=98867Kb
 bounds [0x0000016927b70000, 0x0000016929020000, 0x000001692f0a0000]
CodeHeap 'profiled nmethods': size=120000Kb used=54228Kb max_used=54228Kb free=65771Kb
 bounds [0x00000169200a0000, 0x00000169235a0000, 0x00000169275d0000]
CodeHeap 'non-nmethods': size=5760Kb used=2526Kb max_used=2640Kb free=3233Kb
 bounds [0x00000169275d0000, 0x0000016927870000, 0x0000016927b70000]
 total_blobs=27406 nmethods=26330 adapters=985
 compilation: enabled
              stopped_count=0, restarted_count=0
 full_count=0

Compilation events (20 events):
Event: 311.418 Thread 0x000001693b839660 nmethod 33641 0x0000016929011210 code [0x00000169290113a0, 0x0000016929011438]
Event: 311.418 Thread 0x000001693b839660 33355       4       com.android.tools.r8.internal.o7::<init> (92 bytes)
Event: 311.421 Thread 0x000001693b839660 nmethod 33355 0x0000016929011510 code [0x0000016929011680, 0x00000169290118b8]
Event: 311.421 Thread 0x000001693b839660 33408       4       com.android.tools.r8.utils.C$$Lambda$1930/0x00000008012db368::a (10 bytes)
Event: 311.424 Thread 0x000001693b839660 nmethod 33408 0x0000016929011910 code [0x0000016929011aa0, 0x0000016929011b78]
Event: 311.424 Thread 0x000001693b839660 33403       4       com.android.tools.r8.utils.C$$Lambda$1935/0x00000008012de000::call (16 bytes)
Event: 311.427 Thread 0x000001693b839660 nmethod 33403 0x0000016929011c90 code [0x0000016929011e20, 0x0000016929011f58]
Event: 311.427 Thread 0x000001693b839660 33387       4       java.util.concurrent.ForkJoinPool::externalSubmit (63 bytes)
Event: 311.436 Thread 0x000001693b839660 nmethod 33387 0x0000016929012110 code [0x00000169290122c0, 0x0000016929012778]
Event: 311.436 Thread 0x000001693b839660 33715       4       com.android.tools.r8.internal.bt::isEmpty (13 bytes)
Event: 311.436 Thread 0x000001693b839660 nmethod 33715 0x0000016929012b10 code [0x0000016929012c80, 0x0000016929012d18]
Event: 311.436 Thread 0x000001693b839660 33390       4       java.util.concurrent.ForkJoinPool$WorkQueue::lockedPush (87 bytes)
Event: 311.441 Thread 0x000001693b839660 nmethod 33390 0x0000016929012e10 code [0x0000016929012fa0, 0x0000016929013228]
Event: 311.442 Thread 0x000001693b839660 33716 % !   4       com.android.tools.r8.graph.j::a @ 539 (1514 bytes)
Event: 311.496 Thread 0x000001693b83d700 33719       2       com.android.tools.r8.code.f2::a (1 bytes)
Event: 311.497 Thread 0x000001693b83d700 nmethod 33719 0x0000016923591610 code [0x00000169235917a0, 0x0000016923591898]
Event: 311.497 Thread 0x000001693b83d700 33720 %     3       com.android.tools.r8.graph.X0::a @ 64 (102 bytes)
Event: 311.498 Thread 0x000001693b83d700 nmethod 33720% 0x0000016923591910 code [0x0000016923591b60, 0x0000016923592718]
Event: 311.498 Thread 0x000001693b83d700 33721       3       com.android.tools.r8.graph.X0::a (102 bytes)
Event: 311.499 Thread 0x000001693b83d700 nmethod 33721 0x0000016923592a90 code [0x0000016923592ce0, 0x00000169235937b8]

GC Heap History (20 events):
Event: 277.259 GC heap before
{Heap before GC invocations=142 (full 0):
 garbage-first heap   total 561152K, used 415392K [0x0000000700000000, 0x0000000800000000)
  region size 2048K, 14 young (28672K), 2 survivors (4096K)
 Metaspace       used 134922K, committed 136320K, reserved 1171456K
  class space    used 17515K, committed 18112K, reserved 1048576K
}
Event: 277.285 GC heap after
{Heap after GC invocations=143 (full 0):
 garbage-first heap   total 829440K, used 367004K [0x0000000700000000, 0x0000000800000000)
  region size 2048K, 2 young (4096K), 2 survivors (4096K)
 Metaspace       used 134922K, committed 136320K, reserved 1171456K
  class space    used 17515K, committed 18112K, reserved 1048576K
}
Event: 289.225 GC heap before
{Heap before GC invocations=143 (full 0):
 garbage-first heap   total 829440K, used 629148K [0x0000000700000000, 0x0000000800000000)
  region size 2048K, 130 young (266240K), 2 survivors (4096K)
 Metaspace       used 145965K, committed 147392K, reserved 1179648K
  class space    used 19065K, committed 19648K, reserved 1048576K
}
Event: 289.282 GC heap after
{Heap after GC invocations=144 (full 0):
 garbage-first heap   total 829440K, used 393625K [0x0000000700000000, 0x0000000800000000)
  region size 2048K, 14 young (28672K), 14 survivors (28672K)
 Metaspace       used 145965K, committed 147392K, reserved 1179648K
  class space    used 19065K, committed 19648K, reserved 1048576K
}
Event: 294.387 GC heap before
{Heap before GC invocations=144 (full 0):
 garbage-first heap   total 829440K, used 688537K [0x0000000700000000, 0x0000000800000000)
  region size 2048K, 131 young (268288K), 14 survivors (28672K)
 Metaspace       used 152552K, committed 153984K, reserved 1187840K
  class space    used 19971K, committed 20544K, reserved 1048576K
}
Event: 294.591 GC heap after
{Heap after GC invocations=145 (full 0):
 garbage-first heap   total 829440K, used 503435K [0x0000000700000000, 0x0000000800000000)
  region size 2048K, 17 young (34816K), 17 survivors (34816K)
 Metaspace       used 152552K, committed 153984K, reserved 1187840K
  class space    used 19971K, committed 20544K, reserved 1048576K
}
Event: 297.716 GC heap before
{Heap before GC invocations=145 (full 0):
 garbage-first heap   total 829440K, used 646795K [0x0000000700000000, 0x0000000800000000)
  region size 2048K, 88 young (180224K), 17 survivors (34816K)
 Metaspace       used 152911K, committed 154368K, reserved 1187840K
  class space    used 19984K, committed 20608K, reserved 1048576K
}
Event: 297.871 GC heap after
{Heap after GC invocations=146 (full 0):
 garbage-first heap   total 829440K, used 558080K [0x0000000700000000, 0x0000000800000000)
  region size 2048K, 11 young (22528K), 11 survivors (22528K)
 Metaspace       used 152911K, committed 154368K, reserved 1187840K
  class space    used 19984K, committed 20608K, reserved 1048576K
}
Event: 299.476 GC heap before
{Heap before GC invocations=146 (full 0):
 garbage-first heap   total 829440K, used 664576K [0x0000000700000000, 0x0000000800000000)
  region size 2048K, 64 young (131072K), 11 survivors (22528K)
 Metaspace       used 153016K, committed 154496K, reserved 1187840K
  class space    used 19992K, committed 20608K, reserved 1048576K
}
Event: 299.597 GC heap after
{Heap after GC invocations=147 (full 0):
 garbage-first heap   total 829440K, used 599168K [0x0000000700000000, 0x0000000800000000)
  region size 2048K, 8 young (16384K), 8 survivors (16384K)
 Metaspace       used 153016K, committed 154496K, reserved 1187840K
  class space    used 19992K, committed 20608K, reserved 1048576K
}
Event: 301.568 GC heap before
{Heap before GC invocations=147 (full 0):
 garbage-first heap   total 829440K, used 676992K [0x0000000700000000, 0x0000000800000000)
  region size 2048K, 47 young (96256K), 8 survivors (16384K)
 Metaspace       used 153481K, committed 154944K, reserved 1187840K
  class space    used 20030K, committed 20672K, reserved 1048576K
}
Event: 301.627 GC heap after
{Heap after GC invocations=148 (full 0):
 garbage-first heap   total 829440K, used 605304K [0x0000000700000000, 0x0000000800000000)
  region size 2048K, 2 young (4096K), 2 survivors (4096K)
 Metaspace       used 153481K, committed 154944K, reserved 1187840K
  class space    used 20030K, committed 20672K, reserved 1048576K
}
Event: 304.337 GC heap before
{Heap before GC invocations=148 (full 0):
 garbage-first heap   total 829440K, used 687224K [0x0000000700000000, 0x0000000800000000)
  region size 2048K, 43 young (88064K), 2 survivors (4096K)
 Metaspace       used 154781K, committed 156224K, reserved 1187840K
  class space    used 20244K, committed 20864K, reserved 1048576K
}
Event: 304.350 GC heap after
{Heap after GC invocations=149 (full 0):
 garbage-first heap   total 829440K, used 606550K [0x0000000700000000, 0x0000000800000000)
  region size 2048K, 3 young (6144K), 3 survivors (6144K)
 Metaspace       used 154781K, committed 156224K, reserved 1187840K
  class space    used 20244K, committed 20864K, reserved 1048576K
}
Event: 306.516 GC heap before
{Heap before GC invocations=149 (full 0):
 garbage-first heap   total 829440K, used 696662K [0x0000000700000000, 0x0000000800000000)
  region size 2048K, 47 young (96256K), 3 survivors (6144K)
 Metaspace       used 155604K, committed 157056K, reserved 1187840K
  class space    used 20369K, committed 20992K, reserved 1048576K
}
Event: 306.536 GC heap after
{Heap after GC invocations=150 (full 0):
 garbage-first heap   total 829440K, used 613454K [0x0000000700000000, 0x0000000800000000)
  region size 2048K, 6 young (12288K), 6 survivors (12288K)
 Metaspace       used 155604K, committed 157056K, reserved 1187840K
  class space    used 20369K, committed 20992K, reserved 1048576K
}
Event: 308.199 GC heap before
{Heap before GC invocations=150 (full 0):
 garbage-first heap   total 829440K, used 705614K [0x0000000700000000, 0x0000000800000000)
  region size 2048K, 50 young (102400K), 6 survivors (12288K)
 Metaspace       used 156279K, committed 157824K, reserved 1187840K
  class space    used 20451K, committed 21120K, reserved 1048576K
}
Event: 308.231 GC heap after
{Heap after GC invocations=151 (full 0):
 garbage-first heap   total 829440K, used 623425K [0x0000000700000000, 0x0000000800000000)
  region size 2048K, 7 young (14336K), 7 survivors (14336K)
 Metaspace       used 156279K, committed 157824K, reserved 1187840K
  class space    used 20451K, committed 21120K, reserved 1048576K
}
Event: 310.055 GC heap before
{Heap before GC invocations=151 (full 0):
 garbage-first heap   total 829440K, used 705345K [0x0000000700000000, 0x0000000800000000)
  region size 2048K, 47 young (96256K), 7 survivors (14336K)
 Metaspace       used 156368K, committed 157888K, reserved 1187840K
  class space    used 20455K, committed 21120K, reserved 1048576K
}
Event: 310.086 GC heap after
{Heap after GC invocations=152 (full 0):
 garbage-first heap   total 829440K, used 626837K [0x0000000700000000, 0x0000000800000000)
  region size 2048K, 3 young (6144K), 3 survivors (6144K)
 Metaspace       used 156368K, committed 157888K, reserved 1187840K
  class space    used 20455K, committed 21120K, reserved 1048576K
}

Dll operation events (2 events):
Event: 0.017 Loaded shared library C:\Program Files\Android\Android Studio\jbr\bin\java.dll
Event: 2.096 Loaded shared library C:\Program Files\Android\Android Studio\jbr\bin\verify.dll

Deoptimization events (20 events):
Event: 310.195 Thread 0x0000016942a30be0 Uncommon trap: trap_request=0xffffff45 fr.pc=0x0000016928eeee64 relative=0x0000000000005804
Event: 310.195 Thread 0x0000016942a30be0 Uncommon trap: reason=unstable_if action=reinterpret pc=0x0000016928eeee64 method=com.android.tools.r8.internal.z8.a(Lcom/android/tools/r8/internal/Nn;IZ)V @ 3 c2
Event: 310.195 Thread 0x0000016942a30be0 DEOPT PACKING pc=0x0000016928eeee64 sp=0x000000048eaf8da0
Event: 310.195 Thread 0x0000016942a30be0 DEOPT UNPACKING pc=0x00000169276269a3 sp=0x000000048eaf8e08 mode 2
Event: 310.272 Thread 0x0000016942a30be0 DEOPT PACKING pc=0x00000169204928ca sp=0x000000048eaf8c00
Event: 310.272 Thread 0x0000016942a30be0 DEOPT UNPACKING pc=0x0000016927627143 sp=0x000000048eaf8118 mode 0
Event: 310.449 Thread 0x000001693dced3d0 Uncommon trap: trap_request=0xffffff45 fr.pc=0x00000169286b04e0 relative=0x0000000000000220
Event: 310.449 Thread 0x000001693dced3d0 Uncommon trap: reason=unstable_if action=reinterpret pc=0x00000169286b04e0 method=com.google.common.cache.LocalCache$Segment.getLiveEntry(Ljava/lang/Object;IJ)Lcom/google/common/cache/ReferenceEntry; @ 25 c2
Event: 310.449 Thread 0x000001693dced3d0 DEOPT PACKING pc=0x00000169286b04e0 sp=0x000000048edfe560
Event: 310.449 Thread 0x000001693dced3d0 DEOPT UNPACKING pc=0x00000169276269a3 sp=0x000000048edfe510 mode 2
Event: 310.657 Thread 0x000001693dced3d0 DEOPT PACKING pc=0x0000016922d0ff07 sp=0x000000048edfb7a0
Event: 310.657 Thread 0x000001693dced3d0 DEOPT UNPACKING pc=0x0000016927627143 sp=0x000000048edfacc8 mode 0
Event: 310.811 Thread 0x000001693dced3d0 Uncommon trap: trap_request=0xffffffc6 fr.pc=0x0000016928f53a10 relative=0x0000000000000810
Event: 310.811 Thread 0x000001693dced3d0 Uncommon trap: reason=bimorphic_or_optimized_type_check action=maybe_recompile pc=0x0000016928f53a10 method=com.android.tools.r8.internal.oT.get(Ljava/lang/Object;)Ljava/lang/Object; @ 23 c2
Event: 310.811 Thread 0x000001693dced3d0 DEOPT PACKING pc=0x0000016928f53a10 sp=0x000000048edfa750
Event: 310.811 Thread 0x000001693dced3d0 DEOPT UNPACKING pc=0x00000169276269a3 sp=0x000000048edfa730 mode 2
Event: 310.848 Thread 0x000001693dced3d0 DEOPT PACKING pc=0x0000016922d879d9 sp=0x000000048edf9a60
Event: 310.848 Thread 0x000001693dced3d0 DEOPT UNPACKING pc=0x0000016927627143 sp=0x000000048edf91e0 mode 0
Event: 311.499 Thread 0x0000016942a2c880 DEOPT PACKING pc=0x000001692014a67a sp=0x00000004921fd430
Event: 311.499 Thread 0x0000016942a2c880 DEOPT UNPACKING pc=0x0000016927627143 sp=0x00000004921fc910 mode 0

Classes unloaded (3 events):
Event: 269.444 Thread 0x000001693ad5d460 Unloading class 0x0000000800ef8000 'java/lang/invoke/LambdaForm$DMH+0x0000000800ef8000'
Event: 269.445 Thread 0x000001693ad5d460 Unloading class 0x0000000800ef4800 'java/lang/invoke/LambdaForm$DMH+0x0000000800ef4800'
Event: 269.445 Thread 0x000001693ad5d460 Unloading class 0x0000000800ef4400 'java/lang/invoke/LambdaForm$DMH+0x0000000800ef4400'

Classes redefined (0 events):
No events

Internal exceptions (20 events):
Event: 309.570 Thread 0x000001693dced3d0 Exception <a 'sun/nio/fs/WindowsException'{0x000000072e430a00}> (0x000000072e430a00) 
thrown [s\src\hotspot\share\prims\jni.cpp, line 517]
Event: 309.678 Thread 0x000001694d5adf20 Exception <a 'sun/nio/fs/WindowsException'{0x000000072e2e27e0}> (0x000000072e2e27e0) 
thrown [s\src\hotspot\share\prims\jni.cpp, line 517]
Event: 309.678 Thread 0x000001694d5adf20 Exception <a 'sun/nio/fs/WindowsException'{0x000000072e2e29e8}> (0x000000072e2e29e8) 
thrown [s\src\hotspot\share\prims\jni.cpp, line 517]
Event: 309.678 Thread 0x000001694d5adf20 Exception <a 'sun/nio/fs/WindowsException'{0x000000072e2e2a88}> (0x000000072e2e2a88) 
thrown [s\src\hotspot\share\prims\jni.cpp, line 517]
Event: 309.678 Thread 0x000001694d5adf20 Exception <a 'sun/nio/fs/WindowsException'{0x000000072e2e2ea8}> (0x000000072e2e2ea8) 
thrown [s\src\hotspot\share\prims\jni.cpp, line 517]
Event: 309.987 Thread 0x000001693dced3d0 Exception <a 'sun/nio/fs/WindowsException'{0x000000072e452610}> (0x000000072e452610) 
thrown [s\src\hotspot\share\prims\jni.cpp, line 517]
Event: 309.987 Thread 0x000001693dced3d0 Exception <a 'sun/nio/fs/WindowsException'{0x000000072e4534d8}> (0x000000072e4534d8) 
thrown [s\src\hotspot\share\prims\jni.cpp, line 517]
Event: 310.147 Thread 0x000001694d5adf20 Exception <a 'sun/nio/fs/WindowsException'{0x0000000732407518}> (0x0000000732407518) 
thrown [s\src\hotspot\share\prims\jni.cpp, line 517]
Event: 310.147 Thread 0x000001694d5adf20 Exception <a 'sun/nio/fs/WindowsException'{0x0000000732407748}> (0x0000000732407748) 
thrown [s\src\hotspot\share\prims\jni.cpp, line 517]
Event: 310.147 Thread 0x000001694d5adf20 Exception <a 'sun/nio/fs/WindowsException'{0x00000007324077e8}> (0x00000007324077e8) 
thrown [s\src\hotspot\share\prims\jni.cpp, line 517]
Event: 310.147 Thread 0x000001694d5adf20 Exception <a 'sun/nio/fs/WindowsException'{0x0000000732407c50}> (0x0000000732407c50) 
thrown [s\src\hotspot\share\prims\jni.cpp, line 517]
Event: 310.811 Thread 0x000001693dced3d0 Exception <a 'sun/nio/fs/WindowsException'{0x0000000730a1f5c0}> (0x0000000730a1f5c0) 
thrown [s\src\hotspot\share\prims\jni.cpp, line 517]
Event: 311.101 Thread 0x000001694d5acbe0 Exception <a 'java/net/ConnectException'{0x000000072fc00598}: Connection refused: connect> (0x000000072fc00598) 
thrown [s\src\hotspot\share\prims\jni.cpp, line 536]
Event: 311.101 Thread 0x000001694d5acbe0 Exception <a 'java/net/SocketException'{0x000000072fc00b10}: Socket is not connected: shutdown> (0x000000072fc00b10) 
thrown [s\src\hotspot\share\prims\jni.cpp, line 536]
Event: 311.247 Thread 0x000001694d5acbe0 Exception <a 'java/net/ConnectException'{0x000000072fc01340}: Connection refused: connect> (0x000000072fc01340) 
thrown [s\src\hotspot\share\prims\jni.cpp, line 536]
Event: 311.247 Thread 0x000001694d5acbe0 Exception <a 'java/net/SocketException'{0x000000072fc01678}: Socket is not connected: shutdown> (0x000000072fc01678) 
thrown [s\src\hotspot\share\prims\jni.cpp, line 536]
Event: 311.504 Thread 0x000001694d5acbe0 Exception <a 'java/net/ConnectException'{0x000000072fc01ea8}: Connection refused: connect> (0x000000072fc01ea8) 
thrown [s\src\hotspot\share\prims\jni.cpp, line 536]
Event: 311.504 Thread 0x000001694d5acbe0 Exception <a 'java/net/SocketException'{0x000000072fc021e0}: Socket is not connected: shutdown> (0x000000072fc021e0) 
thrown [s\src\hotspot\share\prims\jni.cpp, line 536]
Event: 311.505 Thread 0x000001694d5acbe0 Exception <a 'java/net/ConnectException'{0x000000072fc02d80}: Connection refused: connect> (0x000000072fc02d80) 
thrown [s\src\hotspot\share\prims\jni.cpp, line 536]
Event: 311.508 Thread 0x000001694d5acbe0 Exception <a 'java/net/SocketException'{0x000000072fc030b8}: Socket is not connected: shutdown> (0x000000072fc030b8) 
thrown [s\src\hotspot\share\prims\jni.cpp, line 536]

VM Operations (20 events):
Event: 306.808 Executing VM operation: ICBufferFull
Event: 306.809 Executing VM operation: ICBufferFull done
Event: 307.077 Executing VM operation: HandshakeAllThreads
Event: 307.080 Executing VM operation: HandshakeAllThreads done
Event: 307.129 Executing VM operation: ICBufferFull
Event: 307.132 Executing VM operation: ICBufferFull done
Event: 307.344 Executing VM operation: HandshakeAllThreads
Event: 307.345 Executing VM operation: HandshakeAllThreads done
Event: 307.780 Executing VM operation: ICBufferFull
Event: 307.783 Executing VM operation: ICBufferFull done
Event: 308.196 Executing VM operation: G1CollectForAllocation
Event: 308.235 Executing VM operation: G1CollectForAllocation done
Event: 309.859 Executing VM operation: ICBufferFull
Event: 309.860 Executing VM operation: ICBufferFull done
Event: 310.055 Executing VM operation: G1CollectForAllocation
Event: 310.089 Executing VM operation: G1CollectForAllocation done
Event: 310.195 Executing VM operation: HandshakeAllThreads
Event: 310.196 Executing VM operation: HandshakeAllThreads done
Event: 310.462 Executing VM operation: ICBufferFull
Event: 310.566 Executing VM operation: ICBufferFull done

Events (20 events):
Event: 304.591 Thread 0x000001693b83eb50 flushing nmethod 0x000001692349ab10
Event: 304.591 Thread 0x000001693b83eb50 flushing nmethod 0x00000169234c3210
Event: 304.608 loading class sun/rmi/transport/DGCClient$EndpointEntry$CleanRequest
Event: 304.608 loading class sun/rmi/transport/DGCClient$EndpointEntry$CleanRequest done
Event: 304.887 Thread 0x000001694d5ae3f0 Thread exited: 0x000001694d5ae3f0
Event: 306.646 loading class java/util/IdentityHashMap$KeySpliterator
Event: 306.646 loading class java/util/IdentityHashMap$IdentityHashMapSpliterator
Event: 306.647 loading class java/util/IdentityHashMap$IdentityHashMapSpliterator done
Event: 306.647 loading class java/util/IdentityHashMap$KeySpliterator done
Event: 307.068 loading class java/nio/ByteBufferAsShortBufferL
Event: 307.069 loading class java/nio/ByteBufferAsShortBufferL done
Event: 307.336 loading class java/util/zip/Adler32
Event: 307.337 loading class java/util/zip/Adler32 done
Event: 310.198 Thread 0x000001693b83eb50 flushing nmethod 0x0000016927ded590
Event: 310.198 Thread 0x000001693b83eb50 flushing nmethod 0x0000016927f6f610
Event: 310.206 Thread 0x000001693b83eb50 flushing nmethod 0x0000016928713390
Event: 310.210 Thread 0x000001693b83eb50 flushing nmethod 0x0000016928c04990
Event: 310.210 Thread 0x000001693b83eb50 flushing nmethod 0x0000016928c08490
Event: 310.269 Thread 0x000001693b83eb50 flushing nmethod 0x00000169234e4b90
Event: 310.374 Thread 0x000001694d5b1410 Thread exited: 0x000001694d5b1410


Dynamic libraries:
0x00007ff64dc70000 - 0x00007ff64dc7a000 	C:\Program Files\Android\Android Studio\jbr\bin\java.exe
0x00007ff9edeb0000 - 0x00007ff9ee0a8000 	C:\Windows\SYSTEM32\ntdll.dll
0x00007ff9ed060000 - 0x00007ff9ed11d000 	C:\Windows\System32\KERNEL32.DLL
0x00007ff9eb8c0000 - 0x00007ff9ebbb6000 	C:\Windows\System32\KERNELBASE.dll
0x00007ff9ebc80000 - 0x00007ff9ebd80000 	C:\Windows\System32\ucrtbase.dll
0x00007ff9a1800000 - 0x00007ff9a181b000 	C:\Program Files\Android\Android Studio\jbr\bin\VCRUNTIME140.dll
0x00007ff9a3ae0000 - 0x00007ff9a3af7000 	C:\Program Files\Android\Android Studio\jbr\bin\jli.dll
0x00007ff9ed5a0000 - 0x00007ff9ed73e000 	C:\Windows\System32\USER32.dll
0x00007ff9eb740000 - 0x00007ff9eb762000 	C:\Windows\System32\win32u.dll
0x00007ff9ec540000 - 0x00007ff9ec56b000 	C:\Windows\System32\GDI32.dll
0x00007ff9e24f0000 - 0x00007ff9e278a000 	C:\Windows\WinSxS\amd64_microsoft.windows.common-controls_6595b64144ccf1df_6.0.19041.3636_none_60b6a03d71f818d5\COMCTL32.dll
0x00007ff9eb620000 - 0x00007ff9eb737000 	C:\Windows\System32\gdi32full.dll
0x00007ff9eb820000 - 0x00007ff9eb8bd000 	C:\Windows\System32\msvcp_win.dll
0x00007ff9ecf00000 - 0x00007ff9ecf9e000 	C:\Windows\System32\msvcrt.dll
0x00007ff9ede30000 - 0x00007ff9ede62000 	C:\Windows\System32\IMM32.DLL
0x00007ff9c1860000 - 0x00007ff9c186c000 	C:\Program Files\Android\Android Studio\jbr\bin\vcruntime140_1.dll
0x00007ff97d4c0000 - 0x00007ff97d54d000 	C:\Program Files\Android\Android Studio\jbr\bin\msvcp140.dll
0x00007ff960e60000 - 0x00007ff961ace000 	C:\Program Files\Android\Android Studio\jbr\bin\server\jvm.dll
0x00007ff9ed4f0000 - 0x00007ff9ed5a0000 	C:\Windows\System32\ADVAPI32.dll
0x00007ff9ec010000 - 0x00007ff9ec0b0000 	C:\Windows\System32\sechost.dll
0x00007ff9ebee0000 - 0x00007ff9ec005000 	C:\Windows\System32\RPCRT4.dll
0x00007ff9ebbc0000 - 0x00007ff9ebbe7000 	C:\Windows\System32\bcrypt.dll
0x00007ff9bae80000 - 0x00007ff9bae89000 	C:\Windows\SYSTEM32\WSOCK32.dll
0x00007ff9ecd00000 - 0x00007ff9ecd6b000 	C:\Windows\System32\WS2_32.dll
0x00007ff9e0ad0000 - 0x00007ff9e0ada000 	C:\Windows\SYSTEM32\VERSION.dll
0x00007ff9d7120000 - 0x00007ff9d7147000 	C:\Windows\SYSTEM32\WINMM.dll
0x00007ff9e9d60000 - 0x00007ff9e9d72000 	C:\Windows\SYSTEM32\kernel.appcore.dll
0x00007ff9baca0000 - 0x00007ff9bacaa000 	C:\Program Files\Android\Android Studio\jbr\bin\jimage.dll
0x00007ff9cec60000 - 0x00007ff9cee44000 	C:\Windows\SYSTEM32\DBGHELP.DLL
0x00007ff9cec20000 - 0x00007ff9cec54000 	C:\Windows\SYSTEM32\dbgcore.DLL
0x00007ff9ebbf0000 - 0x00007ff9ebc72000 	C:\Windows\System32\bcryptPrimitives.dll
0x00007ff9a00a0000 - 0x00007ff9a00c5000 	C:\Program Files\Android\Android Studio\jbr\bin\java.dll
0x00007ff9a17e0000 - 0x00007ff9a17f8000 	C:\Program Files\Android\Android Studio\jbr\bin\zip.dll
0x00007ff9ec580000 - 0x00007ff9ecceb000 	C:\Windows\System32\SHELL32.dll
0x00007ff9e95b0000 - 0x00007ff9e9d4e000 	C:\Windows\SYSTEM32\windows.storage.dll
0x00007ff9ec1e0000 - 0x00007ff9ec533000 	C:\Windows\System32\combase.dll
0x00007ff9eade0000 - 0x00007ff9eae0e000 	C:\Windows\SYSTEM32\Wldp.dll
0x00007ff9ece30000 - 0x00007ff9ecefd000 	C:\Windows\System32\OLEAUT32.dll
0x00007ff9ed740000 - 0x00007ff9ed7ed000 	C:\Windows\System32\SHCORE.dll
0x00007ff9ed120000 - 0x00007ff9ed175000 	C:\Windows\System32\shlwapi.dll
0x00007ff9eb490000 - 0x00007ff9eb4b5000 	C:\Windows\SYSTEM32\profapi.dll
0x00007ff9953a0000 - 0x00007ff9953b9000 	C:\Program Files\Android\Android Studio\jbr\bin\net.dll
0x00007ff9e58d0000 - 0x00007ff9e59da000 	C:\Windows\SYSTEM32\WINHTTP.dll
0x00007ff9eabc0000 - 0x00007ff9eac2a000 	C:\Windows\system32\mswsock.dll
0x00007ff995270000 - 0x00007ff995286000 	C:\Program Files\Android\Android Studio\jbr\bin\nio.dll
0x00007ff9b2a10000 - 0x00007ff9b2a20000 	C:\Program Files\Android\Android Studio\jbr\bin\verify.dll
0x00007ff994ce0000 - 0x00007ff994d07000 	C:\Users\ALI_S\.gradle\native\e1d6ef7f7dcc3fd88c89a11ec53ec762bb8ba0a96d01ffa2cd45eb1d1d8dd5c5\windows-amd64\native-platform.dll
0x00007ff9608e0000 - 0x00007ff960a24000 	C:\Users\ALI_S\.gradle\native\0d407fdbe67a94daf76414ababcb853783967236a71b16ec16e742cd7a986fd3\windows-amd64\native-platform-file-events.dll
0x00007ff9ac400000 - 0x00007ff9ac409000 	C:\Program Files\Android\Android Studio\jbr\bin\management.dll
0x00007ff9a9f80000 - 0x00007ff9a9f8b000 	C:\Program Files\Android\Android Studio\jbr\bin\management_ext.dll
0x00007ff9ec570000 - 0x00007ff9ec578000 	C:\Windows\System32\PSAPI.DLL
0x00007ff9eb120000 - 0x00007ff9eb138000 	C:\Windows\SYSTEM32\CRYPTSP.dll
0x00007ff9ea510000 - 0x00007ff9ea544000 	C:\Windows\system32\rsaenh.dll
0x00007ff9eb3c0000 - 0x00007ff9eb3ee000 	C:\Windows\SYSTEM32\USERENV.dll
0x00007ff9ead50000 - 0x00007ff9ead5c000 	C:\Windows\SYSTEM32\CRYPTBASE.dll
0x00007ff9ea8d0000 - 0x00007ff9ea90b000 	C:\Windows\SYSTEM32\IPHLPAPI.DLL
0x00007ff9eccf0000 - 0x00007ff9eccf8000 	C:\Windows\System32\NSI.dll
0x00007ff9e4c30000 - 0x00007ff9e4c47000 	C:\Windows\SYSTEM32\dhcpcsvc6.DLL
0x00007ff9e4b70000 - 0x00007ff9e4b8d000 	C:\Windows\SYSTEM32\dhcpcsvc.DLL
0x00007ff9ea910000 - 0x00007ff9ea9db000 	C:\Windows\SYSTEM32\DNSAPI.dll
0x00007ff9deed0000 - 0x00007ff9deed7000 	C:\Windows\system32\wshunix.dll
0x00007ff9e31b0000 - 0x00007ff9e31ba000 	C:\Windows\System32\rasadhlp.dll
0x00007ff9e3d90000 - 0x00007ff9e3e10000 	C:\Windows\System32\fwpuclnt.dll
0x00007ff9ea630000 - 0x00007ff9ea663000 	C:\Windows\SYSTEM32\ntmarta.dll
0x00007ff9e38e0000 - 0x00007ff9e38fe000 	C:\Users\ALI_S\AppData\Local\Temp\native-platform11681619428449985574dir\native-platform.dll
0x00007ff9e8c20000 - 0x00007ff9e8c27000 	C:\Program Files\Android\Android Studio\jbr\bin\rmi.dll

dbghelp: loaded successfully - version: 4.0.5 - missing functions: none
symbol engine: initialized successfully - sym options: 0x614 - pdb path: .;C:\Program Files\Android\Android Studio\jbr\bin;C:\Windows\SYSTEM32;C:\Windows\WinSxS\amd64_microsoft.windows.common-controls_6595b64144ccf1df_6.0.19041.3636_none_60b6a03d71f818d5;C:\Program Files\Android\Android Studio\jbr\bin\server;C:\Users\ALI_S\.gradle\native\e1d6ef7f7dcc3fd88c89a11ec53ec762bb8ba0a96d01ffa2cd45eb1d1d8dd5c5\windows-amd64;C:\Users\ALI_S\.gradle\native\0d407fdbe67a94daf76414ababcb853783967236a71b16ec16e742cd7a986fd3\windows-amd64;C:\Users\ALI_S\AppData\Local\Temp\native-platform11681619428449985574dir

VM Arguments:
jvm_args: --add-opens=java.base/java.util=ALL-UNNAMED --add-opens=java.base/java.lang=ALL-UNNAMED --add-opens=java.base/java.lang.invoke=ALL-UNNAMED --add-opens=java.base/java.util=ALL-UNNAMED --add-opens=java.prefs/java.util.prefs=ALL-UNNAMED --add-opens=java.prefs/java.util.prefs=ALL-UNNAMED --add-opens=java.base/java.nio.charset=ALL-UNNAMED --add-opens=java.base/java.net=ALL-UNNAMED --add-opens=java.base/java.util.concurrent.atomic=ALL-UNNAMED -Xmx4G -Dfile.encoding=windows-1252 -Duser.country=US -Duser.language=en -Duser.variant 
java_command: org.gradle.launcher.daemon.bootstrap.GradleDaemon 7.5
java_class_path (initial): C:\Users\ALI_S\.gradle\wrapper\dists\gradle-7.5-all\6qsw290k5lz422uaf8jf6m7co\gradle-7.5\lib\gradle-launcher-7.5.jar
Launcher Type: SUN_STANDARD

[Global flags]
     intx CICompilerCount                          = 3                                         {product} {ergonomic}
     uint ConcGCThreads                            = 1                                         {product} {ergonomic}
     uint G1ConcRefinementThreads                  = 4                                         {product} {ergonomic}
   size_t G1HeapRegionSize                         = 2097152                                   {product} {ergonomic}
    uintx GCDrainStackTargetSize                   = 64                                        {product} {ergonomic}
   size_t InitialHeapSize                          = 134217728                                 {product} {ergonomic}
   size_t MarkStackSize                            = 4194304                                   {product} {ergonomic}
   size_t MaxHeapSize                              = 4294967296                                {product} {command line}
   size_t MaxNewSize                               = 2575302656                                {product} {ergonomic}
   size_t MinHeapDeltaBytes                        = 2097152                                   {product} {ergonomic}
   size_t MinHeapSize                              = 8388608                                   {product} {ergonomic}
    uintx NonNMethodCodeHeapSize                   = 5832780                                {pd product} {ergonomic}
    uintx NonProfiledCodeHeapSize                  = 122912730                              {pd product} {ergonomic}
    uintx ProfiledCodeHeapSize                     = 122912730                              {pd product} {ergonomic}
    uintx ReservedCodeCacheSize                    = 251658240                              {pd product} {ergonomic}
     bool SegmentedCodeCache                       = true                                      {product} {ergonomic}
   size_t SoftMaxHeapSize                          = 4294967296                             {manageable} {ergonomic}
     bool UseCompressedClassPointers               = true                           {product lp64_product} {ergonomic}
     bool UseCompressedOops                        = true                           {product lp64_product} {ergonomic}
     bool UseG1GC                                  = true                                      {product} {ergonomic}
     bool UseLargePagesIndividualAllocation        = false                                  {pd product} {ergonomic}

Logging:
Log output configuration:
 #0: stdout all=warning uptime,level,tags
 #1: stderr all=off uptime,level,tags

Environment Variables:
JAVA_HOME=C:\Program Files\Android\Android Studio\jbr
CLASSPATH=C:\development\flutter_app\mukawwin_3\android\\gradle\wrapper\gradle-wrapper.jar
PATH=C:\Program Files\Android\Android Studio\jbr\bin;C:\Program Files\Common Files\Oracle\Java\javapath;C:\Program Files (x86)\VMware\VMware Player\bin\;C:\Windows\system32;C:\Windows;C:\Windows\System32\Wbem;C:\Windows\System32\WindowsPowerShell\v1.0\;C:\Windows\System32\OpenSSH\;C:\Program Files\Git\cmd;C:\Program Files\MATLAB\R2017a\runtime\win64;C:\Program Files\MATLAB\R2017a\bin;C:\Program Files\nodejs\;C:\Program Files\Microsoft SQL Server\110\Tools\Binn\;c:\Program Files (x86)\Microsoft SQL Server\90\Tools\binn\;C:\Visual8\Common7\IDE;C:\Visual8\VC\bin;C:\Visual8\Common7\Tools;C:\Visual8\Common7\Tools\Bin;C:\Visual8\VC\PlatformSDK\Bin;C:\Visual8\SDK\v2.0\Bin;C:\Windows\Microsoft.NET\Framework\v2.0.50727;C:\Visual8\VC\vcpackages;C:\Opnet\14.5.A\bin;C:\Program Files\Java\jdk1.8.0_65\bin;C:\Users\ALI_S\AppData\Local\Microsoft\WindowsApps;C:\development\flutter\bin;C:\Users\ALI_S\AppData\Local\Programs\Microsoft VS Code\bin;C:\development\flutter\bin\mingit\cmd;C:\development\flutter\bin\mingit\cmd
USERNAME=ALI_S
LIBPATH=C:\Windows\Microsoft.NET\Framework\v2.0.50727;C:\Visual8\VC\ATLMFC\LIB;
OS=Windows_NT
PROCESSOR_IDENTIFIER=Intel64 Family 6 Model 58 Stepping 9, GenuineIntel
TMP=C:\Users\ALI_S\AppData\Local\Temp
TEMP=C:\Users\ALI_S\AppData\Local\Temp


JNI global refs:
JNI global refs: 27, weak refs: 35

JNI global refs memory usage: 843, weak refs: 841


---------------  S Y S T E M  ---------------

OS:
 Windows 10 , 64 bit Build 19041 (10.0.19041.3636)
OS uptime: 6 days 23:23 hours
Hyper-V role detected

CPU: total 4 (initial active 4) (2 cores per cpu, 2 threads per core) family 6 model 58 stepping 9 microcode 0x21, cx8, cmov, fxsr, ht, mmx, sse, sse2, sse3, ssse3, sse4.1, sse4.2, popcnt, tsc, tscinvbit, avx, aes, erms, clmul, vzeroupper, clflush, hv

Memory: 4k page, system-wide physical 8094M (499M free)
TotalPageFile size 11711M (AvailPageFile size 18M)
current process WorkingSet (physical memory assigned to process): 1283M, peak: 1290M
current process commit charge ("private bytes"): 1351M, peak: 1357M

vm_info: OpenJDK 64-Bit Server VM (17.0.6+0-b2043.56-10027231) for windows-amd64 JRE (17.0.6+0-b2043.56-10027231), built on Apr 28 2023 00:43:19 by "androidbuild" with MS VC++ 16.10 / 16.11 (VS2019)

END.
