#
# There is insufficient memory for the Java Runtime Environment to continue.
# Native memory allocation (mmap) failed to map 1111490560 bytes for G1 virtual space
# Possible reasons:
#   The system is out of physical RAM or swap space
#   The process is running with CompressedOops enabled, and the Java Heap may be blocking the growth of the native heap
# Possible solutions:
#   Reduce memory load on the system
#   Increase physical memory or swap space
#   Check if swap backing store is full
#   Decrease Java heap size (-Xmx/-Xms)
#   Decrease number of Java threads
#   Decrease Java thread stack sizes (-Xss)
#   Set larger code cache with -XX:ReservedCodeCacheSize=
#   JVM is running with Zero Based Compressed Oops mode in which the Java heap is
#     placed in the first 32GB address space. The Java Heap base address is the
#     maximum limit for the native heap growth. Please use -XX:HeapBaseMinAddress
#     to set the Java Heap base and to place the Java Heap above 32GB virtual address.
# This output file may be truncated or incomplete.
#
#  Out of Memory Error (os_windows.cpp:3769), pid=16152, tid=7728
#
# JRE version: OpenJDK Runtime Environment (17.0.6) (build 17.0.6+0-b2043.56-10027231)
# Java VM: OpenJDK 64-Bit Server VM (17.0.6+0-b2043.56-10027231, mixed mode, tiered, compressed oops, compressed class ptrs, g1 gc, windows-amd64)
# No core dump will be written. Minidumps are not enabled by default on client versions of Windows
#

---------------  S U M M A R Y ------------

Command Line: --add-opens=java.base/java.util=ALL-UNNAMED --add-opens=java.base/java.lang=ALL-UNNAMED --add-opens=java.base/java.lang.invoke=ALL-UNNAMED --add-opens=java.base/java.util=ALL-UNNAMED --add-opens=java.prefs/java.util.prefs=ALL-UNNAMED --add-opens=java.prefs/java.util.prefs=ALL-UNNAMED --add-opens=java.base/java.nio.charset=ALL-UNNAMED --add-opens=java.base/java.net=ALL-UNNAMED --add-opens=java.base/java.util.concurrent.atomic=ALL-UNNAMED -Xmx4G -Dfile.encoding=windows-1252 -Duser.country=US -Duser.language=en -Duser.variant org.gradle.launcher.daemon.bootstrap.GradleDaemon 7.5

Host: Intel(R) Core(TM) i5-3380M CPU @ 2.90GHz, 4 cores, 7G,  Windows 10 , 64 bit Build 19041 (10.0.19041.3636)
Time: Sun Jan 19 01:10:28 2025 Syria Standard Time elapsed time: 77.609170 seconds (0d 0h 1m 17s)

---------------  T H R E A D  ---------------

Current thread (0x00000246ffe4e640):  VMThread "VM Thread" [stack: 0x000000e858400000,0x000000e858500000] [id=7728]

Stack: [0x000000e858400000,0x000000e858500000]
Native frames: (J=compiled Java code, j=interpreted, Vv=VM code, C=native code)
V  [jvm.dll+0x683c9a]
V  [jvm.dll+0x8427a4]
V  [jvm.dll+0x843f9e]
V  [jvm.dll+0x844603]
V  [jvm.dll+0x249b75]
V  [jvm.dll+0x680b69]
V  [jvm.dll+0x67505a]
V  [jvm.dll+0x309acb]
V  [jvm.dll+0x310f86]
V  [jvm.dll+0x3608ee]
V  [jvm.dll+0x360b1f]
V  [jvm.dll+0x2dfbf8]
V  [jvm.dll+0x2ddec4]
V  [jvm.dll+0x2dd4cc]
V  [jvm.dll+0x322261]
V  [jvm.dll+0x848ccb]
V  [jvm.dll+0x849a04]
V  [jvm.dll+0x849f1d]
V  [jvm.dll+0x84a2f4]
V  [jvm.dll+0x84a3c0]
V  [jvm.dll+0x7f274a]
V  [jvm.dll+0x682ad5]
C  [ucrtbase.dll+0x21bb2]
C  [KERNEL32.DLL+0x17344]
C  [ntdll.dll+0x526b1]

VM_Operation (0x000000e857dfede0): G1TryInitiateConcMark, mode: safepoint, requested by thread 0x0000024692507830


---------------  P R O C E S S  ---------------

Threads class SMR info:
_java_thread_list=0x000002468d794fc0, length=98, elements={
0x00000246e7c57340, 0x00000246ffe1be30, 0x00000246ffe1ccf0, 0x000002468684c950,
0x000002468684f220, 0x0000024686851af0, 0x00000246868523b0, 0x000002468685e3c0,
0x0000024686860990, 0x0000024686862eb0, 0x0000024686a06b70, 0x00000246869e9540,
0x000002468759fa90, 0x000002468759f5c0, 0x000002468759f0f0, 0x00000246875a0430,
0x000002468759ff60, 0x00000246875a0900, 0x0000024687932910, 0x0000024687931aa0,
0x0000024687931f70, 0x0000024687934ac0, 0x0000024687937140, 0x0000024687934120,
0x0000024687932440, 0x00000246879315d0, 0x0000024687930c30, 0x00000246879362d0,
0x0000024687933c50, 0x00000246879345f0, 0x0000024687934f90, 0x0000024687935e00,
0x0000024687935930, 0x0000024687936c70, 0x00000246879332b0, 0x0000024687937610,
0x0000024687930760, 0x000002468b35c0a0, 0x000002468b35cf10, 0x000002468b35b700,
0x000002468b35a3c0, 0x000002468b356530, 0x000002468b359080, 0x000002468b35d3e0,
0x000002468b35ca40, 0x000002468b356060, 0x000002468b358210, 0x000002468b35bbd0,
0x000002468b35c570, 0x000002468b356a00, 0x000002468b35ad60, 0x000002468b3586e0,
0x000002468b356ed0, 0x000002468b358bb0, 0x000002468b35d8b0, 0x000002468b359550,
0x0000024686d24b10, 0x0000024686d26cc0, 0x0000024686d28e70, 0x0000024686d28000,
0x0000024686d25980, 0x0000024686d25e50, 0x0000024686d254b0, 0x0000024686d237d0,
0x0000024686d23ca0, 0x0000024686d27b30, 0x0000024686d24170, 0x0000024686d21af0,
0x0000024686d267f0, 0x0000024686d27190, 0x0000024686d27660, 0x0000024686d24640,
0x0000024686d284d0, 0x0000024686d29340, 0x0000024686d21fc0, 0x0000024686d24fe0,
0x0000024686d289a0, 0x0000024686d26320, 0x0000024686d22490, 0x0000024686d22960,
0x0000024686d22e30, 0x0000024686d23300, 0x000002468ba768b0, 0x000002468ba74230,
0x000002468ba75f10, 0x000002468ba780c0, 0x000002468ba73890, 0x000002468ba77bf0,
0x000002468ba78590, 0x000002468ba78a60, 0x00000246925051b0, 0x00000246925064f0,
0x0000024692504810, 0x0000024692504340, 0x00000246925069c0, 0x0000024692507830,
0x000002469250a380, 0x0000024692507d00
}

Java Threads: ( => current thread )
  0x00000246e7c57340 JavaThread "main" [_thread_blocked, id=8336, stack(0x000000e857e00000,0x000000e857f00000)]
  0x00000246ffe1be30 JavaThread "Reference Handler" daemon [_thread_blocked, id=3184, stack(0x000000e858500000,0x000000e858600000)]
  0x00000246ffe1ccf0 JavaThread "Finalizer" daemon [_thread_blocked, id=15936, stack(0x000000e858600000,0x000000e858700000)]
  0x000002468684c950 JavaThread "Signal Dispatcher" daemon [_thread_blocked, id=7656, stack(0x000000e858700000,0x000000e858800000)]
  0x000002468684f220 JavaThread "Attach Listener" daemon [_thread_blocked, id=15932, stack(0x000000e858800000,0x000000e858900000)]
  0x0000024686851af0 JavaThread "Service Thread" daemon [_thread_blocked, id=12668, stack(0x000000e858900000,0x000000e858a00000)]
  0x00000246868523b0 JavaThread "Monitor Deflation Thread" daemon [_thread_blocked, id=14388, stack(0x000000e858a00000,0x000000e858b00000)]
  0x000002468685e3c0 JavaThread "C2 CompilerThread0" daemon [_thread_blocked, id=5456, stack(0x000000e858b00000,0x000000e858c00000)]
  0x0000024686860990 JavaThread "C1 CompilerThread0" daemon [_thread_blocked, id=11172, stack(0x000000e858c00000,0x000000e858d00000)]
  0x0000024686862eb0 JavaThread "Sweeper thread" daemon [_thread_blocked, id=14276, stack(0x000000e858d00000,0x000000e858e00000)]
  0x0000024686a06b70 JavaThread "Common-Cleaner" daemon [_thread_blocked, id=3392, stack(0x000000e858e00000,0x000000e858f00000)]
  0x00000246869e9540 JavaThread "Notification Thread" daemon [_thread_blocked, id=740, stack(0x000000e858f00000,0x000000e859000000)]
  0x000002468759fa90 JavaThread "Daemon health stats" [_thread_blocked, id=3860, stack(0x000000e859500000,0x000000e859600000)]
  0x000002468759f5c0 JavaThread "Incoming local TCP Connector on port 54341" [_thread_in_native, id=12160, stack(0x000000e859100000,0x000000e859200000)]
  0x000002468759f0f0 JavaThread "Daemon periodic checks" [_thread_blocked, id=5160, stack(0x000000e859600000,0x000000e859700000)]
  0x00000246875a0430 JavaThread "Daemon" [_thread_blocked, id=1260, stack(0x000000e859700000,0x000000e859800000)]
  0x000002468759ff60 JavaThread "Handler for socket connection from /127.0.0.1:54341 to /127.0.0.1:54344" [_thread_in_native, id=13708, stack(0x000000e859800000,0x000000e859900000)]
  0x00000246875a0900 JavaThread "Cancel handler" [_thread_blocked, id=13672, stack(0x000000e859900000,0x000000e859a00000)]
  0x0000024687932910 JavaThread "Daemon worker" [_thread_blocked, id=2712, stack(0x000000e859a00000,0x000000e859b00000)]
  0x0000024687931aa0 JavaThread "Asynchronous log dispatcher for DefaultDaemonConnection: socket connection from /127.0.0.1:54341 to /127.0.0.1:54344" [_thread_blocked, id=9072, stack(0x000000e859b00000,0x000000e859c00000)]
  0x0000024687931f70 JavaThread "Stdin handler" [_thread_blocked, id=6612, stack(0x000000e859c00000,0x000000e859d00000)]
  0x0000024687934ac0 JavaThread "Daemon client event forwarder" [_thread_blocked, id=1784, stack(0x000000e859d00000,0x000000e859e00000)]
  0x0000024687937140 JavaThread "Cache worker for journal cache (C:\Users\ALI_S\.gradle\caches\journal-1)" [_thread_blocked, id=15644, stack(0x000000e859e00000,0x000000e859f00000)]
  0x0000024687934120 JavaThread "File lock request listener" [_thread_in_native, id=14552, stack(0x000000e859f00000,0x000000e85a000000)]
  0x0000024687932440 JavaThread "Cache worker for file hash cache (C:\Users\ALI_S\.gradle\caches\7.5\fileHashes)" [_thread_blocked, id=15876, stack(0x000000e85a000000,0x000000e85a100000)]
  0x00000246879315d0 JavaThread "File watcher server" daemon [_thread_blocked, id=1036, stack(0x000000e85a200000,0x000000e85a300000)]
  0x0000024687930c30 JavaThread "File watcher consumer" daemon [_thread_blocked, id=2040, stack(0x000000e85a300000,0x000000e85a400000)]
  0x00000246879362d0 JavaThread "Cache worker for checksums cache (C:\development\flutter_app\mukawwin_3\android\.gradle\7.5\checksums)" [_thread_blocked, id=3636, stack(0x000000e85a100000,0x000000e85a200000)]
  0x0000024687933c50 JavaThread "Cache worker for cache directory md-rule (C:\Users\ALI_S\.gradle\caches\7.5\md-rule)" [_thread_blocked, id=15256, stack(0x000000e85a400000,0x000000e85a500000)]
  0x00000246879345f0 JavaThread "Cache worker for file content cache (C:\Users\ALI_S\.gradle\caches\7.5\fileContent)" [_thread_blocked, id=12060, stack(0x000000e85a500000,0x000000e85a600000)]
  0x0000024687934f90 JavaThread "Cache worker for file hash cache (C:\development\flutter_app\mukawwin_3\android\.gradle\7.5\fileHashes)" [_thread_blocked, id=12456, stack(0x000000e85a700000,0x000000e85a800000)]
  0x0000024687935e00 JavaThread "Cache worker for cache directory md-supplier (C:\Users\ALI_S\.gradle\caches\7.5\md-supplier)" [_thread_blocked, id=15752, stack(0x000000e85a800000,0x000000e85a900000)]
  0x0000024687935930 JavaThread "Cache worker for execution history cache (C:\Users\ALI_S\.gradle\caches\7.5\executionHistory)" [_thread_blocked, id=7996, stack(0x000000e85a900000,0x000000e85aa00000)]
  0x0000024687936c70 JavaThread "jar transforms" [_thread_blocked, id=2744, stack(0x000000e85ab00000,0x000000e85ac00000)]
  0x00000246879332b0 JavaThread "Cache worker for kotlin-dsl (C:\Users\ALI_S\.gradle\caches\7.5\kotlin-dsl)" [_thread_blocked, id=9960, stack(0x000000e85ac00000,0x000000e85ad00000)]
  0x0000024687937610 JavaThread "jar transforms Thread 2" [_thread_blocked, id=15416, stack(0x000000e85ad00000,0x000000e85ae00000)]
  0x0000024687930760 JavaThread "Cache worker for dependencies-accessors (C:\development\flutter_app\mukawwin_3\android\.gradle\7.5\dependencies-accessors)" [_thread_blocked, id=6908, stack(0x000000e85ae00000,0x000000e85af00000)]
  0x000002468b35c0a0 JavaThread "Cache worker for Build Output Cleanup Cache (C:\development\flutter\packages\flutter_tools\gradle\.gradle\buildOutputCleanup)" [_thread_blocked, id=14272, stack(0x000000e85af00000,0x000000e85b000000)]
  0x000002468b35cf10 JavaThread "jar transforms Thread 3" [_thread_blocked, id=13348, stack(0x000000e85b000000,0x000000e85b100000)]
  0x000002468b35b700 JavaThread "Memory manager" [_thread_blocked, id=12300, stack(0x000000e85b100000,0x000000e85b200000)]
  0x000002468b35a3c0 JavaThread "jar transforms Thread 4" [_thread_blocked, id=11336, stack(0x000000e85a600000,0x000000e85a700000)]
  0x000002468b356530 JavaThread "included builds" [_thread_blocked, id=14816, stack(0x000000e85b300000,0x000000e85b400000)]
  0x000002468b359080 JavaThread "Execution worker" [_thread_blocked, id=16008, stack(0x000000e85b400000,0x000000e85b500000)]
  0x000002468b35d3e0 JavaThread "Execution worker Thread 2" [_thread_blocked, id=812, stack(0x000000e85b500000,0x000000e85b600000)]
  0x000002468b35ca40 JavaThread "Execution worker Thread 3" [_thread_blocked, id=8796, stack(0x000000e85b600000,0x000000e85b700000)]
  0x000002468b356060 JavaThread "Cache worker for execution history cache (C:\development\flutter\packages\flutter_tools\gradle\.gradle\7.5\executionHistory)" [_thread_blocked, id=15588, stack(0x000000e85b700000,0x000000e85b800000)]
  0x000002468b358210 JavaThread "Unconstrained build operations" [_thread_blocked, id=13752, stack(0x000000e85b800000,0x000000e85b900000)]
  0x000002468b35bbd0 JavaThread "Unconstrained build operations Thread 2" [_thread_blocked, id=15756, stack(0x000000e85b900000,0x000000e85ba00000)]
  0x000002468b35c570 JavaThread "Unconstrained build operations Thread 3" [_thread_blocked, id=12616, stack(0x000000e85ba00000,0x000000e85bb00000)]
  0x000002468b356a00 JavaThread "Unconstrained build operations Thread 4" [_thread_blocked, id=6676, stack(0x000000e85bb00000,0x000000e85bc00000)]
  0x000002468b35ad60 JavaThread "Unconstrained build operations Thread 5" [_thread_blocked, id=2912, stack(0x000000e85bc00000,0x000000e85bd00000)]
  0x000002468b3586e0 JavaThread "Unconstrained build operations Thread 6" [_thread_blocked, id=15480, stack(0x000000e85bd00000,0x000000e85be00000)]
  0x000002468b356ed0 JavaThread "Unconstrained build operations Thread 7" [_thread_blocked, id=14792, stack(0x000000e85be00000,0x000000e85bf00000)]
  0x000002468b358bb0 JavaThread "Unconstrained build operations Thread 8" [_thread_blocked, id=2576, stack(0x000000e85bf00000,0x000000e85c000000)]
  0x000002468b35d8b0 JavaThread "Unconstrained build operations Thread 9" [_thread_blocked, id=10492, stack(0x000000e85c000000,0x000000e85c100000)]
  0x000002468b359550 JavaThread "Unconstrained build operations Thread 10" [_thread_blocked, id=14216, stack(0x000000e85c100000,0x000000e85c200000)]
  0x0000024686d24b10 JavaThread "Unconstrained build operations Thread 11" [_thread_blocked, id=2808, stack(0x000000e85b200000,0x000000e85b300000)]
  0x0000024686d26cc0 JavaThread "Unconstrained build operations Thread 12" [_thread_blocked, id=10792, stack(0x000000e85c200000,0x000000e85c300000)]
  0x0000024686d28e70 JavaThread "Unconstrained build operations Thread 13" [_thread_blocked, id=11048, stack(0x000000e85c300000,0x000000e85c400000)]
  0x0000024686d28000 JavaThread "Unconstrained build operations Thread 14" [_thread_blocked, id=8608, stack(0x000000e85c400000,0x000000e85c500000)]
  0x0000024686d25980 JavaThread "Unconstrained build operations Thread 15" [_thread_blocked, id=14616, stack(0x000000e85c500000,0x000000e85c600000)]
  0x0000024686d25e50 JavaThread "Unconstrained build operations Thread 16" [_thread_blocked, id=11704, stack(0x000000e85c600000,0x000000e85c700000)]
  0x0000024686d254b0 JavaThread "Unconstrained build operations Thread 17" [_thread_blocked, id=14412, stack(0x000000e85c700000,0x000000e85c800000)]
  0x0000024686d237d0 JavaThread "Unconstrained build operations Thread 18" [_thread_blocked, id=12848, stack(0x000000e85c800000,0x000000e85c900000)]
  0x0000024686d23ca0 JavaThread "Unconstrained build operations Thread 19" [_thread_blocked, id=4504, stack(0x000000e85c900000,0x000000e85ca00000)]
  0x0000024686d27b30 JavaThread "Unconstrained build operations Thread 20" [_thread_blocked, id=2128, stack(0x000000e85ca00000,0x000000e85cb00000)]
  0x0000024686d24170 JavaThread "Unconstrained build operations Thread 21" [_thread_blocked, id=14492, stack(0x000000e85cb00000,0x000000e85cc00000)]
  0x0000024686d21af0 JavaThread "Unconstrained build operations Thread 22" [_thread_blocked, id=8960, stack(0x000000e85cc00000,0x000000e85cd00000)]
  0x0000024686d267f0 JavaThread "Unconstrained build operations Thread 23" [_thread_blocked, id=5600, stack(0x000000e85cd00000,0x000000e85ce00000)]
  0x0000024686d27190 JavaThread "Unconstrained build operations Thread 24" [_thread_blocked, id=9976, stack(0x000000e85ce00000,0x000000e85cf00000)]
  0x0000024686d27660 JavaThread "Unconstrained build operations Thread 25" [_thread_blocked, id=1608, stack(0x000000e85cf00000,0x000000e85d000000)]
  0x0000024686d24640 JavaThread "Unconstrained build operations Thread 26" [_thread_blocked, id=6136, stack(0x000000e85d000000,0x000000e85d100000)]
  0x0000024686d284d0 JavaThread "Unconstrained build operations Thread 27" [_thread_blocked, id=13184, stack(0x000000e85d100000,0x000000e85d200000)]
  0x0000024686d29340 JavaThread "Unconstrained build operations Thread 28" [_thread_blocked, id=12636, stack(0x000000e85d200000,0x000000e85d300000)]
  0x0000024686d21fc0 JavaThread "Unconstrained build operations Thread 29" [_thread_blocked, id=15032, stack(0x000000e85d300000,0x000000e85d400000)]
  0x0000024686d24fe0 JavaThread "Unconstrained build operations Thread 30" [_thread_blocked, id=13832, stack(0x000000e85d400000,0x000000e85d500000)]
  0x0000024686d289a0 JavaThread "Unconstrained build operations Thread 31" [_thread_blocked, id=1352, stack(0x000000e85d500000,0x000000e85d600000)]
  0x0000024686d26320 JavaThread "Unconstrained build operations Thread 32" [_thread_blocked, id=14400, stack(0x000000e85d600000,0x000000e85d700000)]
  0x0000024686d22490 JavaThread "Unconstrained build operations Thread 33" [_thread_blocked, id=8344, stack(0x000000e85d700000,0x000000e85d800000)]
  0x0000024686d22960 JavaThread "Unconstrained build operations Thread 34" [_thread_blocked, id=5056, stack(0x000000e85d800000,0x000000e85d900000)]
  0x0000024686d22e30 JavaThread "Unconstrained build operations Thread 35" [_thread_blocked, id=13724, stack(0x000000e85d900000,0x000000e85da00000)]
  0x0000024686d23300 JavaThread "Unconstrained build operations Thread 36" [_thread_blocked, id=3280, stack(0x000000e85da00000,0x000000e85db00000)]
  0x000002468ba768b0 JavaThread "Unconstrained build operations Thread 37" [_thread_blocked, id=13668, stack(0x000000e85db00000,0x000000e85dc00000)]
  0x000002468ba74230 JavaThread "Unconstrained build operations Thread 38" [_thread_blocked, id=11488, stack(0x000000e85dc00000,0x000000e85dd00000)]
  0x000002468ba75f10 JavaThread "Unconstrained build operations Thread 39" [_thread_blocked, id=9016, stack(0x000000e85dd00000,0x000000e85de00000)]
  0x000002468ba780c0 JavaThread "Unconstrained build operations Thread 40" [_thread_blocked, id=15460, stack(0x000000e85de00000,0x000000e85df00000)]
  0x000002468ba73890 JavaThread "Cache worker for Build Output Cleanup Cache (C:\development\flutter_app\mukawwin_3\android\.gradle\buildOutputCleanup)" [_thread_blocked, id=10180, stack(0x000000e85df00000,0x000000e85e000000)]
  0x000002468ba77bf0 JavaThread "Cache worker for execution history cache (C:\development\flutter_app\mukawwin_3\android\.gradle\7.5\executionHistory)" [_thread_blocked, id=12632, stack(0x000000e85e300000,0x000000e85e400000)]
  0x000002468ba78590 JavaThread "Exec process" [_thread_blocked, id=13556, stack(0x000000e85e400000,0x000000e85e500000)]
  0x000002468ba78a60 JavaThread "Exec process Thread 2" [_thread_blocked, id=14000, stack(0x000000e85e500000,0x000000e85e600000)]
  0x00000246925051b0 JavaThread "Exec process Thread 3" [_thread_blocked, id=12808, stack(0x000000e85e600000,0x000000e85e700000)]
  0x00000246925064f0 JavaThread "WorkerExecutor Queue" [_thread_blocked, id=10536, stack(0x000000e857b00000,0x000000e857c00000)]
  0x0000024692504810 JavaThread "WorkerExecutor Queue Thread 2" [_thread_blocked, id=8324, stack(0x000000e857c00000,0x000000e857d00000)]
  0x0000024692504340 JavaThread "WorkerExecutor Queue Thread 3" [_thread_blocked, id=4992, stack(0x000000e85e000000,0x000000e85e100000)]
  0x00000246925069c0 JavaThread "WorkerExecutor Queue Thread 4" [_thread_blocked, id=5320, stack(0x000000e85e700000,0x000000e85e800000)]
  0x0000024692507830 JavaThread "ForkJoinPool.commonPool-worker-1" daemon [_thread_blocked, id=5724, stack(0x000000e857d00000,0x000000e857e00000)]
  0x000002469250a380 JavaThread "ForkJoinPool.commonPool-worker-2" daemon [_thread_blocked, id=7508, stack(0x000000e85e800000,0x000000e85e900000)]
  0x0000024692507d00 JavaThread "ForkJoinPool.commonPool-worker-3" daemon [_thread_blocked, id=16360, stack(0x000000e85e900000,0x000000e85ea00000)]

Other Threads:
=>0x00000246ffe4e640 VMThread "VM Thread" [stack: 0x000000e858400000,0x000000e858500000] [id=7728]
  0x00000246e7cdc010 WatcherThread [stack: 0x000000e859000000,0x000000e859100000] [id=10172]
  0x00000246e7cc3ce0 GCTaskThread "GC Thread#0" [stack: 0x000000e857f00000,0x000000e858000000] [id=252]
  0x00000246870f5f80 GCTaskThread "GC Thread#1" [stack: 0x000000e859200000,0x000000e859300000] [id=16196]
  0x0000024686eaf250 GCTaskThread "GC Thread#2" [stack: 0x000000e859300000,0x000000e859400000] [id=7312]
  0x0000024687b18830 GCTaskThread "GC Thread#3" [stack: 0x000000e859400000,0x000000e859500000] [id=11180]
  0x00000246e7cd4b30 ConcurrentGCThread "G1 Main Marker" [stack: 0x000000e858000000,0x000000e858100000] [id=13952]
  0x00000246e7cd5bf0 ConcurrentGCThread "G1 Conc#0" [stack: 0x000000e858100000,0x000000e858200000] [id=6780]
  0x00000246e7d11810 ConcurrentGCThread "G1 Refine#0" [stack: 0x000000e858200000,0x000000e858300000] [id=11504]
  0x000002468ca54470 ConcurrentGCThread "G1 Refine#1" [stack: 0x000000e85aa00000,0x000000e85ab00000] [id=14320]
  0x00000246e7d12140 ConcurrentGCThread "G1 Service" [stack: 0x000000e858300000,0x000000e858400000] [id=3436]

Threads with active compile tasks:

VM state: at safepoint (normal execution)

VM Mutex/Monitor currently owned by a thread:  ([mutex/lock_event])
[0x00000246e7c53340] Threads_lock - owner thread: 0x00000246ffe4e640
[0x00000246e7c52b60] Heap_lock - owner thread: 0x0000024692507830

Heap address: 0x0000000700000000, size: 4096 MB, Compressed Oops mode: Zero based, Oop shift amount: 3

CDS archive(s) not mapped
Compressed class space mapped at: 0x0000000800000000-0x0000000840000000, reserved size: 1073741824
Narrow klass base: 0x0000000800000000, Narrow klass shift: 0, Narrow klass range: 0x40000000

GC Precious Log:
 CPUs: 4 total, 4 available
 Memory: 8094M
 Large Page Support: Disabled
 NUMA Support: Disabled
 Compressed Oops: Enabled (Zero based)
 Heap Region Size: 2M
 Heap Min Capacity: 8M
 Heap Initial Capacity: 128M
 Heap Max Capacity: 4G
 Pre-touch: Disabled
 Parallel Workers: 4
 Concurrent Workers: 1
 Concurrent Refinement Workers: 4
 Periodic GC: Disabled

Heap:
 garbage-first heap   total 983040K, used 245965K [0x0000000700000000, 0x0000000800000000)
  region size 2048K, 6 young (12288K), 6 survivors (12288K)
 Metaspace       used 110853K, committed 112256K, reserved 1146880K
  class space    used 15117K, committed 15680K, reserved 1048576K

Heap Regions: E=young(eden), S=young(survivor), O=old, HS=humongous(starts), HC=humongous(continues), CS=collection set, F=free, OA=open archive, CA=closed archive, TAMS=top-at-mark-start (previous, next)
|   0|0x0000000700000000, 0x0000000700200000, 0x0000000700200000|100%|HS|  |TAMS 0x0000000700200000, 0x0000000700200000| Complete 
|   1|0x0000000700200000, 0x0000000700400000, 0x0000000700400000|100%|HC|  |TAMS 0x0000000700400000, 0x0000000700400000| Complete 
|   2|0x0000000700400000, 0x0000000700600000, 0x0000000700600000|100%| O|  |TAMS 0x0000000700600000, 0x0000000700600000| Untracked 
|   3|0x0000000700600000, 0x00000007007f9200, 0x0000000700800000| 98%| O|  |TAMS 0x00000007007f9200, 0x00000007007f9200| Untracked 
|   4|0x0000000700800000, 0x0000000700a00000, 0x0000000700a00000|100%| O|  |TAMS 0x0000000700a00000, 0x0000000700a00000| Untracked 
|   5|0x0000000700a00000, 0x0000000700c00000, 0x0000000700c00000|100%| O|  |TAMS 0x0000000700c00000, 0x0000000700c00000| Untracked 
|   6|0x0000000700c00000, 0x0000000700e00000, 0x0000000700e00000|100%| O|  |TAMS 0x0000000700e00000, 0x0000000700e00000| Untracked 
|   7|0x0000000700e00000, 0x0000000701000000, 0x0000000701000000|100%| O|  |TAMS 0x0000000701000000, 0x0000000701000000| Untracked 
|   8|0x0000000701000000, 0x0000000701200000, 0x0000000701200000|100%| O|  |TAMS 0x0000000701200000, 0x0000000701200000| Untracked 
|   9|0x0000000701200000, 0x0000000701400000, 0x0000000701400000|100%| O|  |TAMS 0x0000000701400000, 0x0000000701400000| Untracked 
|  10|0x0000000701400000, 0x0000000701600000, 0x0000000701600000|100%| O|  |TAMS 0x0000000701600000, 0x0000000701600000| Untracked 
|  11|0x0000000701600000, 0x0000000701800000, 0x0000000701800000|100%| O|  |TAMS 0x0000000701800000, 0x0000000701800000| Untracked 
|  12|0x0000000701800000, 0x0000000701a00000, 0x0000000701a00000|100%|HS|  |TAMS 0x0000000701a00000, 0x0000000701a00000| Complete 
|  13|0x0000000701a00000, 0x0000000701c00000, 0x0000000701c00000|100%| O|  |TAMS 0x0000000701c00000, 0x0000000701c00000| Untracked 
|  14|0x0000000701c00000, 0x0000000701e00000, 0x0000000701e00000|100%| O|  |TAMS 0x0000000701e00000, 0x0000000701e00000| Untracked 
|  15|0x0000000701e00000, 0x0000000702000000, 0x0000000702000000|100%| O|  |TAMS 0x0000000702000000, 0x0000000702000000| Untracked 
|  16|0x0000000702000000, 0x0000000702200000, 0x0000000702200000|100%| O|  |TAMS 0x0000000702200000, 0x0000000702200000| Untracked 
|  17|0x0000000702200000, 0x0000000702400000, 0x0000000702400000|100%| O|  |TAMS 0x0000000702400000, 0x0000000702400000| Untracked 
|  18|0x0000000702400000, 0x0000000702600000, 0x0000000702600000|100%| O|  |TAMS 0x0000000702600000, 0x0000000702600000| Untracked 
|  19|0x0000000702600000, 0x0000000702800000, 0x0000000702800000|100%| O|  |TAMS 0x0000000702800000, 0x0000000702800000| Untracked 
|  20|0x0000000702800000, 0x0000000702a00000, 0x0000000702a00000|100%| O|  |TAMS 0x0000000702a00000, 0x0000000702a00000| Untracked 
|  21|0x0000000702a00000, 0x0000000702c00000, 0x0000000702c00000|100%| O|  |TAMS 0x0000000702c00000, 0x0000000702c00000| Untracked 
|  22|0x0000000702c00000, 0x0000000702e00000, 0x0000000702e00000|100%| O|  |TAMS 0x0000000702e00000, 0x0000000702e00000| Untracked 
|  23|0x0000000702e00000, 0x0000000703000000, 0x0000000703000000|100%| O|  |TAMS 0x0000000703000000, 0x0000000703000000| Untracked 
|  24|0x0000000703000000, 0x0000000703200000, 0x0000000703200000|100%| O|  |TAMS 0x0000000703200000, 0x0000000703200000| Untracked 
|  25|0x0000000703200000, 0x0000000703400000, 0x0000000703400000|100%| O|  |TAMS 0x0000000703400000, 0x0000000703400000| Untracked 
|  26|0x0000000703400000, 0x0000000703400000, 0x0000000703600000|  0%| F|  |TAMS 0x0000000703400000, 0x0000000703400000| Untracked 
|  27|0x0000000703600000, 0x0000000703800000, 0x0000000703800000|100%| O|  |TAMS 0x0000000703800000, 0x0000000703800000| Untracked 
|  28|0x0000000703800000, 0x0000000703a00000, 0x0000000703a00000|100%|HS|  |TAMS 0x0000000703a00000, 0x0000000703a00000| Complete 
|  29|0x0000000703a00000, 0x0000000703c00000, 0x0000000703c00000|100%|HC|  |TAMS 0x0000000703c00000, 0x0000000703c00000| Complete 
|  30|0x0000000703c00000, 0x0000000703c00000, 0x0000000703e00000|  0%| F|  |TAMS 0x0000000703c00000, 0x0000000703c00000| Untracked 
|  31|0x0000000703e00000, 0x0000000704000000, 0x0000000704000000|100%| O|  |TAMS 0x0000000704000000, 0x0000000704000000| Untracked 
|  32|0x0000000704000000, 0x0000000704200000, 0x0000000704200000|100%| O|  |TAMS 0x0000000704200000, 0x0000000704200000| Untracked 
|  33|0x0000000704200000, 0x0000000704400000, 0x0000000704400000|100%| O|  |TAMS 0x0000000704400000, 0x0000000704400000| Untracked 
|  34|0x0000000704400000, 0x0000000704600000, 0x0000000704600000|100%| O|  |TAMS 0x0000000704600000, 0x0000000704600000| Untracked 
|  35|0x0000000704600000, 0x0000000704800000, 0x0000000704800000|100%| O|  |TAMS 0x0000000704800000, 0x0000000704800000| Untracked 
|  36|0x0000000704800000, 0x0000000704a00000, 0x0000000704a00000|100%| O|  |TAMS 0x0000000704a00000, 0x0000000704a00000| Untracked 
|  37|0x0000000704a00000, 0x0000000704c00000, 0x0000000704c00000|100%| O|  |TAMS 0x0000000704c00000, 0x0000000704c00000| Untracked 
|  38|0x0000000704c00000, 0x0000000704e00000, 0x0000000704e00000|100%| O|  |TAMS 0x0000000704e00000, 0x0000000704e00000| Untracked 
|  39|0x0000000704e00000, 0x0000000705000000, 0x0000000705000000|100%| O|  |TAMS 0x0000000705000000, 0x0000000705000000| Untracked 
|  40|0x0000000705000000, 0x0000000705200000, 0x0000000705200000|100%| O|  |TAMS 0x0000000705200000, 0x0000000705200000| Untracked 
|  41|0x0000000705200000, 0x0000000705400000, 0x0000000705400000|100%| O|  |TAMS 0x0000000705400000, 0x0000000705400000| Untracked 
|  42|0x0000000705400000, 0x0000000705600000, 0x0000000705600000|100%| O|  |TAMS 0x0000000705600000, 0x0000000705600000| Untracked 
|  43|0x0000000705600000, 0x0000000705800000, 0x0000000705800000|100%| O|  |TAMS 0x0000000705800000, 0x0000000705800000| Untracked 
|  44|0x0000000705800000, 0x0000000705a00000, 0x0000000705a00000|100%| O|  |TAMS 0x0000000705a00000, 0x0000000705a00000| Untracked 
|  45|0x0000000705a00000, 0x0000000705c00000, 0x0000000705c00000|100%| O|  |TAMS 0x0000000705c00000, 0x0000000705c00000| Untracked 
|  46|0x0000000705c00000, 0x0000000705e00000, 0x0000000705e00000|100%| O|  |TAMS 0x0000000705e00000, 0x0000000705e00000| Untracked 
|  47|0x0000000705e00000, 0x0000000706000000, 0x0000000706000000|100%| O|  |TAMS 0x0000000706000000, 0x0000000706000000| Untracked 
|  48|0x0000000706000000, 0x0000000706200000, 0x0000000706200000|100%| O|  |TAMS 0x0000000706200000, 0x0000000706200000| Untracked 
|  49|0x0000000706200000, 0x0000000706400000, 0x0000000706400000|100%| O|  |TAMS 0x0000000706400000, 0x0000000706400000| Untracked 
|  50|0x0000000706400000, 0x0000000706600000, 0x0000000706600000|100%| O|  |TAMS 0x0000000706600000, 0x0000000706600000| Untracked 
|  51|0x0000000706600000, 0x0000000706800000, 0x0000000706800000|100%| O|  |TAMS 0x0000000706800000, 0x0000000706800000| Untracked 
|  52|0x0000000706800000, 0x0000000706a00000, 0x0000000706a00000|100%| O|  |TAMS 0x0000000706a00000, 0x0000000706a00000| Untracked 
|  53|0x0000000706a00000, 0x0000000706c00000, 0x0000000706c00000|100%| O|  |TAMS 0x0000000706c00000, 0x0000000706c00000| Untracked 
|  54|0x0000000706c00000, 0x0000000706e00000, 0x0000000706e00000|100%| O|  |TAMS 0x0000000706e00000, 0x0000000706e00000| Untracked 
|  55|0x0000000706e00000, 0x0000000707000000, 0x0000000707000000|100%| O|  |TAMS 0x0000000707000000, 0x0000000707000000| Untracked 
|  56|0x0000000707000000, 0x0000000707200000, 0x0000000707200000|100%| O|  |TAMS 0x0000000707200000, 0x0000000707200000| Untracked 
|  57|0x0000000707200000, 0x0000000707400000, 0x0000000707400000|100%| O|  |TAMS 0x0000000707400000, 0x0000000707400000| Untracked 
|  58|0x0000000707400000, 0x0000000707600000, 0x0000000707600000|100%| O|  |TAMS 0x0000000707600000, 0x0000000707600000| Untracked 
|  59|0x0000000707600000, 0x0000000707800000, 0x0000000707800000|100%| O|  |TAMS 0x0000000707800000, 0x0000000707800000| Untracked 
|  60|0x0000000707800000, 0x0000000707a00000, 0x0000000707a00000|100%| O|  |TAMS 0x0000000707a00000, 0x0000000707a00000| Untracked 
|  61|0x0000000707a00000, 0x0000000707c00000, 0x0000000707c00000|100%| O|  |TAMS 0x0000000707c00000, 0x0000000707c00000| Untracked 
|  62|0x0000000707c00000, 0x0000000707e00000, 0x0000000707e00000|100%| O|  |TAMS 0x0000000707e00000, 0x0000000707e00000| Untracked 
|  63|0x0000000707e00000, 0x0000000707e00000, 0x0000000708000000|  0%| F|  |TAMS 0x0000000707e00000, 0x0000000707e00000| Untracked 
|  64|0x0000000708000000, 0x0000000708200000, 0x0000000708200000|100%| O|  |TAMS 0x0000000708200000, 0x0000000708200000| Untracked 
|  65|0x0000000708200000, 0x0000000708400000, 0x0000000708400000|100%| O|  |TAMS 0x0000000708400000, 0x0000000708400000| Untracked 
|  66|0x0000000708400000, 0x0000000708600000, 0x0000000708600000|100%| O|  |TAMS 0x0000000708600000, 0x0000000708600000| Untracked 
|  67|0x0000000708600000, 0x0000000708800000, 0x0000000708800000|100%| O|  |TAMS 0x0000000708800000, 0x0000000708800000| Untracked 
|  68|0x0000000708800000, 0x0000000708a00000, 0x0000000708a00000|100%| O|  |TAMS 0x0000000708a00000, 0x0000000708a00000| Untracked 
|  69|0x0000000708a00000, 0x0000000708c00000, 0x0000000708c00000|100%| O|  |TAMS 0x0000000708c00000, 0x0000000708c00000| Untracked 
|  70|0x0000000708c00000, 0x0000000708e00000, 0x0000000708e00000|100%| O|  |TAMS 0x0000000708e00000, 0x0000000708e00000| Untracked 
|  71|0x0000000708e00000, 0x0000000709000000, 0x0000000709000000|100%| O|  |TAMS 0x0000000709000000, 0x0000000709000000| Untracked 
|  72|0x0000000709000000, 0x0000000709200000, 0x0000000709200000|100%| O|  |TAMS 0x0000000709200000, 0x0000000709200000| Untracked 
|  73|0x0000000709200000, 0x0000000709400000, 0x0000000709400000|100%| O|  |TAMS 0x0000000709400000, 0x0000000709400000| Untracked 
|  74|0x0000000709400000, 0x0000000709600000, 0x0000000709600000|100%| O|  |TAMS 0x0000000709600000, 0x0000000709600000| Untracked 
|  75|0x0000000709600000, 0x0000000709800000, 0x0000000709800000|100%| O|  |TAMS 0x0000000709800000, 0x0000000709800000| Untracked 
|  76|0x0000000709800000, 0x0000000709a00000, 0x0000000709a00000|100%| O|  |TAMS 0x0000000709a00000, 0x0000000709a00000| Untracked 
|  77|0x0000000709a00000, 0x0000000709c00000, 0x0000000709c00000|100%| O|  |TAMS 0x0000000709c00000, 0x0000000709c00000| Untracked 
|  78|0x0000000709c00000, 0x0000000709e00000, 0x0000000709e00000|100%| O|  |TAMS 0x0000000709e00000, 0x0000000709e00000| Untracked 
|  79|0x0000000709e00000, 0x000000070a000000, 0x000000070a000000|100%| O|  |TAMS 0x000000070a000000, 0x000000070a000000| Untracked 
|  80|0x000000070a000000, 0x000000070a200000, 0x000000070a200000|100%| O|  |TAMS 0x000000070a200000, 0x000000070a200000| Untracked 
|  81|0x000000070a200000, 0x000000070a400000, 0x000000070a400000|100%| O|  |TAMS 0x000000070a400000, 0x000000070a400000| Untracked 
|  82|0x000000070a400000, 0x000000070a600000, 0x000000070a600000|100%| O|  |TAMS 0x000000070a600000, 0x000000070a600000| Untracked 
|  83|0x000000070a600000, 0x000000070a800000, 0x000000070a800000|100%| O|  |TAMS 0x000000070a800000, 0x000000070a800000| Untracked 
|  84|0x000000070a800000, 0x000000070aa00000, 0x000000070aa00000|100%| O|  |TAMS 0x000000070aa00000, 0x000000070aa00000| Untracked 
|  85|0x000000070aa00000, 0x000000070ac00000, 0x000000070ac00000|100%| O|  |TAMS 0x000000070ac00000, 0x000000070ac00000| Untracked 
|  86|0x000000070ac00000, 0x000000070ae00000, 0x000000070ae00000|100%| O|  |TAMS 0x000000070ae00000, 0x000000070ae00000| Untracked 
|  87|0x000000070ae00000, 0x000000070b000000, 0x000000070b000000|100%| O|  |TAMS 0x000000070b000000, 0x000000070b000000| Untracked 
|  88|0x000000070b000000, 0x000000070b200000, 0x000000070b200000|100%| O|  |TAMS 0x000000070b200000, 0x000000070b200000| Untracked 
|  89|0x000000070b200000, 0x000000070b400000, 0x000000070b400000|100%| O|  |TAMS 0x000000070b208200, 0x000000070b400000| Untracked 
|  90|0x000000070b400000, 0x000000070b400000, 0x000000070b600000|  0%| F|  |TAMS 0x000000070b400000, 0x000000070b400000| Untracked 
|  91|0x000000070b600000, 0x000000070b600000, 0x000000070b800000|  0%| F|  |TAMS 0x000000070b600000, 0x000000070b600000| Untracked 
|  92|0x000000070b800000, 0x000000070b800000, 0x000000070ba00000|  0%| F|  |TAMS 0x000000070b800000, 0x000000070b800000| Untracked 
|  93|0x000000070ba00000, 0x000000070ba00000, 0x000000070bc00000|  0%| F|  |TAMS 0x000000070ba00000, 0x000000070ba00000| Untracked 
|  94|0x000000070bc00000, 0x000000070bd40800, 0x000000070be00000| 62%| O|  |TAMS 0x000000070bc00000, 0x000000070bd40800| Untracked 
|  95|0x000000070be00000, 0x000000070be00000, 0x000000070c000000|  0%| F|  |TAMS 0x000000070be00000, 0x000000070be00000| Untracked 
|  96|0x000000070c000000, 0x000000070c000000, 0x000000070c200000|  0%| F|  |TAMS 0x000000070c000000, 0x000000070c000000| Untracked 
|  97|0x000000070c200000, 0x000000070c200000, 0x000000070c400000|  0%| F|  |TAMS 0x000000070c200000, 0x000000070c200000| Untracked 
|  98|0x000000070c400000, 0x000000070c400000, 0x000000070c600000|  0%| F|  |TAMS 0x000000070c400000, 0x000000070c400000| Untracked 
|  99|0x000000070c600000, 0x000000070c600000, 0x000000070c800000|  0%| F|  |TAMS 0x000000070c600000, 0x000000070c600000| Untracked 
| 100|0x000000070c800000, 0x000000070c800000, 0x000000070ca00000|  0%| F|  |TAMS 0x000000070c800000, 0x000000070c800000| Untracked 
| 101|0x000000070ca00000, 0x000000070ca00000, 0x000000070cc00000|  0%| F|  |TAMS 0x000000070ca00000, 0x000000070ca00000| Untracked 
| 102|0x000000070cc00000, 0x000000070cc00000, 0x000000070ce00000|  0%| F|  |TAMS 0x000000070cc00000, 0x000000070cc00000| Untracked 
| 103|0x000000070ce00000, 0x000000070ce00000, 0x000000070d000000|  0%| F|  |TAMS 0x000000070ce00000, 0x000000070ce00000| Untracked 
| 104|0x000000070d000000, 0x000000070d000000, 0x000000070d200000|  0%| F|  |TAMS 0x000000070d000000, 0x000000070d000000| Untracked 
| 105|0x000000070d200000, 0x000000070d200000, 0x000000070d400000|  0%| F|  |TAMS 0x000000070d200000, 0x000000070d200000| Untracked 
| 106|0x000000070d400000, 0x000000070d400000, 0x000000070d600000|  0%| F|  |TAMS 0x000000070d400000, 0x000000070d400000| Untracked 
| 107|0x000000070d600000, 0x000000070d600000, 0x000000070d800000|  0%| F|  |TAMS 0x000000070d600000, 0x000000070d600000| Untracked 
| 108|0x000000070d800000, 0x000000070d800000, 0x000000070da00000|  0%| F|  |TAMS 0x000000070d800000, 0x000000070d800000| Untracked 
| 109|0x000000070da00000, 0x000000070da00000, 0x000000070dc00000|  0%| F|  |TAMS 0x000000070da00000, 0x000000070da00000| Untracked 
| 110|0x000000070dc00000, 0x000000070de00000, 0x000000070de00000|100%| O|  |TAMS 0x000000070dc00000, 0x000000070de00000| Untracked 
| 111|0x000000070de00000, 0x000000070e000000, 0x000000070e000000|100%|HS|  |TAMS 0x000000070de00000, 0x000000070e000000| Complete 
| 112|0x000000070e000000, 0x000000070e200000, 0x000000070e200000|100%|HC|  |TAMS 0x000000070e000000, 0x000000070e200000| Complete 
| 113|0x000000070e200000, 0x000000070e400000, 0x000000070e400000|100%|HC|  |TAMS 0x000000070e200000, 0x000000070e400000| Complete 
| 114|0x000000070e400000, 0x000000070e600000, 0x000000070e600000|100%|HC|  |TAMS 0x000000070e400000, 0x000000070e600000| Complete 
| 115|0x000000070e600000, 0x000000070e800000, 0x000000070e800000|100%|HC|  |TAMS 0x000000070e600000, 0x000000070e800000| Complete 
| 116|0x000000070e800000, 0x000000070ea00000, 0x000000070ea00000|100%|HC|  |TAMS 0x000000070e800000, 0x000000070ea00000| Complete 
| 117|0x000000070ea00000, 0x000000070ec00000, 0x000000070ec00000|100%|HC|  |TAMS 0x000000070ea00000, 0x000000070ec00000| Complete 
| 118|0x000000070ec00000, 0x000000070ee00000, 0x000000070ee00000|100%|HC|  |TAMS 0x000000070ec00000, 0x000000070ee00000| Complete 
| 119|0x000000070ee00000, 0x000000070f000000, 0x000000070f000000|100%|HC|  |TAMS 0x000000070ee00000, 0x000000070f000000| Complete 
| 120|0x000000070f000000, 0x000000070f200000, 0x000000070f200000|100%|HC|  |TAMS 0x000000070f000000, 0x000000070f200000| Complete 
| 121|0x000000070f200000, 0x000000070f400000, 0x000000070f400000|100%|HC|  |TAMS 0x000000070f200000, 0x000000070f400000| Complete 
| 122|0x000000070f400000, 0x000000070f600000, 0x000000070f600000|100%|HC|  |TAMS 0x000000070f400000, 0x000000070f600000| Complete 
| 123|0x000000070f600000, 0x000000070f800000, 0x000000070f800000|100%|HC|  |TAMS 0x000000070f600000, 0x000000070f800000| Complete 
| 124|0x000000070f800000, 0x000000070fa00000, 0x000000070fa00000|100%|HC|  |TAMS 0x000000070f800000, 0x000000070fa00000| Complete 
| 125|0x000000070fa00000, 0x000000070fc00000, 0x000000070fc00000|100%|HC|  |TAMS 0x000000070fa00000, 0x000000070fc00000| Complete 
| 126|0x000000070fc00000, 0x000000070fe00000, 0x000000070fe00000|100%|HC|  |TAMS 0x000000070fc00000, 0x000000070fe00000| Complete 
| 127|0x000000070fe00000, 0x0000000710000000, 0x0000000710000000|100%|HC|  |TAMS 0x000000070fe00000, 0x0000000710000000| Complete 
| 128|0x0000000710000000, 0x0000000710200000, 0x0000000710200000|100%|HC|  |TAMS 0x0000000710000000, 0x0000000710200000| Complete 
| 129|0x0000000710200000, 0x0000000710400000, 0x0000000710400000|100%|HC|  |TAMS 0x0000000710200000, 0x0000000710400000| Complete 
| 130|0x0000000710400000, 0x0000000710600000, 0x0000000710600000|100%|HC|  |TAMS 0x0000000710400000, 0x0000000710600000| Complete 
| 131|0x0000000710600000, 0x0000000710800000, 0x0000000710800000|100%| O|  |TAMS 0x0000000710600000, 0x0000000710800000| Untracked 
| 132|0x0000000710800000, 0x0000000710a00000, 0x0000000710a00000|100%| O|  |TAMS 0x0000000710800000, 0x0000000710a00000| Untracked 
| 133|0x0000000710a00000, 0x0000000710c00000, 0x0000000710c00000|100%| O|  |TAMS 0x0000000710a00000, 0x0000000710c00000| Untracked 
| 134|0x0000000710c00000, 0x0000000710c00000, 0x0000000710e00000|  0%| F|  |TAMS 0x0000000710c00000, 0x0000000710c00000| Untracked 
| 135|0x0000000710e00000, 0x0000000710e00000, 0x0000000711000000|  0%| F|  |TAMS 0x0000000710e00000, 0x0000000710e00000| Untracked 
| 136|0x0000000711000000, 0x0000000711000000, 0x0000000711200000|  0%| F|  |TAMS 0x0000000711000000, 0x0000000711000000| Untracked 
| 137|0x0000000711200000, 0x0000000711200000, 0x0000000711400000|  0%| F|  |TAMS 0x0000000711200000, 0x0000000711200000| Untracked 
| 138|0x0000000711400000, 0x0000000711400000, 0x0000000711600000|  0%| F|  |TAMS 0x0000000711400000, 0x0000000711400000| Untracked 
| 139|0x0000000711600000, 0x0000000711800000, 0x0000000711800000|100%|HS|  |TAMS 0x0000000711600000, 0x0000000711800000| Complete 
| 140|0x0000000711800000, 0x0000000711a00000, 0x0000000711a00000|100%|HS|  |TAMS 0x0000000711800000, 0x0000000711a00000| Complete 
| 141|0x0000000711a00000, 0x0000000711c00000, 0x0000000711c00000|100%|HS|  |TAMS 0x0000000711a00000, 0x0000000711c00000| Complete 
| 142|0x0000000711c00000, 0x0000000711c00000, 0x0000000711e00000|  0%| F|  |TAMS 0x0000000711c00000, 0x0000000711c00000| Untracked 
| 143|0x0000000711e00000, 0x0000000711e00000, 0x0000000712000000|  0%| F|  |TAMS 0x0000000711e00000, 0x0000000711e00000| Untracked 
| 144|0x0000000712000000, 0x0000000712000000, 0x0000000712200000|  0%| F|  |TAMS 0x0000000712000000, 0x0000000712000000| Untracked 
| 145|0x0000000712200000, 0x0000000712200000, 0x0000000712400000|  0%| F|  |TAMS 0x0000000712200000, 0x0000000712200000| Untracked 
| 146|0x0000000712400000, 0x0000000712400000, 0x0000000712600000|  0%| F|  |TAMS 0x0000000712400000, 0x0000000712400000| Untracked 
| 147|0x0000000712600000, 0x0000000712600000, 0x0000000712800000|  0%| F|  |TAMS 0x0000000712600000, 0x0000000712600000| Untracked 
| 148|0x0000000712800000, 0x0000000712800000, 0x0000000712a00000|  0%| F|  |TAMS 0x0000000712800000, 0x0000000712800000| Untracked 
| 149|0x0000000712a00000, 0x0000000712a00000, 0x0000000712c00000|  0%| F|  |TAMS 0x0000000712a00000, 0x0000000712a00000| Untracked 
| 150|0x0000000712c00000, 0x0000000712c00000, 0x0000000712e00000|  0%| F|  |TAMS 0x0000000712c00000, 0x0000000712c00000| Untracked 
| 151|0x0000000712e00000, 0x0000000712e00000, 0x0000000713000000|  0%| F|  |TAMS 0x0000000712e00000, 0x0000000712e00000| Untracked 
| 152|0x0000000713000000, 0x0000000713000000, 0x0000000713200000|  0%| F|  |TAMS 0x0000000713000000, 0x0000000713000000| Untracked 
| 153|0x0000000713200000, 0x0000000713200000, 0x0000000713400000|  0%| F|  |TAMS 0x0000000713200000, 0x0000000713200000| Untracked 
| 154|0x0000000713400000, 0x0000000713400000, 0x0000000713600000|  0%| F|  |TAMS 0x0000000713400000, 0x0000000713400000| Untracked 
| 155|0x0000000713600000, 0x0000000713600000, 0x0000000713800000|  0%| F|  |TAMS 0x0000000713600000, 0x0000000713600000| Untracked 
| 156|0x0000000713800000, 0x0000000713800000, 0x0000000713a00000|  0%| F|  |TAMS 0x0000000713800000, 0x0000000713800000| Untracked 
| 157|0x0000000713a00000, 0x0000000713a00000, 0x0000000713c00000|  0%| F|  |TAMS 0x0000000713a00000, 0x0000000713a00000| Untracked 
| 158|0x0000000713c00000, 0x0000000713c00000, 0x0000000713e00000|  0%| F|  |TAMS 0x0000000713c00000, 0x0000000713c00000| Untracked 
| 159|0x0000000713e00000, 0x0000000713e00000, 0x0000000714000000|  0%| F|  |TAMS 0x0000000713e00000, 0x0000000713e00000| Untracked 
| 160|0x0000000714000000, 0x0000000714000000, 0x0000000714200000|  0%| F|  |TAMS 0x0000000714000000, 0x0000000714000000| Untracked 
| 161|0x0000000714200000, 0x0000000714200000, 0x0000000714400000|  0%| F|  |TAMS 0x0000000714200000, 0x0000000714200000| Untracked 
| 162|0x0000000714400000, 0x0000000714400000, 0x0000000714600000|  0%| F|  |TAMS 0x0000000714400000, 0x0000000714400000| Untracked 
| 163|0x0000000714600000, 0x0000000714600000, 0x0000000714800000|  0%| F|  |TAMS 0x0000000714600000, 0x0000000714600000| Untracked 
| 164|0x0000000714800000, 0x0000000714800000, 0x0000000714a00000|  0%| F|  |TAMS 0x0000000714800000, 0x0000000714800000| Untracked 
| 165|0x0000000714a00000, 0x0000000714a00000, 0x0000000714c00000|  0%| F|  |TAMS 0x0000000714a00000, 0x0000000714a00000| Untracked 
| 166|0x0000000714c00000, 0x0000000714c00000, 0x0000000714e00000|  0%| F|  |TAMS 0x0000000714c00000, 0x0000000714c00000| Untracked 
| 167|0x0000000714e00000, 0x0000000714e00000, 0x0000000715000000|  0%| F|  |TAMS 0x0000000714e00000, 0x0000000714e00000| Untracked 
| 168|0x0000000715000000, 0x0000000715000000, 0x0000000715200000|  0%| F|  |TAMS 0x0000000715000000, 0x0000000715000000| Untracked 
| 169|0x0000000715200000, 0x0000000715200000, 0x0000000715400000|  0%| F|  |TAMS 0x0000000715200000, 0x0000000715200000| Untracked 
| 170|0x0000000715400000, 0x0000000715400000, 0x0000000715600000|  0%| F|  |TAMS 0x0000000715400000, 0x0000000715400000| Untracked 
| 171|0x0000000715600000, 0x0000000715600000, 0x0000000715800000|  0%| F|  |TAMS 0x0000000715600000, 0x0000000715600000| Untracked 
| 172|0x0000000715800000, 0x0000000715800000, 0x0000000715a00000|  0%| F|  |TAMS 0x0000000715800000, 0x0000000715800000| Untracked 
| 173|0x0000000715a00000, 0x0000000715a00000, 0x0000000715c00000|  0%| F|  |TAMS 0x0000000715a00000, 0x0000000715a00000| Untracked 
| 174|0x0000000715c00000, 0x0000000715c00000, 0x0000000715e00000|  0%| F|  |TAMS 0x0000000715c00000, 0x0000000715c00000| Untracked 
| 175|0x0000000715e00000, 0x0000000715e00000, 0x0000000716000000|  0%| F|  |TAMS 0x0000000715e00000, 0x0000000715e00000| Untracked 
| 176|0x0000000716000000, 0x0000000716000000, 0x0000000716200000|  0%| F|  |TAMS 0x0000000716000000, 0x0000000716000000| Untracked 
| 177|0x0000000716200000, 0x0000000716200000, 0x0000000716400000|  0%| F|  |TAMS 0x0000000716200000, 0x0000000716200000| Untracked 
| 178|0x0000000716400000, 0x0000000716400000, 0x0000000716600000|  0%| F|  |TAMS 0x0000000716400000, 0x0000000716400000| Untracked 
| 179|0x0000000716600000, 0x0000000716600000, 0x0000000716800000|  0%| F|  |TAMS 0x0000000716600000, 0x0000000716600000| Untracked 
| 180|0x0000000716800000, 0x0000000716800000, 0x0000000716a00000|  0%| F|  |TAMS 0x0000000716800000, 0x0000000716800000| Untracked 
| 181|0x0000000716a00000, 0x0000000716a00000, 0x0000000716c00000|  0%| F|  |TAMS 0x0000000716a00000, 0x0000000716a00000| Untracked 
| 182|0x0000000716c00000, 0x0000000716c00000, 0x0000000716e00000|  0%| F|  |TAMS 0x0000000716c00000, 0x0000000716c00000| Untracked 
| 183|0x0000000716e00000, 0x0000000716e00000, 0x0000000717000000|  0%| F|  |TAMS 0x0000000716e00000, 0x0000000716e00000| Untracked 
| 184|0x0000000717000000, 0x0000000717000000, 0x0000000717200000|  0%| F|  |TAMS 0x0000000717000000, 0x0000000717000000| Untracked 
| 185|0x0000000717200000, 0x0000000717200000, 0x0000000717400000|  0%| F|  |TAMS 0x0000000717200000, 0x0000000717200000| Untracked 
| 186|0x0000000717400000, 0x0000000717400000, 0x0000000717600000|  0%| F|  |TAMS 0x0000000717400000, 0x0000000717400000| Untracked 
| 187|0x0000000717600000, 0x0000000717600000, 0x0000000717800000|  0%| F|  |TAMS 0x0000000717600000, 0x0000000717600000| Untracked 
| 188|0x0000000717800000, 0x0000000717800000, 0x0000000717a00000|  0%| F|  |TAMS 0x0000000717800000, 0x0000000717800000| Untracked 
| 189|0x0000000717a00000, 0x0000000717a00000, 0x0000000717c00000|  0%| F|  |TAMS 0x0000000717a00000, 0x0000000717a00000| Untracked 
| 190|0x0000000717c00000, 0x0000000717c00000, 0x0000000717e00000|  0%| F|  |TAMS 0x0000000717c00000, 0x0000000717c00000| Untracked 
| 191|0x0000000717e00000, 0x0000000717e00000, 0x0000000718000000|  0%| F|  |TAMS 0x0000000717e00000, 0x0000000717e00000| Untracked 
| 192|0x0000000718000000, 0x0000000718000000, 0x0000000718200000|  0%| F|  |TAMS 0x0000000718000000, 0x0000000718000000| Untracked 
| 193|0x0000000718200000, 0x0000000718200000, 0x0000000718400000|  0%| F|  |TAMS 0x0000000718200000, 0x0000000718200000| Untracked 
| 194|0x0000000718400000, 0x0000000718400000, 0x0000000718600000|  0%| F|  |TAMS 0x0000000718400000, 0x0000000718400000| Untracked 
| 195|0x0000000718600000, 0x0000000718600000, 0x0000000718800000|  0%| F|  |TAMS 0x0000000718600000, 0x0000000718600000| Untracked 
| 196|0x0000000718800000, 0x0000000718800000, 0x0000000718a00000|  0%| F|  |TAMS 0x0000000718800000, 0x0000000718800000| Untracked 
| 197|0x0000000718a00000, 0x0000000718a00000, 0x0000000718c00000|  0%| F|  |TAMS 0x0000000718a00000, 0x0000000718a00000| Untracked 
| 198|0x0000000718c00000, 0x0000000718c00000, 0x0000000718e00000|  0%| F|  |TAMS 0x0000000718c00000, 0x0000000718c00000| Untracked 
| 199|0x0000000718e00000, 0x0000000718e00000, 0x0000000719000000|  0%| F|  |TAMS 0x0000000718e00000, 0x0000000718e00000| Untracked 
| 200|0x0000000719000000, 0x0000000719000000, 0x0000000719200000|  0%| F|  |TAMS 0x0000000719000000, 0x0000000719000000| Untracked 
| 201|0x0000000719200000, 0x0000000719200000, 0x0000000719400000|  0%| F|  |TAMS 0x0000000719200000, 0x0000000719200000| Untracked 
| 202|0x0000000719400000, 0x0000000719400000, 0x0000000719600000|  0%| F|  |TAMS 0x0000000719400000, 0x0000000719400000| Untracked 
| 203|0x0000000719600000, 0x0000000719600000, 0x0000000719800000|  0%| F|  |TAMS 0x0000000719600000, 0x0000000719600000| Untracked 
| 204|0x0000000719800000, 0x0000000719800000, 0x0000000719a00000|  0%| F|  |TAMS 0x0000000719800000, 0x0000000719800000| Untracked 
| 205|0x0000000719a00000, 0x0000000719a00000, 0x0000000719c00000|  0%| F|  |TAMS 0x0000000719a00000, 0x0000000719a00000| Untracked 
| 206|0x0000000719c00000, 0x0000000719c00000, 0x0000000719e00000|  0%| F|  |TAMS 0x0000000719c00000, 0x0000000719c00000| Untracked 
| 207|0x0000000719e00000, 0x0000000719e00000, 0x000000071a000000|  0%| F|  |TAMS 0x0000000719e00000, 0x0000000719e00000| Untracked 
| 208|0x000000071a000000, 0x000000071a000000, 0x000000071a200000|  0%| F|  |TAMS 0x000000071a000000, 0x000000071a000000| Untracked 
| 209|0x000000071a200000, 0x000000071a200000, 0x000000071a400000|  0%| F|  |TAMS 0x000000071a200000, 0x000000071a200000| Untracked 
| 210|0x000000071a400000, 0x000000071a400000, 0x000000071a600000|  0%| F|  |TAMS 0x000000071a400000, 0x000000071a400000| Untracked 
| 211|0x000000071a600000, 0x000000071a600000, 0x000000071a800000|  0%| F|  |TAMS 0x000000071a600000, 0x000000071a600000| Untracked 
| 212|0x000000071a800000, 0x000000071a800000, 0x000000071aa00000|  0%| F|  |TAMS 0x000000071a800000, 0x000000071a800000| Untracked 
| 213|0x000000071aa00000, 0x000000071aa00000, 0x000000071ac00000|  0%| F|  |TAMS 0x000000071aa00000, 0x000000071aa00000| Untracked 
| 214|0x000000071ac00000, 0x000000071ac00000, 0x000000071ae00000|  0%| F|  |TAMS 0x000000071ac00000, 0x000000071ac00000| Untracked 
| 215|0x000000071ae00000, 0x000000071ae00000, 0x000000071b000000|  0%| F|  |TAMS 0x000000071ae00000, 0x000000071ae00000| Untracked 
| 216|0x000000071b000000, 0x000000071b000000, 0x000000071b200000|  0%| F|  |TAMS 0x000000071b000000, 0x000000071b000000| Untracked 
| 217|0x000000071b200000, 0x000000071b200000, 0x000000071b400000|  0%| F|  |TAMS 0x000000071b200000, 0x000000071b200000| Untracked 
| 218|0x000000071b400000, 0x000000071b400000, 0x000000071b600000|  0%| F|  |TAMS 0x000000071b400000, 0x000000071b400000| Untracked 
| 219|0x000000071b600000, 0x000000071b600000, 0x000000071b800000|  0%| F|  |TAMS 0x000000071b600000, 0x000000071b600000| Untracked 
| 220|0x000000071b800000, 0x000000071b800000, 0x000000071ba00000|  0%| F|  |TAMS 0x000000071b800000, 0x000000071b800000| Untracked 
| 221|0x000000071ba00000, 0x000000071ba00000, 0x000000071bc00000|  0%| F|  |TAMS 0x000000071ba00000, 0x000000071ba00000| Untracked 
| 222|0x000000071bc00000, 0x000000071bc00000, 0x000000071be00000|  0%| F|  |TAMS 0x000000071bc00000, 0x000000071bc00000| Untracked 
| 223|0x000000071be00000, 0x000000071be00000, 0x000000071c000000|  0%| F|  |TAMS 0x000000071be00000, 0x000000071be00000| Untracked 
| 224|0x000000071c000000, 0x000000071c000000, 0x000000071c200000|  0%| F|  |TAMS 0x000000071c000000, 0x000000071c000000| Untracked 
| 225|0x000000071c200000, 0x000000071c200000, 0x000000071c400000|  0%| F|  |TAMS 0x000000071c200000, 0x000000071c200000| Untracked 
| 226|0x000000071c400000, 0x000000071c400000, 0x000000071c600000|  0%| F|  |TAMS 0x000000071c400000, 0x000000071c400000| Untracked 
| 227|0x000000071c600000, 0x000000071c600000, 0x000000071c800000|  0%| F|  |TAMS 0x000000071c600000, 0x000000071c600000| Untracked 
| 228|0x000000071c800000, 0x000000071c800000, 0x000000071ca00000|  0%| F|  |TAMS 0x000000071c800000, 0x000000071c800000| Untracked 
| 229|0x000000071ca00000, 0x000000071ca00000, 0x000000071cc00000|  0%| F|  |TAMS 0x000000071ca00000, 0x000000071ca00000| Untracked 
| 230|0x000000071cc00000, 0x000000071cc00000, 0x000000071ce00000|  0%| F|  |TAMS 0x000000071cc00000, 0x000000071cc00000| Untracked 
| 231|0x000000071ce00000, 0x000000071ce00000, 0x000000071d000000|  0%| F|  |TAMS 0x000000071ce00000, 0x000000071ce00000| Untracked 
| 232|0x000000071d000000, 0x000000071d000000, 0x000000071d200000|  0%| F|  |TAMS 0x000000071d000000, 0x000000071d000000| Untracked 
| 233|0x000000071d200000, 0x000000071d200000, 0x000000071d400000|  0%| F|  |TAMS 0x000000071d200000, 0x000000071d200000| Untracked 
| 234|0x000000071d400000, 0x000000071d400000, 0x000000071d600000|  0%| F|  |TAMS 0x000000071d400000, 0x000000071d400000| Untracked 
| 235|0x000000071d600000, 0x000000071d600000, 0x000000071d800000|  0%| F|  |TAMS 0x000000071d600000, 0x000000071d600000| Untracked 
| 236|0x000000071d800000, 0x000000071d800000, 0x000000071da00000|  0%| F|  |TAMS 0x000000071d800000, 0x000000071d800000| Untracked 
| 237|0x000000071da00000, 0x000000071da00000, 0x000000071dc00000|  0%| F|  |TAMS 0x000000071da00000, 0x000000071da00000| Untracked 
| 238|0x000000071dc00000, 0x000000071dc00000, 0x000000071de00000|  0%| F|  |TAMS 0x000000071dc00000, 0x000000071dc00000| Untracked 
| 239|0x000000071de00000, 0x000000071de00000, 0x000000071e000000|  0%| F|  |TAMS 0x000000071de00000, 0x000000071de00000| Untracked 
| 240|0x000000071e000000, 0x000000071e000000, 0x000000071e200000|  0%| F|  |TAMS 0x000000071e000000, 0x000000071e000000| Untracked 
| 241|0x000000071e200000, 0x000000071e200000, 0x000000071e400000|  0%| F|  |TAMS 0x000000071e200000, 0x000000071e200000| Untracked 
| 242|0x000000071e400000, 0x000000071e400000, 0x000000071e600000|  0%| F|  |TAMS 0x000000071e400000, 0x000000071e400000| Untracked 
| 243|0x000000071e600000, 0x000000071e600000, 0x000000071e800000|  0%| F|  |TAMS 0x000000071e600000, 0x000000071e600000| Untracked 
| 244|0x000000071e800000, 0x000000071e800000, 0x000000071ea00000|  0%| F|  |TAMS 0x000000071e800000, 0x000000071e800000| Untracked 
| 245|0x000000071ea00000, 0x000000071ea00000, 0x000000071ec00000|  0%| F|  |TAMS 0x000000071ea00000, 0x000000071ea00000| Untracked 
| 246|0x000000071ec00000, 0x000000071ec00000, 0x000000071ee00000|  0%| F|  |TAMS 0x000000071ec00000, 0x000000071ec00000| Untracked 
| 247|0x000000071ee00000, 0x000000071ee00000, 0x000000071f000000|  0%| F|  |TAMS 0x000000071ee00000, 0x000000071ee00000| Untracked 
| 248|0x000000071f000000, 0x000000071f000000, 0x000000071f200000|  0%| F|  |TAMS 0x000000071f000000, 0x000000071f000000| Untracked 
| 249|0x000000071f200000, 0x000000071f200000, 0x000000071f400000|  0%| F|  |TAMS 0x000000071f200000, 0x000000071f200000| Untracked 
| 250|0x000000071f400000, 0x000000071f400000, 0x000000071f600000|  0%| F|  |TAMS 0x000000071f400000, 0x000000071f400000| Untracked 
| 251|0x000000071f600000, 0x000000071f600000, 0x000000071f800000|  0%| F|  |TAMS 0x000000071f600000, 0x000000071f600000| Untracked 
| 252|0x000000071f800000, 0x000000071f800000, 0x000000071fa00000|  0%| F|  |TAMS 0x000000071f800000, 0x000000071f800000| Untracked 
| 253|0x000000071fa00000, 0x000000071fa00000, 0x000000071fc00000|  0%| F|  |TAMS 0x000000071fa00000, 0x000000071fa00000| Untracked 
| 254|0x000000071fc00000, 0x000000071fc00000, 0x000000071fe00000|  0%| F|  |TAMS 0x000000071fc00000, 0x000000071fc00000| Untracked 
| 255|0x000000071fe00000, 0x000000071fe00000, 0x0000000720000000|  0%| F|  |TAMS 0x000000071fe00000, 0x000000071fe00000| Untracked 
| 256|0x0000000720000000, 0x0000000720000000, 0x0000000720200000|  0%| F|  |TAMS 0x0000000720000000, 0x0000000720000000| Untracked 
| 257|0x0000000720200000, 0x0000000720200000, 0x0000000720400000|  0%| F|  |TAMS 0x0000000720200000, 0x0000000720200000| Untracked 
| 258|0x0000000720400000, 0x0000000720400000, 0x0000000720600000|  0%| F|  |TAMS 0x0000000720400000, 0x0000000720400000| Untracked 
| 259|0x0000000720600000, 0x0000000720600000, 0x0000000720800000|  0%| F|  |TAMS 0x0000000720600000, 0x0000000720600000| Untracked 
| 260|0x0000000720800000, 0x0000000720800000, 0x0000000720a00000|  0%| F|  |TAMS 0x0000000720800000, 0x0000000720800000| Untracked 
| 261|0x0000000720a00000, 0x0000000720a00000, 0x0000000720c00000|  0%| F|  |TAMS 0x0000000720a00000, 0x0000000720a00000| Untracked 
| 262|0x0000000720c00000, 0x0000000720c00000, 0x0000000720e00000|  0%| F|  |TAMS 0x0000000720c00000, 0x0000000720c00000| Untracked 
| 263|0x0000000720e00000, 0x0000000720e00000, 0x0000000721000000|  0%| F|  |TAMS 0x0000000720e00000, 0x0000000720e00000| Untracked 
| 264|0x0000000721000000, 0x0000000721000000, 0x0000000721200000|  0%| F|  |TAMS 0x0000000721000000, 0x0000000721000000| Untracked 
| 265|0x0000000721200000, 0x0000000721200000, 0x0000000721400000|  0%| F|  |TAMS 0x0000000721200000, 0x0000000721200000| Untracked 
| 266|0x0000000721400000, 0x0000000721400000, 0x0000000721600000|  0%| F|  |TAMS 0x0000000721400000, 0x0000000721400000| Untracked 
| 267|0x0000000721600000, 0x0000000721600000, 0x0000000721800000|  0%| F|  |TAMS 0x0000000721600000, 0x0000000721600000| Untracked 
| 268|0x0000000721800000, 0x0000000721800000, 0x0000000721a00000|  0%| F|  |TAMS 0x0000000721800000, 0x0000000721800000| Untracked 
| 269|0x0000000721a00000, 0x0000000721a00000, 0x0000000721c00000|  0%| F|  |TAMS 0x0000000721a00000, 0x0000000721a00000| Untracked 
| 270|0x0000000721c00000, 0x0000000721c00000, 0x0000000721e00000|  0%| F|  |TAMS 0x0000000721c00000, 0x0000000721c00000| Untracked 
| 271|0x0000000721e00000, 0x0000000721e00000, 0x0000000722000000|  0%| F|  |TAMS 0x0000000721e00000, 0x0000000721e00000| Untracked 
| 272|0x0000000722000000, 0x0000000722000000, 0x0000000722200000|  0%| F|  |TAMS 0x0000000722000000, 0x0000000722000000| Untracked 
| 273|0x0000000722200000, 0x0000000722200000, 0x0000000722400000|  0%| F|  |TAMS 0x0000000722200000, 0x0000000722200000| Untracked 
| 274|0x0000000722400000, 0x0000000722400000, 0x0000000722600000|  0%| F|  |TAMS 0x0000000722400000, 0x0000000722400000| Untracked 
| 275|0x0000000722600000, 0x0000000722600000, 0x0000000722800000|  0%| F|  |TAMS 0x0000000722600000, 0x0000000722600000| Untracked 
| 276|0x0000000722800000, 0x0000000722800000, 0x0000000722a00000|  0%| F|  |TAMS 0x0000000722800000, 0x0000000722800000| Untracked 
| 277|0x0000000722a00000, 0x0000000722a00000, 0x0000000722c00000|  0%| F|  |TAMS 0x0000000722a00000, 0x0000000722a00000| Untracked 
| 278|0x0000000722c00000, 0x0000000722c00000, 0x0000000722e00000|  0%| F|  |TAMS 0x0000000722c00000, 0x0000000722c00000| Untracked 
| 279|0x0000000722e00000, 0x0000000722e00000, 0x0000000723000000|  0%| F|  |TAMS 0x0000000722e00000, 0x0000000722e00000| Untracked 
| 280|0x0000000723000000, 0x0000000723000000, 0x0000000723200000|  0%| F|  |TAMS 0x0000000723000000, 0x0000000723000000| Untracked 
| 281|0x0000000723200000, 0x0000000723200000, 0x0000000723400000|  0%| F|  |TAMS 0x0000000723200000, 0x0000000723200000| Untracked 
| 282|0x0000000723400000, 0x0000000723400000, 0x0000000723600000|  0%| F|  |TAMS 0x0000000723400000, 0x0000000723400000| Untracked 
| 283|0x0000000723600000, 0x0000000723600000, 0x0000000723800000|  0%| F|  |TAMS 0x0000000723600000, 0x0000000723600000| Untracked 
| 284|0x0000000723800000, 0x0000000723800000, 0x0000000723a00000|  0%| F|  |TAMS 0x0000000723800000, 0x0000000723800000| Untracked 
| 285|0x0000000723a00000, 0x0000000723a00000, 0x0000000723c00000|  0%| F|  |TAMS 0x0000000723a00000, 0x0000000723a00000| Untracked 
| 286|0x0000000723c00000, 0x0000000723c00000, 0x0000000723e00000|  0%| F|  |TAMS 0x0000000723c00000, 0x0000000723c00000| Untracked 
| 287|0x0000000723e00000, 0x0000000723e00000, 0x0000000724000000|  0%| F|  |TAMS 0x0000000723e00000, 0x0000000723e00000| Untracked 
| 288|0x0000000724000000, 0x0000000724000000, 0x0000000724200000|  0%| F|  |TAMS 0x0000000724000000, 0x0000000724000000| Untracked 
| 289|0x0000000724200000, 0x0000000724200000, 0x0000000724400000|  0%| F|  |TAMS 0x0000000724200000, 0x0000000724200000| Untracked 
| 290|0x0000000724400000, 0x0000000724400000, 0x0000000724600000|  0%| F|  |TAMS 0x0000000724400000, 0x0000000724400000| Untracked 
| 291|0x0000000724600000, 0x0000000724600000, 0x0000000724800000|  0%| F|  |TAMS 0x0000000724600000, 0x0000000724600000| Untracked 
| 292|0x0000000724800000, 0x0000000724800000, 0x0000000724a00000|  0%| F|  |TAMS 0x0000000724800000, 0x0000000724800000| Untracked 
| 293|0x0000000724a00000, 0x0000000724a00000, 0x0000000724c00000|  0%| F|  |TAMS 0x0000000724a00000, 0x0000000724a00000| Untracked 
| 294|0x0000000724c00000, 0x0000000724c00000, 0x0000000724e00000|  0%| F|  |TAMS 0x0000000724c00000, 0x0000000724c00000| Untracked 
| 295|0x0000000724e00000, 0x0000000724e00000, 0x0000000725000000|  0%| F|  |TAMS 0x0000000724e00000, 0x0000000724e00000| Untracked 
| 296|0x0000000725000000, 0x0000000725000000, 0x0000000725200000|  0%| F|  |TAMS 0x0000000725000000, 0x0000000725000000| Untracked 
| 297|0x0000000725200000, 0x0000000725200000, 0x0000000725400000|  0%| F|  |TAMS 0x0000000725200000, 0x0000000725200000| Untracked 
| 298|0x0000000725400000, 0x0000000725400000, 0x0000000725600000|  0%| F|  |TAMS 0x0000000725400000, 0x0000000725400000| Untracked 
| 299|0x0000000725600000, 0x0000000725600000, 0x0000000725800000|  0%| F|  |TAMS 0x0000000725600000, 0x0000000725600000| Untracked 
| 300|0x0000000725800000, 0x0000000725800000, 0x0000000725a00000|  0%| F|  |TAMS 0x0000000725800000, 0x0000000725800000| Untracked 
| 301|0x0000000725a00000, 0x0000000725a00000, 0x0000000725c00000|  0%| F|  |TAMS 0x0000000725a00000, 0x0000000725a00000| Untracked 
| 302|0x0000000725c00000, 0x0000000725c00000, 0x0000000725e00000|  0%| F|  |TAMS 0x0000000725c00000, 0x0000000725c00000| Untracked 
| 303|0x0000000725e00000, 0x0000000725e00000, 0x0000000726000000|  0%| F|  |TAMS 0x0000000725e00000, 0x0000000725e00000| Untracked 
| 304|0x0000000726000000, 0x0000000726000000, 0x0000000726200000|  0%| F|  |TAMS 0x0000000726000000, 0x0000000726000000| Untracked 
| 305|0x0000000726200000, 0x0000000726200000, 0x0000000726400000|  0%| F|  |TAMS 0x0000000726200000, 0x0000000726200000| Untracked 
| 306|0x0000000726400000, 0x0000000726400000, 0x0000000726600000|  0%| F|  |TAMS 0x0000000726400000, 0x0000000726400000| Untracked 
| 307|0x0000000726600000, 0x0000000726600000, 0x0000000726800000|  0%| F|  |TAMS 0x0000000726600000, 0x0000000726600000| Untracked 
| 308|0x0000000726800000, 0x0000000726800000, 0x0000000726a00000|  0%| F|  |TAMS 0x0000000726800000, 0x0000000726800000| Untracked 
| 309|0x0000000726a00000, 0x0000000726a00000, 0x0000000726c00000|  0%| F|  |TAMS 0x0000000726a00000, 0x0000000726a00000| Untracked 
| 310|0x0000000726c00000, 0x0000000726c00000, 0x0000000726e00000|  0%| F|  |TAMS 0x0000000726c00000, 0x0000000726c00000| Untracked 
| 311|0x0000000726e00000, 0x0000000726e00000, 0x0000000727000000|  0%| F|  |TAMS 0x0000000726e00000, 0x0000000726e00000| Untracked 
| 312|0x0000000727000000, 0x0000000727000000, 0x0000000727200000|  0%| F|  |TAMS 0x0000000727000000, 0x0000000727000000| Untracked 
| 313|0x0000000727200000, 0x0000000727200000, 0x0000000727400000|  0%| F|  |TAMS 0x0000000727200000, 0x0000000727200000| Untracked 
| 314|0x0000000727400000, 0x0000000727400000, 0x0000000727600000|  0%| F|  |TAMS 0x0000000727400000, 0x0000000727400000| Untracked 
| 315|0x0000000727600000, 0x0000000727600000, 0x0000000727800000|  0%| F|  |TAMS 0x0000000727600000, 0x0000000727600000| Untracked 
| 316|0x0000000727800000, 0x0000000727800000, 0x0000000727a00000|  0%| F|  |TAMS 0x0000000727800000, 0x0000000727800000| Untracked 
| 317|0x0000000727a00000, 0x0000000727a00000, 0x0000000727c00000|  0%| F|  |TAMS 0x0000000727a00000, 0x0000000727a00000| Untracked 
| 318|0x0000000727c00000, 0x0000000727c00000, 0x0000000727e00000|  0%| F|  |TAMS 0x0000000727c00000, 0x0000000727c00000| Untracked 
| 319|0x0000000727e00000, 0x0000000727e00000, 0x0000000728000000|  0%| F|  |TAMS 0x0000000727e00000, 0x0000000727e00000| Untracked 
| 320|0x0000000728000000, 0x0000000728000000, 0x0000000728200000|  0%| F|  |TAMS 0x0000000728000000, 0x0000000728000000| Untracked 
| 321|0x0000000728200000, 0x0000000728200000, 0x0000000728400000|  0%| F|  |TAMS 0x0000000728200000, 0x0000000728200000| Untracked 
| 322|0x0000000728400000, 0x0000000728400000, 0x0000000728600000|  0%| F|  |TAMS 0x0000000728400000, 0x0000000728400000| Untracked 
| 323|0x0000000728600000, 0x0000000728600000, 0x0000000728800000|  0%| F|  |TAMS 0x0000000728600000, 0x0000000728600000| Untracked 
| 324|0x0000000728800000, 0x0000000728800000, 0x0000000728a00000|  0%| F|  |TAMS 0x0000000728800000, 0x0000000728800000| Untracked 
| 325|0x0000000728a00000, 0x0000000728a00000, 0x0000000728c00000|  0%| F|  |TAMS 0x0000000728a00000, 0x0000000728a00000| Untracked 
| 326|0x0000000728c00000, 0x0000000728c00000, 0x0000000728e00000|  0%| F|  |TAMS 0x0000000728c00000, 0x0000000728c00000| Untracked 
| 327|0x0000000728e00000, 0x0000000728e00000, 0x0000000729000000|  0%| F|  |TAMS 0x0000000728e00000, 0x0000000728e00000| Untracked 
| 328|0x0000000729000000, 0x0000000729000000, 0x0000000729200000|  0%| F|  |TAMS 0x0000000729000000, 0x0000000729000000| Untracked 
| 329|0x0000000729200000, 0x0000000729200000, 0x0000000729400000|  0%| F|  |TAMS 0x0000000729200000, 0x0000000729200000| Untracked 
| 330|0x0000000729400000, 0x0000000729400000, 0x0000000729600000|  0%| F|  |TAMS 0x0000000729400000, 0x0000000729400000| Untracked 
| 331|0x0000000729600000, 0x0000000729600000, 0x0000000729800000|  0%| F|  |TAMS 0x0000000729600000, 0x0000000729600000| Untracked 
| 332|0x0000000729800000, 0x0000000729800000, 0x0000000729a00000|  0%| F|  |TAMS 0x0000000729800000, 0x0000000729800000| Untracked 
| 333|0x0000000729a00000, 0x0000000729a00000, 0x0000000729c00000|  0%| F|  |TAMS 0x0000000729a00000, 0x0000000729a00000| Untracked 
| 334|0x0000000729c00000, 0x0000000729c00000, 0x0000000729e00000|  0%| F|  |TAMS 0x0000000729c00000, 0x0000000729c00000| Untracked 
| 335|0x0000000729e00000, 0x0000000729e00000, 0x000000072a000000|  0%| F|  |TAMS 0x0000000729e00000, 0x0000000729e00000| Untracked 
| 336|0x000000072a000000, 0x000000072a000000, 0x000000072a200000|  0%| F|  |TAMS 0x000000072a000000, 0x000000072a000000| Untracked 
| 337|0x000000072a200000, 0x000000072a200000, 0x000000072a400000|  0%| F|  |TAMS 0x000000072a200000, 0x000000072a200000| Untracked 
| 338|0x000000072a400000, 0x000000072a400000, 0x000000072a600000|  0%| F|  |TAMS 0x000000072a400000, 0x000000072a400000| Untracked 
| 339|0x000000072a600000, 0x000000072a600000, 0x000000072a800000|  0%| F|  |TAMS 0x000000072a600000, 0x000000072a600000| Untracked 
| 340|0x000000072a800000, 0x000000072a800000, 0x000000072aa00000|  0%| F|  |TAMS 0x000000072a800000, 0x000000072a800000| Untracked 
| 341|0x000000072aa00000, 0x000000072aa00000, 0x000000072ac00000|  0%| F|  |TAMS 0x000000072aa00000, 0x000000072aa00000| Untracked 
| 342|0x000000072ac00000, 0x000000072ac00000, 0x000000072ae00000|  0%| F|  |TAMS 0x000000072ac00000, 0x000000072ac00000| Untracked 
| 343|0x000000072ae00000, 0x000000072ae00000, 0x000000072b000000|  0%| F|  |TAMS 0x000000072ae00000, 0x000000072ae00000| Untracked 
| 344|0x000000072b000000, 0x000000072b000000, 0x000000072b200000|  0%| F|  |TAMS 0x000000072b000000, 0x000000072b000000| Untracked 
| 345|0x000000072b200000, 0x000000072b200000, 0x000000072b400000|  0%| F|  |TAMS 0x000000072b200000, 0x000000072b200000| Untracked 
| 346|0x000000072b400000, 0x000000072b400000, 0x000000072b600000|  0%| F|  |TAMS 0x000000072b400000, 0x000000072b400000| Untracked 
| 347|0x000000072b600000, 0x000000072b600000, 0x000000072b800000|  0%| F|  |TAMS 0x000000072b600000, 0x000000072b600000| Untracked 
| 348|0x000000072b800000, 0x000000072b800000, 0x000000072ba00000|  0%| F|  |TAMS 0x000000072b800000, 0x000000072b800000| Untracked 
| 349|0x000000072ba00000, 0x000000072ba00000, 0x000000072bc00000|  0%| F|  |TAMS 0x000000072ba00000, 0x000000072ba00000| Untracked 
| 350|0x000000072bc00000, 0x000000072bc00000, 0x000000072be00000|  0%| F|  |TAMS 0x000000072bc00000, 0x000000072bc00000| Untracked 
| 351|0x000000072be00000, 0x000000072be00000, 0x000000072c000000|  0%| F|  |TAMS 0x000000072be00000, 0x000000072be00000| Untracked 
| 352|0x000000072c000000, 0x000000072c000000, 0x000000072c200000|  0%| F|  |TAMS 0x000000072c000000, 0x000000072c000000| Untracked 
| 353|0x000000072c200000, 0x000000072c200000, 0x000000072c400000|  0%| F|  |TAMS 0x000000072c200000, 0x000000072c200000| Untracked 
| 354|0x000000072c400000, 0x000000072c400000, 0x000000072c600000|  0%| F|  |TAMS 0x000000072c400000, 0x000000072c400000| Untracked 
| 355|0x000000072c600000, 0x000000072c600000, 0x000000072c800000|  0%| F|  |TAMS 0x000000072c600000, 0x000000072c600000| Untracked 
| 356|0x000000072c800000, 0x000000072c800000, 0x000000072ca00000|  0%| F|  |TAMS 0x000000072c800000, 0x000000072c800000| Untracked 
| 357|0x000000072ca00000, 0x000000072ca00000, 0x000000072cc00000|  0%| F|  |TAMS 0x000000072ca00000, 0x000000072ca00000| Untracked 
| 358|0x000000072cc00000, 0x000000072cc00000, 0x000000072ce00000|  0%| F|  |TAMS 0x000000072cc00000, 0x000000072cc00000| Untracked 
| 359|0x000000072ce00000, 0x000000072ce00000, 0x000000072d000000|  0%| F|  |TAMS 0x000000072ce00000, 0x000000072ce00000| Untracked 
| 360|0x000000072d000000, 0x000000072d000000, 0x000000072d200000|  0%| F|  |TAMS 0x000000072d000000, 0x000000072d000000| Untracked 
| 361|0x000000072d200000, 0x000000072d200000, 0x000000072d400000|  0%| F|  |TAMS 0x000000072d200000, 0x000000072d200000| Untracked 
| 362|0x000000072d400000, 0x000000072d400000, 0x000000072d600000|  0%| F|  |TAMS 0x000000072d400000, 0x000000072d400000| Untracked 
| 363|0x000000072d600000, 0x000000072d600000, 0x000000072d800000|  0%| F|  |TAMS 0x000000072d600000, 0x000000072d600000| Untracked 
| 364|0x000000072d800000, 0x000000072d800000, 0x000000072da00000|  0%| F|  |TAMS 0x000000072d800000, 0x000000072d800000| Untracked 
| 365|0x000000072da00000, 0x000000072da00000, 0x000000072dc00000|  0%| F|  |TAMS 0x000000072da00000, 0x000000072da00000| Untracked 
| 366|0x000000072dc00000, 0x000000072dc00000, 0x000000072de00000|  0%| F|  |TAMS 0x000000072dc00000, 0x000000072dc00000| Untracked 
| 367|0x000000072de00000, 0x000000072de00000, 0x000000072e000000|  0%| F|  |TAMS 0x000000072de00000, 0x000000072de00000| Untracked 
| 368|0x000000072e000000, 0x000000072e000000, 0x000000072e200000|  0%| F|  |TAMS 0x000000072e000000, 0x000000072e000000| Untracked 
| 369|0x000000072e200000, 0x000000072e200000, 0x000000072e400000|  0%| F|  |TAMS 0x000000072e200000, 0x000000072e200000| Untracked 
| 370|0x000000072e400000, 0x000000072e400000, 0x000000072e600000|  0%| F|  |TAMS 0x000000072e400000, 0x000000072e400000| Untracked 
| 371|0x000000072e600000, 0x000000072e600000, 0x000000072e800000|  0%| F|  |TAMS 0x000000072e600000, 0x000000072e600000| Untracked 
| 372|0x000000072e800000, 0x000000072e800000, 0x000000072ea00000|  0%| F|  |TAMS 0x000000072e800000, 0x000000072e800000| Untracked 
| 373|0x000000072ea00000, 0x000000072ea00000, 0x000000072ec00000|  0%| F|  |TAMS 0x000000072ea00000, 0x000000072ea00000| Untracked 
| 374|0x000000072ec00000, 0x000000072ec00000, 0x000000072ee00000|  0%| F|  |TAMS 0x000000072ec00000, 0x000000072ec00000| Untracked 
| 375|0x000000072ee00000, 0x000000072ee00000, 0x000000072f000000|  0%| F|  |TAMS 0x000000072ee00000, 0x000000072ee00000| Untracked 
| 376|0x000000072f000000, 0x000000072f000000, 0x000000072f200000|  0%| F|  |TAMS 0x000000072f000000, 0x000000072f000000| Untracked 
| 377|0x000000072f200000, 0x000000072f200000, 0x000000072f400000|  0%| F|  |TAMS 0x000000072f200000, 0x000000072f200000| Untracked 
| 378|0x000000072f400000, 0x000000072f400000, 0x000000072f600000|  0%| F|  |TAMS 0x000000072f400000, 0x000000072f400000| Untracked 
| 379|0x000000072f600000, 0x000000072f600000, 0x000000072f800000|  0%| F|  |TAMS 0x000000072f600000, 0x000000072f600000| Untracked 
| 380|0x000000072f800000, 0x000000072f800000, 0x000000072fa00000|  0%| F|  |TAMS 0x000000072f800000, 0x000000072f800000| Untracked 
| 381|0x000000072fa00000, 0x000000072fa00000, 0x000000072fc00000|  0%| F|  |TAMS 0x000000072fa00000, 0x000000072fa00000| Untracked 
| 382|0x000000072fc00000, 0x000000072fc00000, 0x000000072fe00000|  0%| F|  |TAMS 0x000000072fc00000, 0x000000072fc00000| Untracked 
| 383|0x000000072fe00000, 0x000000072fe00000, 0x0000000730000000|  0%| F|  |TAMS 0x000000072fe00000, 0x000000072fe00000| Untracked 
| 384|0x0000000730000000, 0x0000000730000000, 0x0000000730200000|  0%| F|  |TAMS 0x0000000730000000, 0x0000000730000000| Untracked 
| 385|0x0000000730200000, 0x0000000730200000, 0x0000000730400000|  0%| F|  |TAMS 0x0000000730200000, 0x0000000730200000| Untracked 
| 386|0x0000000730400000, 0x0000000730400000, 0x0000000730600000|  0%| F|  |TAMS 0x0000000730400000, 0x0000000730400000| Untracked 
| 387|0x0000000730600000, 0x0000000730600000, 0x0000000730800000|  0%| F|  |TAMS 0x0000000730600000, 0x0000000730600000| Untracked 
| 388|0x0000000730800000, 0x0000000730800000, 0x0000000730a00000|  0%| F|  |TAMS 0x0000000730800000, 0x0000000730800000| Untracked 
| 389|0x0000000730a00000, 0x0000000730a00000, 0x0000000730c00000|  0%| F|  |TAMS 0x0000000730a00000, 0x0000000730a00000| Untracked 
| 390|0x0000000730c00000, 0x0000000730c00000, 0x0000000730e00000|  0%| F|  |TAMS 0x0000000730c00000, 0x0000000730c00000| Untracked 
| 391|0x0000000730e00000, 0x0000000730e00000, 0x0000000731000000|  0%| F|  |TAMS 0x0000000730e00000, 0x0000000730e00000| Untracked 
| 392|0x0000000731000000, 0x0000000731000000, 0x0000000731200000|  0%| F|  |TAMS 0x0000000731000000, 0x0000000731000000| Untracked 
| 393|0x0000000731200000, 0x0000000731200000, 0x0000000731400000|  0%| F|  |TAMS 0x0000000731200000, 0x0000000731200000| Untracked 
| 394|0x0000000731400000, 0x0000000731400000, 0x0000000731600000|  0%| F|  |TAMS 0x0000000731400000, 0x0000000731400000| Untracked 
| 395|0x0000000731600000, 0x0000000731600000, 0x0000000731800000|  0%| F|  |TAMS 0x0000000731600000, 0x0000000731600000| Untracked 
| 396|0x0000000731800000, 0x0000000731800000, 0x0000000731a00000|  0%| F|  |TAMS 0x0000000731800000, 0x0000000731800000| Untracked 
| 397|0x0000000731a00000, 0x0000000731a00000, 0x0000000731c00000|  0%| F|  |TAMS 0x0000000731a00000, 0x0000000731a00000| Untracked 
| 398|0x0000000731c00000, 0x0000000731c00000, 0x0000000731e00000|  0%| F|  |TAMS 0x0000000731c00000, 0x0000000731c00000| Untracked 
| 399|0x0000000731e00000, 0x0000000731e00000, 0x0000000732000000|  0%| F|  |TAMS 0x0000000731e00000, 0x0000000731e00000| Untracked 
| 400|0x0000000732000000, 0x0000000732000000, 0x0000000732200000|  0%| F|  |TAMS 0x0000000732000000, 0x0000000732000000| Untracked 
| 401|0x0000000732200000, 0x0000000732200000, 0x0000000732400000|  0%| F|  |TAMS 0x0000000732200000, 0x0000000732200000| Untracked 
| 402|0x0000000732400000, 0x0000000732400000, 0x0000000732600000|  0%| F|  |TAMS 0x0000000732400000, 0x0000000732400000| Untracked 
| 403|0x0000000732600000, 0x0000000732600000, 0x0000000732800000|  0%| F|  |TAMS 0x0000000732600000, 0x0000000732600000| Untracked 
| 404|0x0000000732800000, 0x0000000732800000, 0x0000000732a00000|  0%| F|  |TAMS 0x0000000732800000, 0x0000000732800000| Untracked 
| 405|0x0000000732a00000, 0x0000000732a00000, 0x0000000732c00000|  0%| F|  |TAMS 0x0000000732a00000, 0x0000000732a00000| Untracked 
| 406|0x0000000732c00000, 0x0000000732c00000, 0x0000000732e00000|  0%| F|  |TAMS 0x0000000732c00000, 0x0000000732c00000| Untracked 
| 407|0x0000000732e00000, 0x0000000732e00000, 0x0000000733000000|  0%| F|  |TAMS 0x0000000732e00000, 0x0000000732e00000| Untracked 
| 408|0x0000000733000000, 0x0000000733000000, 0x0000000733200000|  0%| F|  |TAMS 0x0000000733000000, 0x0000000733000000| Untracked 
| 409|0x0000000733200000, 0x0000000733200000, 0x0000000733400000|  0%| F|  |TAMS 0x0000000733200000, 0x0000000733200000| Untracked 
| 410|0x0000000733400000, 0x0000000733400000, 0x0000000733600000|  0%| F|  |TAMS 0x0000000733400000, 0x0000000733400000| Untracked 
| 411|0x0000000733600000, 0x0000000733600000, 0x0000000733800000|  0%| F|  |TAMS 0x0000000733600000, 0x0000000733600000| Untracked 
| 412|0x0000000733800000, 0x0000000733800000, 0x0000000733a00000|  0%| F|  |TAMS 0x0000000733800000, 0x0000000733800000| Untracked 
| 413|0x0000000733a00000, 0x0000000733a00000, 0x0000000733c00000|  0%| F|  |TAMS 0x0000000733a00000, 0x0000000733a00000| Untracked 
| 414|0x0000000733c00000, 0x0000000733c00000, 0x0000000733e00000|  0%| F|  |TAMS 0x0000000733c00000, 0x0000000733c00000| Untracked 
| 415|0x0000000733e00000, 0x0000000733e00000, 0x0000000734000000|  0%| F|  |TAMS 0x0000000733e00000, 0x0000000733e00000| Untracked 
| 416|0x0000000734000000, 0x0000000734000000, 0x0000000734200000|  0%| F|  |TAMS 0x0000000734000000, 0x0000000734000000| Untracked 
| 417|0x0000000734200000, 0x0000000734200000, 0x0000000734400000|  0%| F|  |TAMS 0x0000000734200000, 0x0000000734200000| Untracked 
| 418|0x0000000734400000, 0x0000000734400000, 0x0000000734600000|  0%| F|  |TAMS 0x0000000734400000, 0x0000000734400000| Untracked 
| 419|0x0000000734600000, 0x0000000734600000, 0x0000000734800000|  0%| F|  |TAMS 0x0000000734600000, 0x0000000734600000| Untracked 
| 420|0x0000000734800000, 0x0000000734800000, 0x0000000734a00000|  0%| F|  |TAMS 0x0000000734800000, 0x0000000734800000| Untracked 
| 421|0x0000000734a00000, 0x0000000734a00000, 0x0000000734c00000|  0%| F|  |TAMS 0x0000000734a00000, 0x0000000734a00000| Untracked 
| 422|0x0000000734c00000, 0x0000000734c00000, 0x0000000734e00000|  0%| F|  |TAMS 0x0000000734c00000, 0x0000000734c00000| Untracked 
| 423|0x0000000734e00000, 0x0000000734e00000, 0x0000000735000000|  0%| F|  |TAMS 0x0000000734e00000, 0x0000000734e00000| Untracked 
| 424|0x0000000735000000, 0x0000000735000000, 0x0000000735200000|  0%| F|  |TAMS 0x0000000735000000, 0x0000000735000000| Untracked 
| 425|0x0000000735200000, 0x0000000735200000, 0x0000000735400000|  0%| F|  |TAMS 0x0000000735200000, 0x0000000735200000| Untracked 
| 426|0x0000000735400000, 0x0000000735400000, 0x0000000735600000|  0%| F|  |TAMS 0x0000000735400000, 0x0000000735400000| Untracked 
| 427|0x0000000735600000, 0x0000000735600000, 0x0000000735800000|  0%| F|  |TAMS 0x0000000735600000, 0x0000000735600000| Untracked 
| 428|0x0000000735800000, 0x0000000735800000, 0x0000000735a00000|  0%| F|  |TAMS 0x0000000735800000, 0x0000000735800000| Untracked 
| 429|0x0000000735a00000, 0x0000000735a00000, 0x0000000735c00000|  0%| F|  |TAMS 0x0000000735a00000, 0x0000000735a00000| Untracked 
| 430|0x0000000735c00000, 0x0000000735c00000, 0x0000000735e00000|  0%| F|  |TAMS 0x0000000735c00000, 0x0000000735c00000| Untracked 
| 431|0x0000000735e00000, 0x0000000735e00000, 0x0000000736000000|  0%| F|  |TAMS 0x0000000735e00000, 0x0000000735e00000| Untracked 
| 432|0x0000000736000000, 0x0000000736000000, 0x0000000736200000|  0%| F|  |TAMS 0x0000000736000000, 0x0000000736000000| Untracked 
| 433|0x0000000736200000, 0x0000000736200000, 0x0000000736400000|  0%| F|  |TAMS 0x0000000736200000, 0x0000000736200000| Untracked 
| 434|0x0000000736400000, 0x0000000736400000, 0x0000000736600000|  0%| F|  |TAMS 0x0000000736400000, 0x0000000736400000| Untracked 
| 435|0x0000000736600000, 0x0000000736600000, 0x0000000736800000|  0%| F|  |TAMS 0x0000000736600000, 0x0000000736600000| Untracked 
| 436|0x0000000736800000, 0x0000000736800000, 0x0000000736a00000|  0%| F|  |TAMS 0x0000000736800000, 0x0000000736800000| Untracked 
| 437|0x0000000736a00000, 0x0000000736a00000, 0x0000000736c00000|  0%| F|  |TAMS 0x0000000736a00000, 0x0000000736a00000| Untracked 
| 438|0x0000000736c00000, 0x0000000736c00000, 0x0000000736e00000|  0%| F|  |TAMS 0x0000000736c00000, 0x0000000736c00000| Untracked 
| 439|0x0000000736e00000, 0x0000000736e00000, 0x0000000737000000|  0%| F|  |TAMS 0x0000000736e00000, 0x0000000736e00000| Untracked 
| 440|0x0000000737000000, 0x0000000737000000, 0x0000000737200000|  0%| F|  |TAMS 0x0000000737000000, 0x0000000737000000| Untracked 
| 441|0x0000000737200000, 0x0000000737200000, 0x0000000737400000|  0%| F|  |TAMS 0x0000000737200000, 0x0000000737200000| Untracked 
| 442|0x0000000737400000, 0x0000000737400000, 0x0000000737600000|  0%| F|  |TAMS 0x0000000737400000, 0x0000000737400000| Untracked 
| 443|0x0000000737600000, 0x0000000737600000, 0x0000000737800000|  0%| F|  |TAMS 0x0000000737600000, 0x0000000737600000| Untracked 
| 444|0x0000000737800000, 0x0000000737800000, 0x0000000737a00000|  0%| F|  |TAMS 0x0000000737800000, 0x0000000737800000| Untracked 
| 445|0x0000000737a00000, 0x0000000737a00000, 0x0000000737c00000|  0%| F|  |TAMS 0x0000000737a00000, 0x0000000737a00000| Untracked 
| 446|0x0000000737c00000, 0x0000000737c00000, 0x0000000737e00000|  0%| F|  |TAMS 0x0000000737c00000, 0x0000000737c00000| Untracked 
| 447|0x0000000737e00000, 0x0000000737e00000, 0x0000000738000000|  0%| F|  |TAMS 0x0000000737e00000, 0x0000000737e00000| Untracked 
| 448|0x0000000738000000, 0x0000000738000000, 0x0000000738200000|  0%| F|  |TAMS 0x0000000738000000, 0x0000000738000000| Untracked 
| 449|0x0000000738200000, 0x0000000738200000, 0x0000000738400000|  0%| F|  |TAMS 0x0000000738200000, 0x0000000738200000| Untracked 
| 450|0x0000000738400000, 0x0000000738400000, 0x0000000738600000|  0%| F|  |TAMS 0x0000000738400000, 0x0000000738400000| Untracked 
| 451|0x0000000738600000, 0x0000000738600000, 0x0000000738800000|  0%| F|  |TAMS 0x0000000738600000, 0x0000000738600000| Untracked 
| 452|0x0000000738800000, 0x0000000738800000, 0x0000000738a00000|  0%| F|  |TAMS 0x0000000738800000, 0x0000000738800000| Untracked 
| 453|0x0000000738a00000, 0x0000000738a00000, 0x0000000738c00000|  0%| F|  |TAMS 0x0000000738a00000, 0x0000000738a00000| Untracked 
| 454|0x0000000738c00000, 0x0000000738c00000, 0x0000000738e00000|  0%| F|  |TAMS 0x0000000738c00000, 0x0000000738c00000| Untracked 
| 455|0x0000000738e00000, 0x0000000738e00000, 0x0000000739000000|  0%| F|  |TAMS 0x0000000738e00000, 0x0000000738e00000| Untracked 
| 456|0x0000000739000000, 0x0000000739000000, 0x0000000739200000|  0%| F|  |TAMS 0x0000000739000000, 0x0000000739000000| Untracked 
| 457|0x0000000739200000, 0x0000000739200000, 0x0000000739400000|  0%| F|  |TAMS 0x0000000739200000, 0x0000000739200000| Untracked 
| 458|0x0000000739400000, 0x0000000739400000, 0x0000000739600000|  0%| F|  |TAMS 0x0000000739400000, 0x0000000739400000| Untracked 
| 459|0x0000000739600000, 0x0000000739600000, 0x0000000739800000|  0%| F|  |TAMS 0x0000000739600000, 0x0000000739600000| Untracked 
| 460|0x0000000739800000, 0x0000000739800000, 0x0000000739a00000|  0%| F|  |TAMS 0x0000000739800000, 0x0000000739800000| Untracked 
| 461|0x0000000739a00000, 0x0000000739a00000, 0x0000000739c00000|  0%| F|  |TAMS 0x0000000739a00000, 0x0000000739a00000| Untracked 
| 462|0x0000000739c00000, 0x0000000739c00000, 0x0000000739e00000|  0%| F|  |TAMS 0x0000000739c00000, 0x0000000739c00000| Untracked 
| 463|0x0000000739e00000, 0x0000000739e00000, 0x000000073a000000|  0%| F|  |TAMS 0x0000000739e00000, 0x0000000739e00000| Untracked 
| 464|0x000000073a000000, 0x000000073a000000, 0x000000073a200000|  0%| F|  |TAMS 0x000000073a000000, 0x000000073a000000| Untracked 
| 465|0x000000073a200000, 0x000000073a200000, 0x000000073a400000|  0%| F|  |TAMS 0x000000073a200000, 0x000000073a200000| Untracked 
| 466|0x000000073a400000, 0x000000073a400000, 0x000000073a600000|  0%| F|  |TAMS 0x000000073a400000, 0x000000073a400000| Untracked 
| 467|0x000000073a600000, 0x000000073a6f9da0, 0x000000073a800000| 48%| S|CS|TAMS 0x000000073a600000, 0x000000073a600000| Complete 
| 468|0x000000073a800000, 0x000000073aa00000, 0x000000073aa00000|100%| S|CS|TAMS 0x000000073a800000, 0x000000073a800000| Complete 
| 469|0x000000073aa00000, 0x000000073ac00000, 0x000000073ac00000|100%| S|CS|TAMS 0x000000073aa00000, 0x000000073aa00000| Complete 
| 470|0x000000073ac00000, 0x000000073ae00000, 0x000000073ae00000|100%| S|CS|TAMS 0x000000073ac00000, 0x000000073ac00000| Complete 
| 471|0x000000073ae00000, 0x000000073b000000, 0x000000073b000000|100%| S|CS|TAMS 0x000000073ae00000, 0x000000073ae00000| Complete 
| 472|0x000000073b000000, 0x000000073b200000, 0x000000073b200000|100%| S|CS|TAMS 0x000000073b000000, 0x000000073b000000| Complete 
| 473|0x000000073b200000, 0x000000073b200000, 0x000000073b400000|  0%| F|  |TAMS 0x000000073b200000, 0x000000073b200000| Untracked 
| 474|0x000000073b400000, 0x000000073b400000, 0x000000073b600000|  0%| F|  |TAMS 0x000000073b400000, 0x000000073b400000| Untracked 
| 475|0x000000073b600000, 0x000000073b600000, 0x000000073b800000|  0%| F|  |TAMS 0x000000073b600000, 0x000000073b600000| Untracked 
| 476|0x000000073b800000, 0x000000073b800000, 0x000000073ba00000|  0%| F|  |TAMS 0x000000073b800000, 0x000000073b800000| Untracked 
| 477|0x000000073ba00000, 0x000000073ba00000, 0x000000073bc00000|  0%| F|  |TAMS 0x000000073ba00000, 0x000000073ba00000| Untracked 
| 478|0x000000073bc00000, 0x000000073bc00000, 0x000000073be00000|  0%| F|  |TAMS 0x000000073bc00000, 0x000000073bc00000| Untracked 
| 479|0x000000073be00000, 0x000000073be00000, 0x000000073c000000|  0%| F|  |TAMS 0x000000073be00000, 0x000000073be00000| Untracked 

Card table byte_map: [0x00000246fa920000,0x00000246fb120000] _byte_map_base: 0x00000246f7120000

Marking Bits (Prev, Next): (CMBitMap*) 0x00000246e7cc4200, (CMBitMap*) 0x00000246e7cc4240
 Prev Bits: [0x00000246fb920000, 0x00000246ff920000)
 Next Bits: [0x0000024680000000, 0x0000024684000000)

Polling page: 0x00000246e7420000

Metaspace:

Usage:
  Non-class:     93.49 MB used.
      Class:     14.76 MB used.
       Both:    108.26 MB used.

Virtual space:
  Non-class space:       96.00 MB reserved,      94.31 MB ( 98%) committed,  12 nodes.
      Class space:        1.00 GB reserved,      15.31 MB (  1%) committed,  1 nodes.
             Both:        1.09 GB reserved,     109.62 MB ( 10%) committed. 

Chunk freelists:
   Non-Class:  1.66 MB
       Class:  710.00 KB
        Both:  2.35 MB

MaxMetaspaceSize: unlimited
CompressedClassSpaceSize: 1.00 GB
Initial GC threshold: 21.00 MB
Current GC threshold: 178.06 MB
CDS: off
MetaspaceReclaimPolicy: balanced
 - commit_granule_bytes: 65536.
 - commit_granule_words: 8192.
 - virtual_space_node_default_size: 1048576.
 - enlarge_chunks_in_place: 1.
 - new_chunks_are_fully_committed: 0.
 - uncommit_free_chunks: 1.
 - use_allocation_guard: 0.
 - handle_deallocations: 1.


Internal statistics:

num_allocs_failed_limit: 11.
num_arena_births: 1828.
num_arena_deaths: 6.
num_vsnodes_births: 13.
num_vsnodes_deaths: 0.
num_space_committed: 1754.
num_space_uncommitted: 0.
num_chunks_returned_to_freelist: 17.
num_chunks_taken_from_freelist: 6428.
num_chunk_merges: 8.
num_chunk_splits: 3987.
num_chunks_enlarged: 2339.
num_purges: 2.
num_inconsistent_stats: 0.

CodeHeap 'non-profiled nmethods': size=120000Kb used=11118Kb max_used=11118Kb free=108881Kb
 bounds [0x00000246f2bf0000, 0x00000246f36e0000, 0x00000246fa120000]
CodeHeap 'profiled nmethods': size=120000Kb used=29758Kb max_used=29758Kb free=90241Kb
 bounds [0x00000246eb120000, 0x00000246ece40000, 0x00000246f2650000]
CodeHeap 'non-nmethods': size=5760Kb used=2431Kb max_used=2485Kb free=3328Kb
 bounds [0x00000246f2650000, 0x00000246f28d0000, 0x00000246f2bf0000]
 total_blobs=16172 nmethods=15206 adapters=877
 compilation: enabled
              stopped_count=0, restarted_count=0
 full_count=0

Compilation events (20 events):
Event: 77.085 Thread 0x000002468685e3c0 18370       4       java.nio.Buffer::remaining (20 bytes)
Event: 77.086 Thread 0x000002468685e3c0 nmethod 18370 0x00000246f34cb990 code [0x00000246f34cbb00, 0x00000246f34cbb98]
Event: 77.255 Thread 0x0000024686860990 18371       1       com.android.apksig.internal.apk.ApkSigningBlockUtils$ChunkDigests::access$1000 (5 bytes)
Event: 77.255 Thread 0x0000024686860990 nmethod 18371 0x00000246f34cb690 code [0x00000246f34cb820, 0x00000246f34cb8d8]
Event: 77.328 Thread 0x000002468685e3c0 18372       4       java.nio.channels.spi.AbstractInterruptibleChannel::begin (48 bytes)
Event: 77.334 Thread 0x000002468685e3c0 nmethod 18372 0x00000246f34cae10 code [0x00000246f34cafa0, 0x00000246f34cb478]
Event: 77.334 Thread 0x000002468685e3c0 18373       4       java.nio.channels.spi.AbstractInterruptibleChannel::end (53 bytes)
Event: 77.336 Thread 0x000002468685e3c0 nmethod 18373 0x00000246f34ca810 code [0x00000246f34ca9a0, 0x00000246f34cac78]
Event: 77.476 Thread 0x0000024686860990 18374       3       sun.nio.ch.Util::getTemporaryDirectBuffer (55 bytes)
Event: 77.477 Thread 0x0000024686860990 nmethod 18374 0x00000246ece2fb10 code [0x00000246ece2fd80, 0x00000246ece307a8]
Event: 77.492 Thread 0x000002468685e3c0 18375       4       java.nio.ByteBuffer::put (124 bytes)
Event: 77.504 Thread 0x000002468685e3c0 nmethod 18375 0x00000246f34c9610 code [0x00000246f34c97e0, 0x00000246f34c9f58]
Event: 77.506 Thread 0x0000024686860990 18376   !   3       sun.nio.ch.IOUtil::read (133 bytes)
Event: 77.507 Thread 0x0000024686860990 nmethod 18376 0x00000246ece30a90 code [0x00000246ece30d00, 0x00000246ece31648]
Event: 77.526 Thread 0x000002468685e3c0 18377       4       sun.nio.ch.IOUtil::read (14 bytes)
Event: 77.573 Thread 0x0000024686860990 18379   !   3       com.android.apksig.internal.util.FileChannelDataSource::size (27 bytes)
Event: 77.574 Thread 0x0000024686860990 nmethod 18379 0x00000246ece31a10 code [0x00000246ece31bc0, 0x00000246ece31de8]
Event: 77.585 Thread 0x000002468685e3c0 nmethod 18377 0x00000246f354fc90 code [0x00000246f354ff80, 0x00000246f3551588]
Event: 77.585 Thread 0x000002468685e3c0 18378   !   4       sun.nio.ch.IOUtil::readIntoNativeBuffer (173 bytes)
Event: 77.590 Thread 0x000002468685e3c0 nmethod 18378 0x00000246f34c8b90 code [0x00000246f34c8d60, 0x00000246f34c90a8]

GC Heap History (20 events):
Event: 69.881 GC heap after
{Heap after GC invocations=62 (full 0):
 garbage-first heap   total 335872K, used 231459K [0x0000000700000000, 0x0000000800000000)
  region size 2048K, 3 young (6144K), 3 survivors (6144K)
 Metaspace       used 108005K, committed 109376K, reserved 1146880K
  class space    used 14753K, committed 15296K, reserved 1048576K
}
Event: 71.259 GC heap before
{Heap before GC invocations=63 (full 0):
 garbage-first heap   total 491520K, used 311331K [0x0000000700000000, 0x0000000800000000)
  region size 2048K, 24 young (49152K), 3 survivors (6144K)
 Metaspace       used 108034K, committed 109376K, reserved 1146880K
  class space    used 14753K, committed 15296K, reserved 1048576K
}
Event: 71.272 GC heap after
{Heap after GC invocations=64 (full 0):
 garbage-first heap   total 491520K, used 274261K [0x0000000700000000, 0x0000000800000000)
  region size 2048K, 2 young (4096K), 2 survivors (4096K)
 Metaspace       used 108034K, committed 109376K, reserved 1146880K
  class space    used 14753K, committed 15296K, reserved 1048576K
}
Event: 71.601 GC heap before
{Heap before GC invocations=64 (full 0):
 garbage-first heap   total 491520K, used 292693K [0x0000000700000000, 0x0000000800000000)
  region size 2048K, 13 young (26624K), 2 survivors (4096K)
 Metaspace       used 108046K, committed 109376K, reserved 1146880K
  class space    used 14754K, committed 15296K, reserved 1048576K
}
Event: 71.613 GC heap after
{Heap after GC invocations=65 (full 0):
 garbage-first heap   total 491520K, used 270785K [0x0000000700000000, 0x0000000800000000)
  region size 2048K, 2 young (4096K), 2 survivors (4096K)
 Metaspace       used 108046K, committed 109376K, reserved 1146880K
  class space    used 14754K, committed 15296K, reserved 1048576K
}
Event: 75.240 GC heap before
{Heap before GC invocations=65 (full 0):
 garbage-first heap   total 491520K, used 408001K [0x0000000700000000, 0x0000000800000000)
  region size 2048K, 70 young (143360K), 2 survivors (4096K)
 Metaspace       used 110504K, committed 111936K, reserved 1146880K
  class space    used 15071K, committed 15680K, reserved 1048576K
}
Event: 75.264 GC heap after
{Heap after GC invocations=66 (full 0):
 garbage-first heap   total 491520K, used 238292K [0x0000000700000000, 0x0000000800000000)
  region size 2048K, 6 young (12288K), 6 survivors (12288K)
 Metaspace       used 110504K, committed 111936K, reserved 1146880K
  class space    used 15071K, committed 15680K, reserved 1048576K
}
Event: 76.889 GC heap before
{Heap before GC invocations=66 (full 0):
 garbage-first heap   total 491520K, used 295636K [0x0000000700000000, 0x0000000800000000)
  region size 2048K, 32 young (65536K), 6 survivors (12288K)
 Metaspace       used 110853K, committed 112256K, reserved 1146880K
  class space    used 15117K, committed 15680K, reserved 1048576K
}
Event: 76.905 GC heap after
{Heap after GC invocations=67 (full 0):
 garbage-first heap   total 491520K, used 248011K [0x0000000700000000, 0x0000000800000000)
  region size 2048K, 7 young (14336K), 7 survivors (14336K)
 Metaspace       used 110853K, committed 112256K, reserved 1146880K
  class space    used 15117K, committed 15680K, reserved 1048576K
}
Event: 76.932 GC heap before
{Heap before GC invocations=67 (full 0):
 garbage-first heap   total 491520K, used 254155K [0x0000000700000000, 0x0000000800000000)
  region size 2048K, 8 young (16384K), 7 survivors (14336K)
 Metaspace       used 110853K, committed 112256K, reserved 1146880K
  class space    used 15117K, committed 15680K, reserved 1048576K
}
Event: 76.948 GC heap after
{Heap after GC invocations=68 (full 0):
 garbage-first heap   total 491520K, used 246367K [0x0000000700000000, 0x0000000800000000)
  region size 2048K, 6 young (12288K), 6 survivors (12288K)
 Metaspace       used 110853K, committed 112256K, reserved 1146880K
  class space    used 15117K, committed 15680K, reserved 1048576K
}
Event: 76.955 GC heap before
{Heap before GC invocations=68 (full 0):
 garbage-first heap   total 491520K, used 248415K [0x0000000700000000, 0x0000000800000000)
  region size 2048K, 7 young (14336K), 6 survivors (12288K)
 Metaspace       used 110853K, committed 112256K, reserved 1146880K
  class space    used 15117K, committed 15680K, reserved 1048576K
}
Event: 76.973 GC heap after
{Heap after GC invocations=69 (full 0):
 garbage-first heap   total 983040K, used 245998K [0x0000000700000000, 0x0000000800000000)
  region size 2048K, 6 young (12288K), 6 survivors (12288K)
 Metaspace       used 110853K, committed 112256K, reserved 1146880K
  class space    used 15117K, committed 15680K, reserved 1048576K
}
Event: 77.112 GC heap before
{Heap before GC invocations=69 (full 0):
 garbage-first heap   total 983040K, used 307438K [0x0000000700000000, 0x0000000800000000)
  region size 2048K, 7 young (14336K), 6 survivors (12288K)
 Metaspace       used 110853K, committed 112256K, reserved 1146880K
  class space    used 15117K, committed 15680K, reserved 1048576K
}
Event: 77.130 GC heap after
{Heap after GC invocations=70 (full 0):
 garbage-first heap   total 983040K, used 247708K [0x0000000700000000, 0x0000000800000000)
  region size 2048K, 6 young (12288K), 6 survivors (12288K)
 Metaspace       used 110853K, committed 112256K, reserved 1146880K
  class space    used 15117K, committed 15680K, reserved 1048576K
}
Event: 77.255 GC heap before
{Heap before GC invocations=70 (full 0):
 garbage-first heap   total 983040K, used 307100K [0x0000000700000000, 0x0000000800000000)
  region size 2048K, 7 young (14336K), 6 survivors (12288K)
 Metaspace       used 110853K, committed 112256K, reserved 1146880K
  class space    used 15117K, committed 15680K, reserved 1048576K
}
Event: 77.272 GC heap after
{Heap after GC invocations=71 (full 0):
 garbage-first heap   total 983040K, used 248121K [0x0000000700000000, 0x0000000800000000)
  region size 2048K, 6 young (12288K), 6 survivors (12288K)
 Metaspace       used 110853K, committed 112256K, reserved 1146880K
  class space    used 15117K, committed 15680K, reserved 1048576K
}
Event: 77.410 GC heap before
{Heap before GC invocations=71 (full 0):
 garbage-first heap   total 983040K, used 309561K [0x0000000700000000, 0x0000000800000000)
  region size 2048K, 7 young (14336K), 6 survivors (12288K)
 Metaspace       used 110853K, committed 112256K, reserved 1146880K
  class space    used 15117K, committed 15680K, reserved 1048576K
}
Event: 77.425 GC heap after
{Heap after GC invocations=72 (full 0):
 garbage-first heap   total 983040K, used 248042K [0x0000000700000000, 0x0000000800000000)
  region size 2048K, 6 young (12288K), 6 survivors (12288K)
 Metaspace       used 110853K, committed 112256K, reserved 1146880K
  class space    used 15117K, committed 15680K, reserved 1048576K
}
Event: 77.591 GC heap before
{Heap before GC invocations=72 (full 0):
 garbage-first heap   total 983040K, used 309482K [0x0000000700000000, 0x0000000800000000)
  region size 2048K, 7 young (14336K), 6 survivors (12288K)
 Metaspace       used 110853K, committed 112256K, reserved 1146880K
  class space    used 15117K, committed 15680K, reserved 1048576K
}

Dll operation events (2 events):
Event: 0.022 Loaded shared library C:\Program Files\Android\Android Studio\jbr\bin\java.dll
Event: 0.848 Loaded shared library C:\Program Files\Android\Android Studio\jbr\bin\verify.dll

Deoptimization events (20 events):
Event: 76.412 Thread 0x00000246925064f0 DEOPT PACKING pc=0x00000246ebee0b30 sp=0x000000e857bfd820
Event: 76.412 Thread 0x00000246925064f0 DEOPT UNPACKING pc=0x00000246f26a7143 sp=0x000000e857bfccb8 mode 0
Event: 76.412 Thread 0x00000246925064f0 DEOPT PACKING pc=0x00000246ebee19b8 sp=0x000000e857bfd7d0
Event: 76.412 Thread 0x00000246925064f0 DEOPT UNPACKING pc=0x00000246f26a7143 sp=0x000000e857bfcc50 mode 0
Event: 76.450 Thread 0x00000246925064f0 Uncommon trap: trap_request=0xffffff45 fr.pc=0x00000246f322c734 relative=0x00000000000005f4
Event: 76.450 Thread 0x00000246925064f0 Uncommon trap: reason=unstable_if action=reinterpret pc=0x00000246f322c734 method=java.util.zip.DeflaterOutputStream.deflate()V @ 19 c2
Event: 76.450 Thread 0x00000246925064f0 DEOPT PACKING pc=0x00000246f322c734 sp=0x000000e857bfdea0
Event: 76.450 Thread 0x00000246925064f0 DEOPT UNPACKING pc=0x00000246f26a69a3 sp=0x000000e857bfde98 mode 2
Event: 76.863 Thread 0x0000024692507830 Uncommon trap: trap_request=0xffffff45 fr.pc=0x00000246f356d580 relative=0x0000000000001680
Event: 76.863 Thread 0x0000024692507830 Uncommon trap: reason=unstable_if action=reinterpret pc=0x00000246f356d580 method=java.lang.ThreadLocal.get()Ljava/lang/Object; @ 11 c2
Event: 76.863 Thread 0x0000024692507830 DEOPT PACKING pc=0x00000246f356d580 sp=0x000000e857dff050
Event: 76.863 Thread 0x0000024692507830 DEOPT UNPACKING pc=0x00000246f26a69a3 sp=0x000000e857dfef08 mode 2
Event: 76.869 Thread 0x0000024692507d00 Uncommon trap: trap_request=0xffffff45 fr.pc=0x00000246f2d3f708 relative=0x00000000000006e8
Event: 76.869 Thread 0x0000024692507d00 Uncommon trap: reason=unstable_if action=reinterpret pc=0x00000246f2d3f708 method=java.lang.ThreadLocal.get()Ljava/lang/Object; @ 11 c2
Event: 76.869 Thread 0x0000024692507d00 DEOPT PACKING pc=0x00000246f2d3f708 sp=0x000000e85e9fe8c0
Event: 76.869 Thread 0x0000024692507d00 DEOPT UNPACKING pc=0x00000246f26a69a3 sp=0x000000e85e9fe820 mode 2
Event: 76.877 Thread 0x000002469250a380 Uncommon trap: trap_request=0xffffff45 fr.pc=0x00000246f2edbde4 relative=0x0000000000000224
Event: 76.877 Thread 0x000002469250a380 Uncommon trap: reason=unstable_if action=reinterpret pc=0x00000246f2edbde4 method=java.lang.ThreadLocal.get()Ljava/lang/Object; @ 11 c2
Event: 76.877 Thread 0x000002469250a380 DEOPT PACKING pc=0x00000246f2edbde4 sp=0x000000e85e8fefd0
Event: 76.877 Thread 0x000002469250a380 DEOPT UNPACKING pc=0x00000246f26a69a3 sp=0x000000e85e8fef70 mode 2

Classes unloaded (3 events):
Event: 70.479 Thread 0x00000246ffe4e640 Unloading class 0x0000000800e44c00 'java/lang/invoke/LambdaForm$DMH+0x0000000800e44c00'
Event: 70.479 Thread 0x00000246ffe4e640 Unloading class 0x0000000800e44800 'java/lang/invoke/LambdaForm$DMH+0x0000000800e44800'
Event: 70.479 Thread 0x00000246ffe4e640 Unloading class 0x0000000800e44400 'java/lang/invoke/LambdaForm$DMH+0x0000000800e44400'

Classes redefined (0 events):
No events

Internal exceptions (20 events):
Event: 67.101 Thread 0x000002468b359080 Exception <a 'java/lang/NoSuchMethodError'{0x000000070ea4b6d8}: static Lcom/android/build/api/artifact/ArtifactKind;.<clinit>()V> (0x000000070ea4b6d8) 
thrown [s\src\hotspot\share\prims\jni.cpp, line 1108]
Event: 67.616 Thread 0x000002468b359080 Exception <a 'java/lang/NoSuchMethodError'{0x00000007105007b8}: static Lcom/android/build/api/variant/BuildConfigField;.<clinit>()V> (0x00000007105007b8) 
thrown [s\src\hotspot\share\prims\jni.cpp, line 1108]
Event: 69.593 Thread 0x0000024692504810 Exception <a 'sun/nio/fs/WindowsException'{0x000000070e808df0}> (0x000000070e808df0) 
thrown [s\src\hotspot\share\prims\jni.cpp, line 517]
Event: 69.606 Thread 0x0000024692504810 Exception <a 'sun/nio/fs/WindowsException'{0x000000070e8504c0}> (0x000000070e8504c0) 
thrown [s\src\hotspot\share\prims\jni.cpp, line 517]
Event: 69.606 Thread 0x0000024692504810 Exception <a 'sun/nio/fs/WindowsException'{0x000000070e850908}> (0x000000070e850908) 
thrown [s\src\hotspot\share\prims\jni.cpp, line 517]
Event: 73.231 Thread 0x000002468b356530 Exception <a 'java/lang/NoSuchMethodError'{0x0000000718e5f3a8}: static Ljava/lang/Object;.<clinit>()V> (0x0000000718e5f3a8) 
thrown [s\src\hotspot\share\prims\jni.cpp, line 1108]
Event: 74.230 Thread 0x000002468b35ca40 Exception <a 'java/lang/NoSuchMethodError'{0x00000007174a0c70}: static [Ljava/lang/Object;.<clinit>()V> (0x00000007174a0c70) 
thrown [s\src\hotspot\share\prims\jni.cpp, line 1108]
Event: 74.242 Thread 0x000002468b35ca40 Exception <a 'java/lang/NoSuchMethodError'{0x00000007174eedb0}: static Lcom/android/build/api/variant/impl/VariantOutputImpl$SerializedForm;.<clinit>()V> (0x00000007174eedb0) 
thrown [s\src\hotspot\share\prims\jni.cpp, line 1108]
Event: 74.245 Thread 0x000002468b35ca40 Exception <a 'java/lang/NoSuchMethodError'{0x00000007175010e8}: static Lcom/android/build/api/variant/impl/VariantOutputConfigurationImpl;.<clinit>()V> (0x00000007175010e8) 
thrown [s\src\hotspot\share\prims\jni.cpp, line 1108]
Event: 74.378 Thread 0x00000246925064f0 Exception <a 'sun/nio/fs/WindowsException'{0x0000000716e1f1d0}> (0x0000000716e1f1d0) 
thrown [s\src\hotspot\share\prims\jni.cpp, line 517]
Event: 74.626 Thread 0x00000246925064f0 Exception <a 'java/lang/NoSuchMethodError'{0x00000007168cd7f0}: 'java.lang.Object java.lang.invoke.DirectMethodHandle$Holder.newInvokeSpecial(java.lang.Object, java.lang.Object, java.lang.Object, java.lang.Object, java.lang.Object, int, java.lang.Object)'> (0x00000007168cd7f0) 
thrown [s\src\hotspot\share\interpreter\linkResolver.cpp, line 771]
Event: 74.627 Thread 0x00000246925064f0 Exception <a 'java/lang/NoSuchMethodError'{0x00000007168e2938}: 'java.lang.Object java.lang.invoke.Invokers$Holder.linkToTargetMethod(java.lang.Object, java.lang.Object, java.lang.Object, java.lang.Object, int, java.lang.Object, java.lang.Object)'> (0x00000007168e2938) 
thrown [s\src\hotspot\share\interpreter\linkResolver.cpp, line 771]
Event: 74.676 Thread 0x00000246925064f0 Exception <a 'java/lang/NoSuchMethodError'{0x0000000716728ab8}: 'java.lang.Object java.lang.invoke.DirectMethodHandle$Holder.newInvokeSpecial(java.lang.Object, java.lang.Object, java.lang.Object, java.lang.Object, java.lang.Object, java.lang.Object, java.lang.Object, int)'> (0x0000000716728ab8) 
thrown [s\src\hotspot\share\interpreter\linkResolver.cpp, line 771]
Event: 74.676 Thread 0x00000246925064f0 Exception <a 'java/lang/NoSuchMethodError'{0x000000071672e068}: 'java.lang.Object java.lang.invoke.DirectMethodHandle$Holder.invokeSpecial(java.lang.Object, java.lang.Object, java.lang.Object, java.lang.Object, java.lang.Object, java.lang.Object, java.lang.Object, java.lang.Object, int)'> (0x000000071672e068) 
thrown [s\src\hotspot\share\interpreter\linkResolver.cpp, line 771]
Event: 74.677 Thread 0x00000246925064f0 Exception <a 'java/lang/NoSuchMethodError'{0x000000071674a488}: 'java.lang.Object java.lang.invoke.Invokers$Holder.linkToTargetMethod(java.lang.Object, java.lang.Object, java.lang.Object, java.lang.Object, java.lang.Object, java.lang.Object, int, java.lang.Object)'> (0x000000071674a488) 
thrown [s\src\hotspot\share\interpreter\linkResolver.cpp, line 771]
Event: 74.844 Thread 0x00000246925064f0 Implicit null exception at 0x00000246f3306a60 to 0x00000246f3306bf4
Event: 75.213 Thread 0x00000246925064f0 Exception <a 'java/lang/NoSuchMethodError'{0x00000007154d42e0}: 'java.lang.Object java.lang.invoke.Invokers$Holder.invoke_MT(java.lang.Object, java.lang.Object, java.lang.Object)'> (0x00000007154d42e0) 
thrown [s\src\hotspot\share\interpreter\linkResolver.cpp, line 771]
Event: 76.863 Thread 0x0000024692507830 Implicit null exception at 0x00000246f356bfbb to 0x00000246f356d534
Event: 76.869 Thread 0x0000024692507d00 Implicit null exception at 0x00000246f2d3f051 to 0x00000246f2d3f6f8
Event: 76.877 Thread 0x000002469250a380 Implicit null exception at 0x00000246f2edbc03 to 0x00000246f2edbdd0

VM Operations (20 events):
Event: 74.409 Executing VM operation: HandshakeAllThreads done
Event: 74.778 Executing VM operation: ICBufferFull
Event: 74.779 Executing VM operation: ICBufferFull done
Event: 75.240 Executing VM operation: G1CollectForAllocation
Event: 75.267 Executing VM operation: G1CollectForAllocation done
Event: 76.274 Executing VM operation: Cleanup
Event: 76.275 Executing VM operation: Cleanup done
Event: 76.889 Executing VM operation: G1TryInitiateConcMark
Event: 76.908 Executing VM operation: G1TryInitiateConcMark done
Event: 76.932 Executing VM operation: G1TryInitiateConcMark
Event: 76.950 Executing VM operation: G1TryInitiateConcMark done
Event: 76.955 Executing VM operation: G1TryInitiateConcMark
Event: 76.973 Executing VM operation: G1TryInitiateConcMark done
Event: 77.112 Executing VM operation: G1TryInitiateConcMark
Event: 77.132 Executing VM operation: G1TryInitiateConcMark done
Event: 77.255 Executing VM operation: G1TryInitiateConcMark
Event: 77.272 Executing VM operation: G1TryInitiateConcMark done
Event: 77.410 Executing VM operation: G1TryInitiateConcMark
Event: 77.425 Executing VM operation: G1TryInitiateConcMark done
Event: 77.591 Executing VM operation: G1TryInitiateConcMark

Events (20 events):
Event: 76.420 loading class java/nio/BufferUnderflowException
Event: 76.420 loading class java/nio/BufferUnderflowException done
Event: 76.676 Thread 0x000002468b165a80 Thread exited: 0x000002468b165a80
Event: 76.852 loading class java/nio/BufferOverflowException
Event: 76.852 loading class java/nio/BufferOverflowException done
Event: 76.855 loading class java/security/spec/MGF1ParameterSpec
Event: 76.855 loading class java/security/spec/MGF1ParameterSpec done
Event: 76.858 loading class java/util/concurrent/ForkJoinTask
Event: 76.860 loading class java/util/concurrent/ForkJoinTask done
Event: 76.860 loading class java/util/concurrent/ForkJoinTask$AdaptedRunnableAction
Event: 76.861 loading class java/util/concurrent/ForkJoinTask$AdaptedRunnableAction done
Event: 76.861 loading class java/util/concurrent/ForkJoinTask$Aux
Event: 76.861 loading class java/util/concurrent/ForkJoinTask$Aux done
Event: 76.862 loading class java/util/concurrent/ForkJoinPool$DefaultCommonPoolForkJoinWorkerThreadFactory$1
Event: 76.862 loading class java/util/concurrent/ForkJoinPool$DefaultCommonPoolForkJoinWorkerThreadFactory$1 done
Event: 76.862 Thread 0x0000024692507830 Thread added: 0x0000024692507830
Event: 76.862 loading class java/util/concurrent/CountedCompleter
Event: 76.863 Thread 0x000002469250a380 Thread added: 0x000002469250a380
Event: 76.863 loading class java/util/concurrent/CountedCompleter done
Event: 76.863 Thread 0x0000024692507d00 Thread added: 0x0000024692507d00


Dynamic libraries:
0x00007ff7fadd0000 - 0x00007ff7fadda000 	C:\Program Files\Android\Android Studio\jbr\bin\java.exe
0x00007ffe2eed0000 - 0x00007ffe2f0c8000 	C:\Windows\SYSTEM32\ntdll.dll
0x00007ffe2d240000 - 0x00007ffe2d2fd000 	C:\Windows\System32\KERNEL32.DLL
0x00007ffe2cc00000 - 0x00007ffe2cef6000 	C:\Windows\System32\KERNELBASE.dll
0x00007ffe2c9b0000 - 0x00007ffe2cab0000 	C:\Windows\System32\ucrtbase.dll
0x00007ffe1c1e0000 - 0x00007ffe1c1fb000 	C:\Program Files\Android\Android Studio\jbr\bin\VCRUNTIME140.dll
0x00007ffe1f7d0000 - 0x00007ffe1f7e7000 	C:\Program Files\Android\Android Studio\jbr\bin\jli.dll
0x00007ffe2dd40000 - 0x00007ffe2dede000 	C:\Windows\System32\USER32.dll
0x00007ffe2cbd0000 - 0x00007ffe2cbf2000 	C:\Windows\System32\win32u.dll
0x00007ffe212d0000 - 0x00007ffe2156a000 	C:\Windows\WinSxS\amd64_microsoft.windows.common-controls_6595b64144ccf1df_6.0.19041.3636_none_60b6a03d71f818d5\COMCTL32.dll
0x00007ffe2eb90000 - 0x00007ffe2ebbb000 	C:\Windows\System32\GDI32.dll
0x00007ffe2ebc0000 - 0x00007ffe2ec5e000 	C:\Windows\System32\msvcrt.dll
0x00007ffe2cab0000 - 0x00007ffe2cbc7000 	C:\Windows\System32\gdi32full.dll
0x00007ffe2c640000 - 0x00007ffe2c6dd000 	C:\Windows\System32\msvcp_win.dll
0x00007ffe2ee50000 - 0x00007ffe2ee82000 	C:\Windows\System32\IMM32.DLL
0x00007ffe270f0000 - 0x00007ffe270fc000 	C:\Program Files\Android\Android Studio\jbr\bin\vcruntime140_1.dll
0x00007ffdd3ca0000 - 0x00007ffdd3d2d000 	C:\Program Files\Android\Android Studio\jbr\bin\msvcp140.dll
0x00007ffdc5d60000 - 0x00007ffdc69ce000 	C:\Program Files\Android\Android Studio\jbr\bin\server\jvm.dll
0x00007ffe2d190000 - 0x00007ffe2d240000 	C:\Windows\System32\ADVAPI32.dll
0x00007ffe2ed90000 - 0x00007ffe2ee30000 	C:\Windows\System32\sechost.dll
0x00007ffe2ec60000 - 0x00007ffe2ed85000 	C:\Windows\System32\RPCRT4.dll
0x00007ffe2c790000 - 0x00007ffe2c7b7000 	C:\Windows\System32\bcrypt.dll
0x00007ffe26d20000 - 0x00007ffe26d29000 	C:\Windows\SYSTEM32\WSOCK32.dll
0x00007ffe12b60000 - 0x00007ffe12b87000 	C:\Windows\SYSTEM32\WINMM.dll
0x00007ffe2dee0000 - 0x00007ffe2df4b000 	C:\Windows\System32\WS2_32.dll
0x00007ffe1e060000 - 0x00007ffe1e06a000 	C:\Windows\SYSTEM32\VERSION.dll
0x00007ffe2ad80000 - 0x00007ffe2ad92000 	C:\Windows\SYSTEM32\kernel.appcore.dll
0x00007ffe25f80000 - 0x00007ffe25f8a000 	C:\Program Files\Android\Android Studio\jbr\bin\jimage.dll
0x00007ffe10010000 - 0x00007ffe101f4000 	C:\Windows\SYSTEM32\DBGHELP.DLL
0x00007ffe14070000 - 0x00007ffe140a4000 	C:\Windows\SYSTEM32\dbgcore.DLL
0x00007ffe2c7c0000 - 0x00007ffe2c842000 	C:\Windows\System32\bcryptPrimitives.dll
0x00007ffe14150000 - 0x00007ffe14175000 	C:\Program Files\Android\Android Studio\jbr\bin\java.dll
0x00007ffe1a980000 - 0x00007ffe1a998000 	C:\Program Files\Android\Android Studio\jbr\bin\zip.dll
0x00007ffe2e1b0000 - 0x00007ffe2e91b000 	C:\Windows\System32\SHELL32.dll
0x00007ffe2a500000 - 0x00007ffe2ac9e000 	C:\Windows\SYSTEM32\windows.storage.dll
0x00007ffe2d9e0000 - 0x00007ffe2dd33000 	C:\Windows\System32\combase.dll
0x00007ffe2be00000 - 0x00007ffe2be2e000 	C:\Windows\SYSTEM32\Wldp.dll
0x00007ffe2d770000 - 0x00007ffe2d83d000 	C:\Windows\System32\OLEAUT32.dll
0x00007ffe2df60000 - 0x00007ffe2e00d000 	C:\Windows\System32\SHCORE.dll
0x00007ffe2e980000 - 0x00007ffe2e9d5000 	C:\Windows\System32\shlwapi.dll
0x00007ffe2c4b0000 - 0x00007ffe2c4d5000 	C:\Windows\SYSTEM32\profapi.dll
0x00007ffe13550000 - 0x00007ffe13569000 	C:\Program Files\Android\Android Studio\jbr\bin\net.dll
0x00007ffe251e0000 - 0x00007ffe252ea000 	C:\Windows\SYSTEM32\WINHTTP.dll
0x00007ffe2bbe0000 - 0x00007ffe2bc4a000 	C:\Windows\system32\mswsock.dll
0x00007ffe13390000 - 0x00007ffe133a6000 	C:\Program Files\Android\Android Studio\jbr\bin\nio.dll
0x00007ffe26f90000 - 0x00007ffe26fa0000 	C:\Program Files\Android\Android Studio\jbr\bin\verify.dll
0x00007ffe20660000 - 0x00007ffe20687000 	C:\Users\ALI_S\.gradle\native\e1d6ef7f7dcc3fd88c89a11ec53ec762bb8ba0a96d01ffa2cd45eb1d1d8dd5c5\windows-amd64\native-platform.dll
0x00007ffddea80000 - 0x00007ffddebc4000 	C:\Users\ALI_S\.gradle\native\0d407fdbe67a94daf76414ababcb853783967236a71b16ec16e742cd7a986fd3\windows-amd64\native-platform-file-events.dll
0x00007ffe24300000 - 0x00007ffe24309000 	C:\Program Files\Android\Android Studio\jbr\bin\management.dll
0x00007ffe222b0000 - 0x00007ffe222bb000 	C:\Program Files\Android\Android Studio\jbr\bin\management_ext.dll
0x00007ffe2d8a0000 - 0x00007ffe2d8a8000 	C:\Windows\System32\PSAPI.DLL
0x00007ffe2c150000 - 0x00007ffe2c168000 	C:\Windows\SYSTEM32\CRYPTSP.dll
0x00007ffe2b530000 - 0x00007ffe2b564000 	C:\Windows\system32\rsaenh.dll
0x00007ffe2c430000 - 0x00007ffe2c45e000 	C:\Windows\SYSTEM32\USERENV.dll
0x00007ffe2bd70000 - 0x00007ffe2bd7c000 	C:\Windows\SYSTEM32\CRYPTBASE.dll
0x00007ffe2b8f0000 - 0x00007ffe2b92b000 	C:\Windows\SYSTEM32\IPHLPAPI.DLL
0x00007ffe2e010000 - 0x00007ffe2e018000 	C:\Windows\System32\NSI.dll
0x00007ffe26020000 - 0x00007ffe26037000 	C:\Windows\SYSTEM32\dhcpcsvc6.DLL
0x00007ffe26000000 - 0x00007ffe2601d000 	C:\Windows\SYSTEM32\dhcpcsvc.DLL
0x00007ffe2b930000 - 0x00007ffe2b9fb000 	C:\Windows\SYSTEM32\DNSAPI.dll
0x00007ffe1e3c0000 - 0x00007ffe1e3c7000 	C:\Windows\system32\wshunix.dll

dbghelp: loaded successfully - version: 4.0.5 - missing functions: none
symbol engine: initialized successfully - sym options: 0x614 - pdb path: .;C:\Program Files\Android\Android Studio\jbr\bin;C:\Windows\SYSTEM32;C:\Windows\WinSxS\amd64_microsoft.windows.common-controls_6595b64144ccf1df_6.0.19041.3636_none_60b6a03d71f818d5;C:\Program Files\Android\Android Studio\jbr\bin\server;C:\Users\ALI_S\.gradle\native\e1d6ef7f7dcc3fd88c89a11ec53ec762bb8ba0a96d01ffa2cd45eb1d1d8dd5c5\windows-amd64;C:\Users\ALI_S\.gradle\native\0d407fdbe67a94daf76414ababcb853783967236a71b16ec16e742cd7a986fd3\windows-amd64

VM Arguments:
jvm_args: --add-opens=java.base/java.util=ALL-UNNAMED --add-opens=java.base/java.lang=ALL-UNNAMED --add-opens=java.base/java.lang.invoke=ALL-UNNAMED --add-opens=java.base/java.util=ALL-UNNAMED --add-opens=java.prefs/java.util.prefs=ALL-UNNAMED --add-opens=java.prefs/java.util.prefs=ALL-UNNAMED --add-opens=java.base/java.nio.charset=ALL-UNNAMED --add-opens=java.base/java.net=ALL-UNNAMED --add-opens=java.base/java.util.concurrent.atomic=ALL-UNNAMED -Xmx4G -Dfile.encoding=windows-1252 -Duser.country=US -Duser.language=en -Duser.variant 
java_command: org.gradle.launcher.daemon.bootstrap.GradleDaemon 7.5
java_class_path (initial): C:\Users\ALI_S\.gradle\wrapper\dists\gradle-7.5-all\6qsw290k5lz422uaf8jf6m7co\gradle-7.5\lib\gradle-launcher-7.5.jar
Launcher Type: SUN_STANDARD

[Global flags]
     intx CICompilerCount                          = 3                                         {product} {ergonomic}
     uint ConcGCThreads                            = 1                                         {product} {ergonomic}
     uint G1ConcRefinementThreads                  = 4                                         {product} {ergonomic}
   size_t G1HeapRegionSize                         = 2097152                                   {product} {ergonomic}
    uintx GCDrainStackTargetSize                   = 64                                        {product} {ergonomic}
   size_t InitialHeapSize                          = 134217728                                 {product} {ergonomic}
   size_t MarkStackSize                            = 4194304                                   {product} {ergonomic}
   size_t MaxHeapSize                              = 4294967296                                {product} {command line}
   size_t MaxNewSize                               = 2575302656                                {product} {ergonomic}
   size_t MinHeapDeltaBytes                        = 2097152                                   {product} {ergonomic}
   size_t MinHeapSize                              = 8388608                                   {product} {ergonomic}
    uintx NonNMethodCodeHeapSize                   = 5832780                                {pd product} {ergonomic}
    uintx NonProfiledCodeHeapSize                  = 122912730                              {pd product} {ergonomic}
    uintx ProfiledCodeHeapSize                     = 122912730                              {pd product} {ergonomic}
    uintx ReservedCodeCacheSize                    = 251658240                              {pd product} {ergonomic}
     bool SegmentedCodeCache                       = true                                      {product} {ergonomic}
   size_t SoftMaxHeapSize                          = 4294967296                             {manageable} {ergonomic}
     bool UseCompressedClassPointers               = true                           {product lp64_product} {ergonomic}
     bool UseCompressedOops                        = true                           {product lp64_product} {ergonomic}
     bool UseG1GC                                  = true                                      {product} {ergonomic}
     bool UseLargePagesIndividualAllocation        = false                                  {pd product} {ergonomic}

Logging:
Log output configuration:
 #0: stdout all=warning uptime,level,tags
 #1: stderr all=off uptime,level,tags

Environment Variables:
JAVA_HOME=C:\Program Files\Android\Android Studio\jbr
CLASSPATH=C:\development\flutter_app\mukawwin_3\android\\gradle\wrapper\gradle-wrapper.jar
PATH=C:\Program Files\Android\Android Studio\jbr\bin;C:\Program Files\Common Files\Oracle\Java\javapath;C:\Program Files (x86)\VMware\VMware Player\bin\;C:\Windows\system32;C:\Windows;C:\Windows\System32\Wbem;C:\Windows\System32\WindowsPowerShell\v1.0\;C:\Windows\System32\OpenSSH\;C:\Program Files\Git\cmd;C:\Program Files\MATLAB\R2017a\runtime\win64;C:\Program Files\MATLAB\R2017a\bin;C:\Program Files\nodejs\;C:\Program Files\Microsoft SQL Server\110\Tools\Binn\;c:\Program Files (x86)\Microsoft SQL Server\90\Tools\binn\;C:\Visual8\Common7\IDE;C:\Visual8\VC\bin;C:\Visual8\Common7\Tools;C:\Visual8\Common7\Tools\Bin;C:\Visual8\VC\PlatformSDK\Bin;C:\Visual8\SDK\v2.0\Bin;C:\Windows\Microsoft.NET\Framework\v2.0.50727;C:\Visual8\VC\vcpackages;C:\Opnet\14.5.A\bin;C:\Program Files\Java\jdk1.8.0_65\bin;C:\Users\ALI_S\AppData\Local\Microsoft\WindowsApps;C:\development\flutter\bin;C:\Users\ALI_S\AppData\Local\Programs\Microsoft VS Code\bin;C:\development\flutter\bin\mingit\cmd;C:\development\flutter\bin\mingit\cmd
USERNAME=ALI_S
LIBPATH=C:\Windows\Microsoft.NET\Framework\v2.0.50727;C:\Visual8\VC\ATLMFC\LIB;
OS=Windows_NT
PROCESSOR_IDENTIFIER=Intel64 Family 6 Model 58 Stepping 9, GenuineIntel
TMP=C:\Users\ALI_S\AppData\Local\Temp
TEMP=C:\Users\ALI_S\AppData\Local\Temp


JNI global refs:
JNI global refs: 25, weak refs: 0

JNI global refs memory usage: 843, weak refs: 841


---------------  S Y S T E M  ---------------

OS:
 Windows 10 , 64 bit Build 19041 (10.0.19041.3636)
OS uptime: 2 days 23:07 hours
Hyper-V role detected

CPU: total 4 (initial active 4) (2 cores per cpu, 2 threads per core) family 6 model 58 stepping 9 microcode 0x21, cx8, cmov, fxsr, ht, mmx, sse, sse2, sse3, ssse3, sse4.1, sse4.2, popcnt, tsc, tscinvbit, avx, aes, erms, clmul, vzeroupper, clflush, hv

Memory: 4k page, system-wide physical 8094M (451M free)
TotalPageFile size 11711M (AvailPageFile size 7M)
current process WorkingSet (physical memory assigned to process): 830M, peak: 830M
current process commit charge ("private bytes"): 1361M, peak: 2421M

vm_info: OpenJDK 64-Bit Server VM (17.0.6+0-b2043.56-10027231) for windows-amd64 JRE (17.0.6+0-b2043.56-10027231), built on Apr 28 2023 00:43:19 by "androidbuild" with MS VC++ 16.10 / 16.11 (VS2019)

END.
